date,IBM,高通
2006-01-06,43.26089096069336,29.663005828857422
2006-01-13,42.35441970825195,30.464698791503906
2006-01-20,41.43269729614258,29.41246223449707
2006-01-27,41.25954055786133,30.076379776000977
2006-02-03,40.72482681274414,28.861299514770508
2006-02-10,41.521419525146484,29.22457504272461
2006-02-17,41.204872131347656,30.25800895690918
2006-02-24,40.893455505371094,29.613317489624023
2006-03-03,40.82197189331055,29.889429092407227
2006-03-10,41.643943786621094,30.121604919433594
2006-03-17,42.52714920043945,31.8598690032959
2006-03-24,42.557769775390625,30.96876335144043
2006-03-31,42.103389739990234,31.759471893310547
2006-04-07,42.10850524902344,32.606651306152344
2006-04-13,41.85325622558594,32.30541229248047
2006-04-21,41.68988037109375,32.248939514160156
2006-04-28,42.03702926635742,32.21755599975586
2006-05-05,42.51694107055664,32.983158111572266
2006-05-12,42.21461868286133,30.74285888671875
2006-05-19,41.13351821899414,29.537988662719727
2006-05-26,41.37434768676758,28.961938858032227
2006-06-02,40.744117736816406,29.572265625
2006-06-09,39.775726318359375,27.332326889038086
2006-06-16,39.93968200683594,27.653223037719727
2006-06-23,39.50417709350586,24.853294372558594
2006-06-30,39.36070251464844,25.211946487426758
2006-07-07,39.15574645996094,23.909496307373047
2006-07-14,37.69550323486328,22.8839054107666
2006-07-21,38.3564567565918,21.66954803466797
2006-07-28,39.432430267333984,22.51897430419922
2006-08-04,38.894432067871094,22.21695327758789
2006-08-11,38.82836151123047,20.95855712890625
2006-08-18,41.102108001708984,23.48163604736328
2006-08-25,41.091800689697266,23.594877243041992
2006-09-01,41.878875732421875,24.2071590423584
2006-09-08,41.493045806884766,23.064653396606445
2006-09-15,42.66591262817383,23.23508644104004
2006-09-22,41.77597427368164,23.89786720275879
2006-09-29,42.15153503417969,22.94472312927246
2006-10-06,42.768821716308594,22.95734977722168
2006-10-13,44.28120040893555,25.14767074584961
2006-10-20,46.54466247558594,23.93572998046875
2006-10-27,46.68867874145508,23.443384170532227
2006-11-03,47.023067474365234,23.02047348022461
2006-11-10,47.356300354003906,22.244064331054688
2006-11-17,48.41427230834961,23.752676010131836
2006-11-24,48.176856994628906,23.721118927001953
2006-12-01,47.093082427978516,22.94472312927246
2006-12-08,48.4400634765625,25.038421630859375
2006-12-15,49.183265686035156,25.013093948364258
2006-12-22,49.157440185546875,23.94291114807129
2006-12-29,50.137996673583984,23.930252075195312
2007-01-05,50.27734375,24.50016975402832
2007-01-12,51.26825714111328,25.089088439941406
2007-01-19,49.63224411010742,24.61415672302246
2007-01-26,50.292823791503906,23.752944946289062
2007-02-02,51.18049621582031,23.55030632019043
2007-02-09,51.01380157470703,24.259531021118164
2007-02-16,51.2415657043457,26.91914939880371
2007-02-23,50.58932876586914,27.45743179321289
2007-03-02,47.05382537841797,25.075191497802734
2007-03-09,48.285804748535156,25.500732421875
2007-03-16,48.2702751159668,27.742752075195312
2007-03-23,49.191680908203125,27.03775405883789
2007-03-30,48.793113708496094,27.094932556152344
2007-04-05,49.962974548339844,27.501415252685547
2007-04-13,49.139923095703125,27.025060653686523
2007-04-20,48.95876693725586,27.590322494506836
2007-04-27,52.3700065612793,28.346153259277344
2007-05-04,53.296630859375,28.0095157623291
2007-05-11,55.07342529296875,28.492216110229492
2007-05-18,56.11794662475586,28.71452522277832
2007-05-25,54.65773391723633,27.533172607421875
2007-06-01,55.364444732666016,27.250947952270508
2007-06-08,53.561222076416016,26.677520751953125
2007-06-15,54.6109504699707,27.161746978759766
2007-06-22,54.273155212402344,27.391115188598633
2007-06-29,54.694091796875,27.6459903717041
2007-07-06,56.658416748046875,27.76704978942871
2007-07-13,56.43494415283203,28.894792556762695
2007-07-20,59.6619987487793,27.397493362426758
2007-07-27,60.08292770385742,26.55008316040039
2007-08-03,58.14461898803711,25.97664451599121
2007-08-10,58.74131774902344,24.141653060913086
2007-08-17,57.83392333984375,23.918643951416016
2007-08-24,59.05421447753906,24.358278274536133
2007-08-31,60.853370666503906,25.510257720947266
2007-09-07,60.25889205932617,24.23123550415039
2007-09-14,60.03985595703125,25.21609115600586
2007-09-21,60.900291442871094,26.11140251159668
2007-09-28,61.43225860595703,27.02590560913086
2007-10-05,60.650001525878906,27.729385375976562
2007-10-12,61.43748474121094,26.961957931518555
2007-10-19,58.55358123779297,25.77885627746582
2007-10-26,59.30975341796875,26.43117904663086
2007-11-02,59.758216857910156,26.437551498413086
2007-11-09,52.46543884277344,24.36553382873535
2007-11-16,54.8414306640625,26.450353622436523
2007-11-23,54.45414733886719,25.9195556640625
2007-11-30,55.04551696777344,26.07943344116211
2007-12-07,56.971435546875,25.74892807006836
2007-12-14,55.354270935058594,25.273996353149414
2007-12-21,58.11756896972656,25.64625358581543
2007-12-28,57.61515426635742,25.39595603942871
2008-01-04,52.92596435546875,23.76578140258789
2008-01-11,51.11519241333008,24.792646408081055
2008-01-18,54.11396789550781,24.61294937133789
2008-01-25,54.700111389160156,25.671916961669922
2008-02-01,57.0865592956543,27.083877563476562
2008-02-08,54.25255584716797,26.90416145324707
2008-02-15,55.77080535888672,27.083877563476562
2008-02-22,56.77423095703125,27.898963928222656
2008-02-29,59.81599807739258,27.29337501525879
2008-03-07,59.85800552368164,25.909074783325195
2008-03-14,60.53572463989258,25.258760452270508
2008-03-20,62.1642951965332,24.640657424926758
2008-03-28,60.18898010253906,25.844684600830078
2008-04-04,60.81415939331055,27.074460983276367
2008-04-11,60.940216064453125,26.655948638916016
2008-04-18,65.35313415527344,27.39638900756836
2008-04-25,64.65968322753906,27.840667724609375
2008-05-02,64.71218872070312,28.542478561401367
2008-05-09,65.44095611572266,28.14969825744629
2008-05-16,67.4243392944336,30.197206497192383
2008-05-23,65.51480865478516,30.750925064086914
2008-05-30,68.2735824584961,31.355838775634766
2008-06-06,65.90513610839844,30.451475143432617
2008-06-13,66.54338073730469,32.29250717163086
2008-06-20,64.74462127685547,31.349369049072266
2008-06-27,63.32571029663086,29.48896598815918
2008-07-03,63.056644439697266,29.10136604309082
2008-07-11,64.41759490966797,31.220186233520508
2008-07-18,68.51622772216797,29.191810607910156
2008-07-25,67.798828125,35.17357635498047
2008-08-01,66.80186462402344,35.832481384277344
2008-08-08,68.21122741699219,36.08440017700195
2008-08-15,66.91378021240234,36.41385269165039
2008-08-22,66.15654754638672,35.793704986572266
2008-08-29,64.46197509765625,34.11283874511719
2008-09-05,60.54330825805664,30.886213302612305
2008-09-12,63.00041961669922,31.04817771911621
2008-09-19,62.93689727783203,31.579484939575195
2008-09-26,63.23872756958008,29.700517654418945
2008-10-03,54.77654266357422,26.480369567871094
2008-10-10,46.46791458129883,25.25581169128418
2008-10-17,48.07246017456055,25.75470542907715
2008-10-24,43.4600715637207,22.670623779296875
2008-10-31,49.23213577270508,24.7893123626709
2008-11-07,45.939579010009766,23.104724884033203
2008-11-14,42.776466369628906,21.342388153076172
2008-11-21,39.8742790222168,19.54765510559082
2008-11-28,43.4527473449707,21.750572204589844
2008-12-05,42.914913177490234,20.668550491333008
2008-12-12,43.772254943847656,22.08272933959961
2008-12-19,44.47518539428711,22.805356979370117
2008-12-26,43.30896759033203,22.414749145507812
2009-01-02,46.52533721923828,24.12042808532715
2009-01-09,45.103546142578125,22.785831451416016
2009-01-16,45.22069549560547,23.44986915588379
2009-01-23,47.65424728393555,23.807924270629883
2009-01-30,48.80447769165039,22.49287223815918
2009-02-06,51.473941802978516,23.645174026489258
2009-02-13,50.242530822753906,23.228513717651367
2009-02-20,47.53868865966797,22.180370330810547
2009-02-27,49.27342224121094,21.865156173706055
2009-03-06,45.94319534301758,21.99596405029297
2009-03-13,48.37928771972656,24.036623001098633
2009-03-20,49.530433654785156,24.2393798828125
2009-03-27,50.40847396850586,25.469009399414062
2009-04-03,54.72919464111328,26.940643310546875
2009-04-09,54.45081329345703,27.241504669189453
2009-04-17,54.2205696105957,26.80329704284668
2009-04-24,53.583438873291016,27.051830291748047
2009-05-01,56.00883483886719,27.902101516723633
2009-05-08,54.6221923828125,27.333078384399414
2009-05-15,54.55760955810547,26.63323211669922
2009-05-22,54.83745574951172,27.019126892089844
2009-05-29,57.20017623901367,28.622787475585938
2009-06-05,57.71683883666992,29.811288833618164
2009-06-12,58.23890686035156,30.23811149597168
2009-06-19,56.99028778076172,30.205265045166016
2009-06-26,56.87724685668945,30.330039978027344
2009-07-02,54.751346588134766,29.33850860595703
2009-07-10,54.2669677734375,28.5242919921875
2009-07-17,62.11933517456055,31.124555587768555
2009-07-24,63.31416320800781,31.09173583984375
2009-07-31,63.470218658447266,30.343158721923828
2009-08-07,64.52327728271484,30.185564041137695
2009-08-14,64.1123046875,30.29063606262207
2009-08-21,64.83148193359375,31.052335739135742
2009-08-28,63.92308044433594,31.11894989013672
2009-09-04,63.51214599609375,30.13041877746582
2009-09-11,63.83116149902344,30.716941833496094
2009-09-18,66.02645874023438,29.30005645751953
2009-09-25,65.46952056884766,29.458229064941406
2009-10-02,64.35567474365234,27.309804916381836
2009-10-09,68.09197998046875,27.481159210205078
2009-10-16,65.7723159790039,27.652503967285156
2009-10-23,65.08020782470703,26.822124481201172
2009-10-30,65.21541595458984,27.237327575683594
2009-11-06,67.07231903076172,28.93100929260254
2009-11-13,68.99502563476562,30.163373947143555
2009-11-20,68.9570083618164,29.721837997436523
2009-11-27,68.27265167236328,29.761518478393555
2009-12-04,69.11450958251953,29.873981475830078
2009-12-11,70.43437194824219,29.70198631286621
2009-12-18,69.47297668457031,29.483678817749023
2009-12-24,70.91773223876953,30.49580955505371
2009-12-31,71.09697723388672,30.60165023803711
2010-01-08,71.06982421875,32.72509765625
2010-01-15,71.57496643066406,32.1032829284668
2010-01-22,68.16403198242188,30.94563102722168
2010-01-29,66.4748764038086,25.924741744995117
2010-02-05,67.0886001586914,25.163997650146484
2010-02-12,67.65054321289062,25.693212509155273
2010-02-19,69.39089965820312,26.189342498779297
2010-02-26,69.37454986572266,24.371843338012695
2010-03-05,69.42363739013672,25.753887176513672
2010-03-12,69.80009460449219,25.8801326751709
2010-03-19,69.67459106445312,26.611026763916016
2010-03-26,70.52024841308594,27.793724060058594
2010-04-01,69.96918487548828,28.08609390258789
2010-04-09,70.2474365234375,28.01964569091797
2010-04-16,71.26766204833984,28.398366928100586
2010-04-23,70.91849517822266,25.41501808166504
2010-04-30,70.37840270996094,25.700729370117188
2010-05-07,66.9554214477539,24.25224494934082
2010-05-14,71.94004821777344,24.78379249572754
2010-05-21,68.77599334716797,23.846933364868164
2010-05-28,68.68822479248047,23.75440216064453
2010-06-04,68.69921875,23.580720901489258
2010-06-11,70.4375228881836,23.62079620361328
2010-06-18,71.36976623535156,23.84123420715332
2010-06-25,69.70820617675781,23.09307861328125
2010-07-02,66.82378387451172,21.623456954956055
2010-07-09,70.16883850097656,22.65218734741211
2010-07-16,70.20722198486328,24.021615982055664
2010-07-23,70.39911651611328,26.10579490661621
2010-07-30,70.4101333618164,25.437789916992188
2010-08-06,71.71788024902344,25.81855010986328
2010-08-13,70.46694946289062,25.350942611694336
2010-08-20,70.26302337646484,25.992233276367188
2010-08-27,68.73652648925781,25.941436767578125
2010-09-03,70.3071060180664,27.109617233276367
2010-09-10,70.53304290771484,27.13646125793457
2010-09-17,71.74542999267578,28.55304527282715
2010-09-24,73.90567016601562,29.909194946289062
2010-10-01,74.7488784790039,29.714508056640625
2010-10-08,76.51781463623047,30.050172805786133
2010-10-15,77.73568725585938,30.070323944091797
2010-10-22,76.9697036743164,29.66080093383789
2010-10-29,79.13543701171875,30.318727493286133
2010-11-05,80.96505737304688,32.446964263916016
2010-11-12,79.56461334228516,31.86958122253418
2010-11-19,80.28974151611328,32.19854736328125
2010-11-26,79.65318298339844,32.151371002197266
2010-12-03,80.47238159179688,32.90627670288086
2010-12-10,80.16244506835938,33.35113525390625
2010-12-17,80.2620849609375,33.33766174316406
2010-12-23,80.75466918945312,33.324188232421875
2010-12-31,81.2363052368164,33.35786437988281
2011-01-07,81.88388061523438,34.86771774291992
2011-01-14,83.02973175048828,35.0766487121582
2011-01-21,86.07418823242188,34.537437438964844
2011-01-28,88.12773895263672,36.22252655029297
2011-02-04,90.77913665771484,37.22681427001953
2011-02-11,91.05520629882812,38.824283599853516
2011-02-18,91.6053466796875,39.895992279052734
2011-02-25,90.1827392578125,39.911617279052734
2011-03-04,89.93265533447266,39.323299407958984
2011-03-11,90.2660903930664,36.2531623840332
2011-03-18,86.6316909790039,34.96831130981445
2011-03-25,90.12715148925781,35.671607971191406
2011-04-01,91.28861999511719,36.8347282409668
2011-04-08,91.1663589477539,36.26668930053711
2011-04-15,92.3667221069336,35.935333251953125
2011-04-21,93.51705932617188,38.50503921508789
2011-04-29,94.79524230957031,38.60647201538086
2011-05-06,94.27582550048828,38.25483703613281
2011-05-13,94.85076141357422,38.62675476074219
2011-05-20,94.98472595214844,38.80259704589844
2011-05-27,93.49988555908203,38.930938720703125
2011-06-03,92.13226318359375,38.72050094604492
2011-06-10,91.08841705322266,37.06415939331055
2011-06-17,91.791748046875,35.767581939697266
2011-06-24,92.1434326171875,36.785831451416016
2011-07-01,97.42967987060547,39.29072570800781
2011-07-08,98.51815795898438,40.2953987121582
2011-07-15,97.98783874511719,37.30854797363281
2011-07-22,103.36903381347656,39.00560760498047
2011-07-29,101.51016998291016,37.18635559082031
2011-08-05,96.55887603759766,34.63394546508789
2011-08-12,94.29945373535156,34.28095245361328
2011-08-19,88.32308959960938,31.579204559326172
2011-08-26,94.82649993896484,33.37127685546875
2011-09-02,93.61551666259766,33.87586212158203
2011-09-09,90.47032165527344,34.366825103759766
2011-09-16,96.98497009277344,36.73294448852539
2011-09-23,94.93863677978516,34.29180908203125
2011-09-30,98.0389404296875,33.159881591796875
2011-10-07,102.25497436523438,34.25088119506836
2011-10-14,106.81855773925781,37.489830017089844
2011-10-21,101.82884979248047,35.471458435058594
2011-10-28,105.09178924560547,36.29653549194336
2011-11-04,104.49189758300781,38.52627944946289
2011-11-11,105.47484588623047,38.608116149902344
2011-11-18,104.27023315429688,37.9603271484375
2011-11-25,99.66580963134766,35.49945831298828
2011-12-02,106.75824737548828,37.19708251953125
2011-12-09,109.51641845703125,37.772090911865234
2011-12-16,103.33023071289062,36.01285171508789
2011-12-23,103.99443054199219,37.395606994628906
2011-12-30,103.50469970703125,37.443504333496094
2012-01-06,102.75042724609375,38.44291687011719
2012-01-13,100.84784698486328,38.703033447265625
2012-01-20,106.11656951904297,39.51762390136719
2012-01-27,107.20854949951172,39.558685302734375
2012-02-03,108.9985580444336,41.79709243774414
2012-02-10,108.73358154296875,42.255706787109375
2012-02-17,109.29869079589844,42.79648971557617
2012-02-24,111.75114440917969,43.42625427246094
2012-03-02,112.344482421875,42.88197708129883
2012-03-09,113.3672866821289,43.91230010986328
2012-03-16,116.41310119628906,44.92887878417969
2012-03-23,116.11360168457031,45.801212310791016
2012-03-30,117.9049301147461,46.74912643432617
2012-04-05,116.1079330444336,46.151519775390625
2012-04-13,114.59918975830078,45.794334411621094
2012-04-20,112.79088592529297,42.758338928222656
2012-04-27,116.86519622802734,44.084014892578125
2012-05-04,115.8366928100586,42.52479553222656
2012-05-11,114.15432739257812,42.49045181274414
2012-05-18,111.15251159667969,38.45159149169922
2012-05-25,110.25588989257812,39.372013092041016
2012-06-01,107.29379272460938,38.023677825927734
2012-06-08,110.73258209228516,40.53466796875
2012-06-15,112.97968292236328,38.97564697265625
2012-06-22,109.91545867919922,38.382389068603516
2012-06-29,110.98226928710938,38.40998840332031
2012-07-06,108.61599731445312,38.15474319458008
2012-07-13,105.55177307128906,37.927093505859375
2012-07-20,109.2061538696289,39.78964614868164
2012-07-27,111.44192504882812,40.93476486206055
2012-08-03,112.65057373046875,41.555633544921875
2012-08-10,113.57035064697266,42.755943298339844
2012-08-17,114.67020416259766,43.659637451171875
2012-08-24,112.7042007446289,43.066368103027344
2012-08-31,111.04012298583984,42.3972282409668
2012-09-07,113.69003295898438,42.89780807495117
2012-09-14,117.85584259033203,44.94123077392578
2012-09-21,117.38279724121094,44.51866912841797
2012-09-28,118.22054290771484,43.27185821533203
2012-10-05,120.00991821289062,43.38961410522461
2012-10-12,118.41996765136719,40.79206848144531
2012-10-19,110.19097137451172,40.695068359375
2012-10-26,110.13969421386719,40.89595031738281
2012-11-02,110.23085021972656,41.07606506347656
2012-11-09,108.54402923583984,42.68307876586914
2012-11-16,106.99864196777344,42.89780807495117
2012-11-23,110.74762725830078,43.729034423828125
2012-11-30,108.79015350341797,44.06843948364258
2012-12-07,109.86620330810547,44.40961456298828
2012-12-14,109.75746154785156,41.60704040527344
2012-12-21,110.70760345458984,42.844905853271484
2012-12-28,108.65275573730469,42.17034149169922
2013-01-04,111.03385162353516,44.15925979614258
2013-01-11,111.29712677001953,45.13283920288086
2013-01-18,111.30854034423828,44.97985076904297
2013-01-25,117.31842803955078,44.27052688598633
2013-02-01,117.43865966796875,46.40546417236328
2013-02-08,115.9212417602539,46.5584602355957
2013-02-15,115.51886749267578,45.50141525268555
2013-02-22,115.58214569091797,45.16067886352539
2013-03-01,116.62824249267578,46.106441497802734
2013-03-08,120.92179107666016,46.520931243896484
2013-03-15,123.53128051757812,45.348323822021484
2013-03-22,121.8989028930664,46.01140594482422
2013-03-28,122.60015106201172,46.72337341308594
2013-04-05,120.36429595947266,45.48093795776367
2013-04-12,121.49658203125,46.54188919067383
2013-04-19,109.20781707763672,44.622406005859375
2013-04-26,111.68512725830078,42.94027328491211
2013-05-03,117.5478286743164,44.51074981689453
2013-05-10,118.07574462890625,45.117984771728516
2013-05-17,120.3682861328125,46.493019104003906
2013-05-24,118.79756164550781,44.852752685546875
2013-05-31,120.125732421875,44.30832290649414
2013-06-07,119.16136932373047,43.58540725708008
2013-06-14,116.7648696899414,43.0800666809082
2013-06-21,112.87269592285156,42.58174514770508
2013-06-28,110.36070251464844,42.87653732299805
2013-07-05,112.56664276123047,42.77826690673828
2013-07-12,110.9150619506836,43.529258728027344
2013-07-19,111.76395416259766,43.13621139526367
2013-07-26,113.96411895751953,45.347076416015625
2013-08-02,112.69942474365234,46.849056243896484
2013-08-09,109.00297546386719,46.51214599609375
2013-08-16,107.56372833251953,46.95432662963867
2013-08-23,107.6101303100586,47.129791259765625
2013-08-30,105.78196716308594,46.764522552490234
2013-09-06,106.22309875488281,47.992191314697266
2013-09-13,111.52751922607422,48.3873176574707
2013-09-20,110.27977752685547,48.725982666015625
2013-09-27,108.48070526123047,47.5406379699707
2013-10-04,106.84406280517578,47.992191314697266
2013-10-11,108.0395736694336,47.66059494018555
2013-10-18,100.85478973388672,48.26032638549805
2013-10-25,102.63648986816406,48.16858673095703
2013-11-01,104.0177001953125,49.318641662597656
2013-11-08,105.01976013183594,47.590030670166016
2013-11-15,106.8868637084961,50.92026901245117
2013-11-22,105.78416442871094,51.477684020996094
2013-11-29,104.83888244628906,52.16298294067383
2013-12-06,103.66610717773438,52.29061508178711
2013-12-13,100.82455444335938,51.454078674316406
2013-12-20,105.0372543334961,51.68803405761719
2013-12-27,107.98965454101562,52.31898880004883
2014-01-03,108.89985656738281,51.67383575439453
2014-01-10,109.2616195678711,52.368595123291016
2014-01-17,110.91285705566406,52.97829055786133
2014-01-24,104.81556701660156,52.5174674987793
2014-01-31,103.08847045898438,52.61670684814453
2014-02-07,103.98800659179688,52.751426696777344
2014-02-14,107.76618194580078,54.07711410522461
2014-02-21,107.23816680908203,53.602134704589844
2014-02-28,108.63445281982422,53.37527084350586
2014-03-07,110.10699462890625,54.69292068481445
2014-03-14,106.8979263305664,53.232826232910156
2014-03-21,109.51447296142578,55.690059661865234
2014-03-28,111.73211669921875,56.46638870239258
2014-04-04,112.50650024414062,55.93222427368164
2014-04-11,114.5129623413086,55.561859130859375
2014-04-17,111.47396850585938,57.91938781738281
2014-04-25,111.25100708007812,55.27695083618164
2014-05-02,112.31295776367188,56.25984191894531
2014-05-09,112.164306640625,56.62308120727539
2014-05-16,110.38223266601562,56.56610870361328
2014-05-23,109.7213363647461,56.89374542236328
2014-05-30,108.78900146484375,57.29970169067383
2014-06-06,109.97508239746094,57.5503044128418
2014-06-13,107.72682189941406,56.641029357910156
2014-06-20,107.13085174560547,57.1779899597168
2014-06-27,107.22528076171875,56.55509567260742
2014-07-03,111.24969482421875,57.98704147338867
2014-07-11,110.93693542480469,56.99185562133789
2014-07-18,113.59237670898438,56.841495513916016
2014-07-25,114.7134780883789,54.485904693603516
2014-08-01,111.61553955078125,51.94420623779297
2014-08-08,110.77980041503906,52.896453857421875
2014-08-15,111.22496032714844,53.275936126708984
2014-08-22,113.0235595703125,55.001441955566406
2014-08-29,114.14540100097656,54.78732681274414
2014-09-05,113.4924545288086,54.57856750488281
2014-09-12,113.53996276855469,54.233001708984375
2014-09-19,115.15447235107422,54.376991271972656
2014-09-26,112.8157958984375,54.038604736328125
2014-10-03,111.99072265625,53.89461135864258
2014-10-10,110.36428833007812,51.274044036865234
2014-10-17,108.06124877929688,52.14516067504883
2014-10-24,96.20744323730469,54.71535873413086
2014-10-31,97.58451080322266,56.52239990234375
2014-11-07,96.85989379882812,49.86296463012695
2014-11-14,98.10897827148438,51.00765609741211
2014-11-21,96.17257690429688,51.45402908325195
2014-11-28,96.91967010498047,52.79035186767578
2014-12-05,97.57708740234375,53.13068771362305
2014-12-12,92.8616943359375,51.110313415527344
2014-12-19,94.7322769165039,53.17414093017578
2014-12-26,97.02129364013672,54.76003646850586
2015-01-02,96.85394287109375,53.789642333984375
2015-01-09,95.09088134765625,53.891014099121094
2015-01-16,93.91354370117188,51.62445831298828
2015-01-23,93.15454864501953,52.268943786621094
2015-01-30,91.62457275390625,45.2302360534668
2015-02-06,94.31956481933594,48.047176361083984
2015-02-13,96.53431701660156,51.32756042480469
2015-02-20,98.49024963378906,51.791011810302734
2015-02-27,97.46110534667969,52.507930755615234
2015-03-06,95.39080047607422,52.08546447753906
2015-03-13,92.8510971069336,49.99505615234375
2015-03-20,98.02684783935547,51.014774322509766
2015-03-27,96.53431701660156,48.82240295410156
2015-04-02,96.56438446044922,49.50704574584961
2015-04-10,98.01483154296875,50.373802185058594
2015-04-17,96.69679260253906,48.88066482543945
2015-04-24,102.17951202392578,49.70370864868164
2015-05-01,104.52064514160156,49.83481216430664
2015-05-08,104.71134185791016,50.555904388427734
2015-05-15,105.06303405761719,51.75770568847656
2015-05-22,104.432373046875,50.628726959228516
2015-05-29,102.87397003173828,50.752559661865234
2015-06-05,101.5095443725586,50.06313705444336
2015-06-12,101.26097106933594,49.161048889160156
2015-06-19,101.26097106933594,49.051025390625
2015-06-26,100.33317565917969,47.43015670776367
2015-07-02,100.10881042480469,46.286033630371094
2015-07-10,101.23670959472656,46.0073356628418
2015-07-17,104.60820007324219,47.188140869140625
2015-07-24,96.8707046508789,45.20791244506836
2015-07-31,98.22901153564453,47.22481155395508
2015-08-07,94.84395599365234,46.22003936767578
2015-08-14,95.22918701171875,45.405941009521484
2015-08-21,91.01033020019531,42.252235412597656
2015-08-28,90.47840881347656,42.134891510009766
2015-09-04,87.86152648925781,40.152767181396484
2015-09-11,90.10543060302734,40.426422119140625
2015-09-18,88.35677337646484,40.27110290527344
2015-09-25,88.91319274902344,39.36138916015625
2015-10-02,88.39957427978516,40.729644775390625
2015-10-09,93.17476654052734,42.73395538330078
2015-10-16,91.95193481445312,44.30930709838867
2015-10-23,88.46073150634766,44.915775299072266
2015-10-30,85.6481704711914,43.9469108581543
2015-11-06,85.32215118408203,39.50931167602539
2015-11-13,81.31063842773438,38.414695739746094
2015-11-20,85.47644805908203,36.698848724365234
2015-11-27,85.4517593383789,36.25450134277344
2015-12-04,86.66755676269531,39.092716217041016
2015-12-11,83.05101013183594,35.44784927368164
2015-12-18,83.25469207763672,35.42545700073242
2015-12-24,85.32215118408203,37.00886535644531
2015-12-31,84.93336486816406,37.33750534057617
2016-01-08,81.23658752441406,34.26775360107422
2016-01-15,80.24911499023438,34.22293472290039
2016-01-22,75.60191345214844,35.90345764160156
2016-01-29,77.01521301269531,33.86441421508789
2016-02-05,79.34807586669922,32.878517150878906
2016-02-12,75.46388244628906,33.28184509277344
2016-02-19,82.97039794921875,36.91177749633789
2016-02-26,82.31573486328125,38.55495071411133
2016-03-04,85.91313171386719,39.70089340209961
2016-03-11,88.7561264038086,39.369178771972656
2016-03-18,91.70508575439453,38.89420700073242
2016-03-24,92.24126434326172,38.343849182128906
2016-04-01,95.09050750732422,38.35893630981445
2016-04-08,93.1141357421875,38.11768341064453
2016-04-15,94.59170532226562,38.49464416503906
2016-04-22,92.58419799804688,39.68583297729492
2016-04-29,90.98810577392578,38.0875244140625
2016-05-06,92.71598815917969,38.38909912109375
2016-05-13,92.98664855957031,38.69065856933594
2016-05-20,92.69080352783203,41.10317611694336
2016-05-27,96.20960235595703,42.068607330322266
2016-06-03,96.24108123779297,41.81743240356445
2016-06-10,95.9137191772461,40.97256088256836
2016-06-17,95.674560546875,40.75942611694336
2016-06-24,92.27533721923828,39.670989990234375
2016-07-01,95.90119171142578,40.34080123901367
2016-07-08,97.22933959960938,41.24657440185547
2016-07-15,100.57817077636719,41.67280578613281
2016-07-22,102.01970672607422,46.54415512084961
2016-07-29,101.10694122314453,47.632591247558594
2016-08-05,102.91984558105469,47.191131591796875
2016-08-12,102.8245849609375,46.97040557861328
2016-08-19,101.61194610595703,47.76959228515625
2016-08-26,100.51986694335938,47.929439544677734
2016-09-02,101.30082702636719,48.62797927856445
2016-09-09,98.85002899169922,46.45563507080078
2016-09-16,97.6754150390625,48.351627349853516
2016-09-23,98.39925384521484,48.16741180419922
2016-09-30,100.85633850097656,52.58113479614258
2016-10-07,98.83734893798828,52.34319305419922
2016-10-14,98.06272888183594,50.431827545166016
2016-10-21,95.0024642944336,52.14361572265625
2016-10-28,96.89450073242188,52.50439453125
2016-11-04,96.78021240234375,51.22249221801758
2016-11-11,103.3217544555664,51.33760452270508
2016-11-18,102.75794982910156,51.667694091796875
2016-11-25,104.51981353759766,52.419944763183594
2016-12-02,102.52091979980469,50.93461990356445
2016-12-09,106.68533325195312,53.00788116455078
2016-12-16,106.81987762451172,51.41426086425781
2016-12-23,106.80705261230469,51.72370147705078
2016-12-30,106.34577178955078,50.43950653076172
2017-01-06,108.61375427246094,50.694786071777344
2017-01-13,107.2106704711914,51.73917007446289
2017-01-20,109.26727294921875,48.644710540771484
2017-01-27,113.591796875,41.960723876953125
2017-02-03,112.64360046386719,40.9859619140625
2017-02-10,115.38109588623047,41.775054931640625
2017-02-17,116.66615295410156,43.67812728881836
2017-02-24,117.10523223876953,44.26607894897461
2017-03-03,116.26573181152344,44.070865631103516
2017-03-10,114.83222961425781,45.78871154785156
2017-03-17,113.42449188232422,44.93759536743164
2017-03-24,112.249267578125,44.445674896240234
2017-03-31,112.44940948486328,44.77363204956055
2017-04-07,111.1579818725586,43.9771728515625
2017-04-13,109.47254943847656,41.220767974853516
2017-04-21,103.56402587890625,40.99433517456055
2017-04-28,103.50588989257812,41.962589263916016
2017-05-05,100.12220001220703,42.89179992675781
2017-05-12,98.04869842529297,43.19631576538086
2017-05-19,99.0984878540039,45.03131103515625
2017-05-26,99.4310302734375,45.35649490356445
2017-06-02,99.14412689208984,46.19233322143555
2017-06-09,100.48082733154297,44.98588562011719
2017-06-16,101.31547546386719,44.80451965332031
2017-06-23,100.48735809326172,44.875492095947266
2017-06-30,100.30476379394531,43.542869567871094
2017-07-07,99.7244873046875,43.64537811279297
2017-07-14,100.57212829589844,44.796627044677734
2017-07-21,95.90348052978516,42.45469284057617
2017-07-28,94.08422088623047,41.69769287109375
2017-08-04,94.65154266357422,41.492679595947266
2017-08-11,93.46391296386719,41.571533203125
2017-08-18,92.05374908447266,40.940696716308594
2017-08-25,94.71586608886719,41.027435302734375
2017-09-01,94.9399185180664,41.49783706665039
2017-09-08,93.86585235595703,39.576419830322266
2017-09-15,95.42753601074219,41.60943603515625
2017-09-22,95.63180541992188,41.529720306396484
2017-09-29,95.59883880615234,41.33041000366211
2017-10-06,96.52136993408203,41.848628997802734
2017-10-13,96.92990112304688,42.11171340942383
2017-10-20,106.79423522949219,41.473915100097656
2017-10-27,101.26571655273438,43.50693893432617
2017-11-03,99.88197326660156,49.2791633605957
2017-11-10,99.26973724365234,51.4796257019043
2017-11-17,99.143310546875,53.19374465942383
2017-11-24,101.0533676147461,54.93977737426758
2017-12-01,102.99668884277344,52.65357208251953
2017-12-08,103.02994537353516,51.6485710144043
2017-12-15,101.49262237548828,52.06665802001953
2017-12-22,101.49262237548828,52.04254913330078
2017-12-29,102.1048812866211,51.47169494628906
2018-01-05,108.14118194580078,53.441490173339844
2018-01-12,108.57378387451172,52.56513214111328
2018-01-19,108.06132507324219,54.7037467956543
2018-01-26,111.36898040771484,55.09770965576172
2018-02-02,105.83847045898438,53.11988067626953
2018-02-09,100.48236083984375,51.447593688964844
2018-02-16,104.96510314941406,52.139015197753906
2018-02-23,104.52154541015625,50.90890884399414
2018-03-02,103.82929992675781,52.49733352661133
2018-03-09,107.0687026977539,51.1107063293457
2018-03-16,107.70719909667969,49.156436920166016
2018-03-23,100.065673828125,43.51260757446289
2018-03-29,103.1169204711914,44.931671142578125
2018-04-06,101.19477844238281,43.07472610473633
2018-04-13,105.32130432128906,45.1911735534668
2018-04-20,97.38409423828125,41.712432861328125
2018-04-27,98.44596862792969,41.44483184814453
2018-05-04,96.7187271118164,42.56386184692383
2018-05-11,97.94867706298828,44.785728454589844
2018-05-18,97.90789031982422,46.634559631347656
2018-05-25,97.60893249511719,48.621253967285156
2018-06-01,96.46048736572266,48.023109436035156
2018-06-08,99.3077392578125,49.375064849853516
2018-06-15,98.79808807373047,49.04732894897461
2018-06-22,96.00519561767578,47.932979583740234
2018-06-29,94.93151092529297,45.98288345336914
2018-07-06,96.8206558227539,47.39220428466797
2018-07-13,99.14466857910156,47.84284591674805
2018-07-20,99.450439453125,48.023109436035156
2018-07-27,98.63500213623047,51.36613464355469
2018-08-03,100.36783599853516,53.586612701416016
2018-08-10,99.24040222167969,53.111385345458984
2018-08-17,100.32567596435547,54.12739562988281
2018-08-24,100.31196594238281,55.020503997802734
2018-08-31,100.61418151855469,56.2987174987793
2018-09-07,99.90673065185547,58.19215393066406
2018-09-14,101.88492584228516,62.08652877807617
2018-09-21,103.95929718017578,60.93722152709961
2018-09-28,103.86311340332031,59.55643081665039
2018-10-05,102.36571502685547,58.87841796875
2018-10-12,96.74703979492188,53.15677261352539
2018-10-19,88.67620849609375,54.04147720336914
2018-10-26,85.71574401855469,51.66021728515625
2018-11-02,79.45140838623047,52.36302185058594
2018-11-09,85.93793487548828,46.8976936340332
2018-11-16,84.5675277709961,46.20314407348633
2018-11-23,81.52067565917969,45.6822509765625
2018-11-30,86.44573211669922,48.17099380493164
2018-12-07,83.01628112792969,46.79668426513672
2018-12-14,83.40582275390625,48.1590461730957
2018-12-21,77.17298889160156,45.8438606262207
2018-12-28,78.62688446044922,47.48204040527344
2019-01-04,81.61112213134766,47.3065185546875
2019-01-11,84.49101257324219,48.058746337890625
2019-01-18,86.13269805908203,46.194908142089844
2019-01-25,93.19334411621094,42.87675476074219
2019-02-01,93.28376007080078,41.46425247192383
2019-02-08,94.09618377685547,42.032596588134766
2019-02-15,97.13630676269531,43.445098876953125
2019-02-22,97.99485778808594,44.397926330566406
2019-03-01,97.95967864990234,45.30058670043945
2019-03-08,95.06733703613281,45.26083755493164
2019-03-15,98.12152099609375,47.856590270996094
2019-03-22,98.13560485839844,48.0426139831543
2019-03-29,99.29678344726562,48.22018051147461
2019-04-05,100.83088684082031,49.0318717956543
2019-04-12,101.58387756347656,48.15252685546875
2019-04-18,98.75487518310547,67.548828125
2019-04-26,98.12857818603516,73.25611114501953
2019-05-03,98.6985855102539,75.49674224853516
2019-05-10,96.36035919189453,72.57969665527344
2019-05-17,95.64826965332031,68.9101333618164
2019-05-24,94.19560241699219,55.98206329345703
2019-05-31,90.42864227294922,56.497833251953125
2019-06-07,94.92906188964844,58.60982894897461
2019-06-14,96.23932647705078,58.63544845581055
2019-06-21,99.1233139038086,62.0484504699707
2019-06-28,98.19756317138672,64.90684509277344
2019-07-05,100.67565155029297,65.41026306152344
2019-07-12,101.64408874511719,63.908538818359375
2019-07-19,106.58602905273438,63.99385070800781
2019-07-26,107.7823486328125,64.18156433105469
2019-08-02,104.8556137084961,60.708831787109375
2019-08-09,98.079345703125,61.00746154785156
2019-08-16,96.37178802490234,62.52627182006836
2019-08-23,93.35298156738281,62.73104476928711
2019-08-30,97.64705657958984,66.35736846923828
2019-09-06,101.27828216552734,67.27034759521484
2019-09-13,103.51178741455078,67.43462371826172
2019-09-20,102.22209167480469,65.74036407470703
2019-09-27,103.20195770263672,65.9037857055664
2019-10-04,103.0218505859375,66.64339447021484
2019-10-11,102.85613250732422,65.96397399902344
2019-10-18,96.60955047607422,66.80680084228516
2019-10-25,97.58221435546875,68.9482650756836
2019-11-01,97.64705657958984,71.88096618652344
2019-11-08,100.31668090820312,80.86823272705078
2019-11-15,97.97660064697266,78.09893035888672
2019-11-22,97.93287658691406,73.00761413574219
2019-11-29,98.01306915283203,71.85517120361328
2019-12-06,97.11638641357422,72.6463394165039
2019-12-13,97.83810424804688,76.12178039550781
2019-12-20,98.84410858154297,77.00580596923828
2019-12-27,98.61082458496094,76.96247100830078
2020-01-03,97.93287658691406,75.41973114013672
2020-01-10,99.64599609375,78.22784423828125
2020-01-17,100.82695770263672,83.12466430664062
2020-01-24,102.46720886230469,77.69915771484375
2020-01-31,104.77811431884766,73.93769073486328
2020-02-07,113.00257873535156,75.76644134521484
2020-02-14,111.00636291503906,77.65582275390625
2020-02-21,110.37287902832031,75.42841339111328
2020-02-28,95.86909484863281,67.86217498779297
2020-03-06,94.0865249633789,67.67692565917969
2020-03-13,79.51648712158203,66.22676849365234
2020-03-20,70.26473999023438,53.210289001464844
2020-03-27,79.5754165649414,58.17226791381836
2020-04-03,78.33056640625,56.984214782714844
2020-04-09,89.49749755859375,62.5314826965332
2020-04-17,88.48097229003906,66.54126739501953
2020-04-24,91.86936950683594,66.42768096923828
2020-05-01,89.77001190185547,66.07825469970703
2020-05-08,91.81002044677734,70.37631225585938
2020-05-15,87.32365417480469,66.19181823730469
2020-05-22,88.37619018554688,68.7514419555664
2020-05-29,93.23578643798828,70.65586853027344
2020-06-05,98.58061981201172,77.95503234863281
2020-06-12,91.00382232666016,75.04106140136719
2020-06-19,91.4218521118164,78.18392181396484
2020-06-26,87.48040771484375,77.48844909667969
2020-07-02,89.35407257080078,80.87779235839844
2020-07-10,88.34635162353516,81.44120788574219
2020-07-17,93.39257049560547,81.1947250366211
2020-07-24,93.9001693725586,78.25432586669922
2020-07-31,91.77269744873047,92.97378540039062
2020-08-07,94.50194549560547,95.29794311523438
2020-08-14,94.73638916015625,100.13103485107422
2020-08-21,93.14070129394531,99.47958374023438
2020-08-28,94.58513641357422,104.05740356445312
2020-09-04,92.49031829833984,102.64105224609375
2020-09-11,91.85504913330078,100.38410949707031
2020-09-18,92.83818054199219,97.96788787841797
2020-09-25,89.95684814453125,101.33999633789062
2020-10-02,91.1819839477539,102.1985092163086
2020-10-09,96.64215850830078,110.51812744140625
2020-10-16,95.23550415039062,114.19998168945312
2020-10-23,87.72587585449219,114.06724548339844
2020-10-30,84.44371795654297,109.18167877197266
2020-11-06,86.24361419677734,128.3433380126953
2020-11-13,89.65010833740234,127.67955780029297
2020-11-20,89.71914672851562,129.24612426757812
2020-11-27,95.4042739868164,127.29894256591797
2020-12-04,97.59085845947266,140.10609436035156
2020-12-11,95.34291076660156,128.2483673095703
2020-12-18,96.55510711669922,131.03945922851562
2020-12-24,95.66513061523438,132.25723266601562
2020-12-31,96.578125,135.4127655029297
2021-01-08,98.61125183105469,139.23497009277344
2021-01-15,98.50386047363281,139.6349639892578
2021-01-22,91.00039672851562,144.37274169921875
2021-01-29,91.38401794433594,138.91500854492188
2021-02-05,93.440185546875,129.635009765625
2021-02-12,93.91910552978516,131.5372314453125
2021-02-19,92.5118637084961,128.8350067138672
2021-02-26,92.46522521972656,121.05726623535156
2021-03-05,95.49738311767578,115.88249969482422
2021-03-12,99.21370697021484,116.08790588378906
2021-03-19,100.21666717529297,117.01676940917969
2021-03-26,106.0322036743164,118.77621459960938
2021-04-01,103.58314514160156,123.06319427490234
2021-04-09,105.52682495117188,125.54609680175781
2021-04-16,103.86302185058594,123.43830108642578
2021-04-23,110.73590087890625,120.95543670654297
2021-04-30,110.30828857421875,123.96527099609375
2021-05-07,114.35527038574219,123.11679077148438
2021-05-14,113.74205780029297,116.23976135253906
2021-05-21,113.78923797607422,117.40974426269531
2021-05-28,113.0030746459961,120.16055297851562
2021-06-04,115.89615631103516,120.59417724609375
2021-06-11,118.93073272705078,120.84550476074219
2021-06-18,112.51563262939453,119.39129638671875
2021-06-25,115.44017791748047,123.5654525756836
2021-07-02,110.07854461669922,127.99103546142578
2021-07-09,111.25777435302734,126.95873260498047
2021-07-16,109.1980209350586,125.41472625732422
2021-07-23,111.11627197265625,130.0557098388672
2021-07-30,110.81753540039062,134.47227478027344
2021-08-06,113.27819061279297,131.31248474121094
2021-08-13,113.85875701904297,133.4309844970703
2021-08-20,110.62220764160156,127.55117797851562
2021-08-27,110.86075592041016,130.02879333496094
2021-09-03,110.9959487915039,130.43597412109375
2021-09-10,108.96019744873047,128.67730712890625
2021-09-17,107.53678894042969,120.48843383789062
2021-09-24,109.3339614868164,120.740966796875
2021-10-01,113.97007751464844,116.0783462524414
2021-10-08,113.8905258178711,114.13033294677734
2021-10-15,114.9958724975586,117.422119140625
2021-10-22,101.69194793701172,118.70274353027344
2021-10-29,99.48123931884766,119.9833984375
2021-11-05,102.81802368164062,147.03016662597656
2021-11-12,100.27059936523438,148.7527313232422
2021-11-19,97.81778717041016,166.84400939941406
2021-11-26,97.61546325683594,158.49276733398438
2021-12-03,100.16944885253906,159.78897094726562
2021-12-10,104.59463500976562,166.46083068847656
2021-12-17,107.38461303710938,160.05154418945312
2021-12-23,110.1071548461914,165.4288330078125
2021-12-31,112.6611328125,165.5465087890625
2022-01-07,113.6473159790039,163.3195343017578
2022-01-14,113.1247329711914,170.81517028808594
2022-01-21,109.02825927734375,149.30599975585938
2022-01-28,113.36915588378906,151.0078887939453
2022-02-04,115.60281372070312,162.46859741210938
2022-02-11,113.19072723388672,149.04348754882812
2022-02-18,106.07632446289062,151.75927734375
2022-02-25,105.9312973022461,154.73756408691406
2022-03-04,108.01274108886719,147.5016632080078
2022-03-11,105.74363708496094,138.4839324951172
2022-03-18,109.8382568359375,139.98385620117188
2022-03-25,112.04765319824219,143.6018524169922
2022-04-01,111.02400207519531,133.6205291748047
2022-04-08,108.95963287353516,124.25736999511719
2022-04-14,107.9615478515625,124.45740509033203
2022-04-22,117.93366241455078,120.73027801513672
2022-04-29,112.7812728881836,126.98453521728516
2022-05-06,117.43887329101562,127.7936019897461
2022-05-13,115.34950256347656,122.65746307373047
2022-05-20,110.92891693115234,119.63037109375
2022-05-27,120.24494934082031,127.04814910888672
2022-06-03,121.89400482177734,129.0511932373047
2022-06-10,117.58567810058594,121.72224426269531
2022-06-17,116.57550048828125,110.56436920166016
2022-06-24,122.6538314819336,114.32022094726562
2022-07-01,121.84220886230469,112.88548278808594
2022-07-08,121.281005859375,124.29010009765625
2022-07-15,120.80613708496094,131.92971801757812
2022-07-22,110.73033905029297,140.45574951171875
2022-07-29,112.92337036132812,132.56028747558594
2022-08-05,114.38248443603516,137.2664794921875
2022-08-12,117.1612548828125,138.25343322753906
2022-08-19,120.97309112548828,134.8814239501953
2022-08-26,113.9876480102539,126.45590209960938
2022-09-02,111.7232894897461,118.0677490234375
2022-09-09,112.94728088378906,121.34844970703125
2022-09-16,111.2686538696289,114.82384490966797
2022-09-23,107.281982421875,111.36856079101562
2022-09-30,103.872314453125,103.82391357421875
2022-10-07,103.88106536865234,111.11126708984375
2022-10-14,104.94768524169922,101.03948211669922
2022-10-21,113.56800842285156,106.3602294921875
2022-10-28,121.09548950195312,109.54904174804688
2022-11-04,119.74037170410156,98.04367065429688
2022-11-11,126.66194915771484,111.58912658691406
2022-11-18,130.61659240722656,113.81298065185547
2022-11-25,131.2624053955078,113.4454116821289
2022-12-02,131.52780151367188,116.21259307861328
2022-12-09,130.0946044921875,110.09954833984375
2022-12-16,123.99903869628906,105.91936492919922
2022-12-23,125.31722259521484,102.50678253173828
2022-12-30,124.64483642578125,101.67444610595703
2023-01-06,127.1308822631836,106.66845703125
2023-01-13,129.06834411621094,111.2000732421875
2023-01-20,124.91911315917969,113.66008758544922
2023-01-27,118.89433288574219,123.37065124511719
2023-02-03,121.15032196044922,124.8688735961914
2023-02-10,121.43836212158203,119.29222869873047
2023-02-17,120.9189453125,118.11771392822266
2023-02-24,116.9337158203125,114.9918212890625
2023-03-03,116.10081481933594,115.00569915771484
2023-03-10,112.3484115600586,107.18048095703125
2023-03-17,110.77220916748047,112.33526611328125
2023-03-24,112.20510864257812,116.08505249023438
2023-03-31,117.39938354492188,118.7089614868164
2023-04-06,116.87098693847656,114.44743347167969
2023-04-14,114.7574691772461,111.8049087524414
2023-04-21,112.59916687011719,109.57177734375
2023-04-28,113.20814514160156,108.67854309082031
2023-05-05,110.73640441894531,101.2161865234375
2023-05-12,111.51104736328125,96.41496276855469
2023-05-19,115.52340698242188,98.49922180175781
2023-05-26,117.00308990478516,102.67701721191406
2023-06-02,120.20752716064453,108.3276596069336
2023-06-09,122.82193756103516,111.59754943847656
2023-06-16,124.80085754394531,114.94237518310547
2023-06-23,117.4932861328125,106.27578735351562
2023-06-30,121.4693374633789,111.5319595336914
2023-07-07,119.89891052246094,108.62747955322266
2023-07-14,121.09715270996094,114.8299560546875
2023-07-21,126.1261978149414,116.85370635986328
2023-07-28,130.22030639648438,121.31348419189453
2023-08-04,130.93746948242188,113.83679962158203
2023-08-11,131.41580200195312,107.38135528564453
2023-08-18,129.84568786621094,103.15580749511719
2023-08-25,133.4634552001953,103.3619384765625
2023-09-01,135.8416748046875,108.8777084350586
2023-09-08,135.60292053222656,100.14973449707031
2023-09-15,134.05113220214844,106.75468444824219
2023-09-22,134.89590454101562,101.60283660888672
2023-09-29,128.8264617919922,104.79207611083984
2023-10-06,130.41494750976562,104.62224578857422
2023-10-13,127.13692474365234,102.52752685546875
2023-10-20,125.94322967529297,102.49920654296875
2023-10-27,130.86489868164062,100.4516830444336
2023-11-03,135.804931640625,112.77460479736328
2023-11-10,138.3852081298828,117.19992065429688
2023-11-17,141.97898864746094,122.16305541992188
2023-11-24,144.10552978515625,120.5401382446289
2023-12-01,149.0923614501953,123.12991333007812
2023-12-08,150.4017333984375,126.26345825195312
2023-12-15,150.6524200439453,135.91107177734375
2023-12-22,150.56887817382812,136.25286865234375
2023-12-29,151.8782501220703,137.33538818359375
2024-01-05,147.801513671875,129.8338165283203
2024-01-12,153.96766662597656,133.12876892089844
2024-01-19,159.24232482910156,144.29568481445312
2024-01-26,174.04476928710938,143.1182403564453
2024-02-02,172.5310821533203,134.54367065429688
2024-02-09,174.6194305419922,143.38409423828125
2024-02-16,175.837646484375,144.98887634277344
2024-02-23,174.03843688964844,147.09689331054688
2024-03-01,176.3624267578125,155.6509246826172
2024-03-08,183.6249542236328,162.78976440429688
2024-03-15,179.0519256591797,159.57345581054688
2024-03-22,178.83636474609375,162.3411865234375
2024-03-28,178.94883728027344,161.57766723632812
2024-04-05,177.24330139160156,163.70594787597656
2024-04-12,170.80540466308594,163.47689819335938
2024-04-19,170.15882873535156,150.4399871826172
2024-04-26,156.6177215576172,158.10372924804688
2024-05-03,155.28701782226562,171.44602966308594
2024-05-10,158.1913604736328,173.7747344970703
2024-05-17,159.9705810546875,185.01744079589844
2024-05-24,161.73094177246094,200.76480102539062
2024-05-31,157.90745544433594,195.5406951904297
2024-06-07,160.89808654785156,198.00352478027344
2024-06-14,160.14096069335938,206.35031127929688
2024-06-21,163.21676635742188,203.66708374023438
2024-06-28,163.6804962158203,190.87379455566406
2024-07-05,166.5859832763672,197.1697998046875
2024-07-12,173.0309600830078,193.98825073242188
2024-07-19,173.42845153808594,178.44468688964844
2024-07-26,181.472900390625,172.54156494140625
2024-08-02,178.98382568359375,152.66644287109375
2024-08-09,182.77371215820312,157.62083435058594
2024-08-16,184.99810791015625,164.99974060058594
2024-08-23,187.21298217773438,166.2646942138672
2024-08-30,192.96969604492188,167.98963928222656
2024-09-06,191.64271545410156,152.37657165527344
2024-09-13,205.05593872070312,161.5659637451172
2024-09-20,207.83407592773438,162.7122344970703
2024-09-27,210.83175659179688,163.87779235839844
2024-10-04,215.75791931152344,162.6929931640625
2024-10-11,222.68890380859375,163.73329162597656
2024-10-18,221.67697143554688,164.63873291015625
2024-10-25,204.94139099121094,164.01263427734375
2024-11-01,198.81234741210938,159.19638061523438
2024-11-08,204.0344696044922,164.6291046142578
2024-11-15,197.24241638183594,154.60165405273438
2024-11-22,214.54286193847656,151.0279998779297
2024-11-29,218.81504821777344,152.70408630371094
2024-12-06,229.04327392578125,154.4517822265625
2024-12-13,222.09616088867188,153.5028839111328
2024-12-20,214.9181365966797,148.04171752929688
2024-12-27,214.3600311279297,152.25376892089844
2025-01-03,214.2349395751953,152.8250732421875
2025-01-10,211.44454956054688,152.00204467773438
2025-01-17,216.2940673828125,159.3416748046875
2025-01-24,216.30368041992188,166.65223693847656
2025-01-31,246.0358123779297,167.44622802734375
2025-02-07,242.80279541015625,162.63385009765625
2025-02-14,253.079833984375,166.76841735839844
2025-02-21,253.2735595703125,160.18406677246094
2025-02-28,244.5172576904297,152.18600463867188
2025-03-07,253.33169555664062,156.9492950439453
2025-03-14,240.55564880371094,152.4322052001953
2025-03-21,236.2162322998047,152.66586303710938
2025-03-28,236.3421630859375,148.6744842529297
2025-04-04,220.3406219482422,124.08360290527344
2025-04-11,228.0895538330078,135.56129455566406
2025-04-17,231.31504821777344,133.0399169921875
2025-04-25,225.11590576171875,144.6246795654297
2025-05-02,237.843505859375,136.1064453125
2025-05-09,242.98521423339844,141.33419799804688
2025-05-16,260.1072998046875,148.46029663085938
2025-05-23,252.18003845214844,141.52891540527344
2025-05-30,252.59930419921875,141.3536834716797
2025-06-06,262.1647033691406,146.15939331054688
2025-06-13,270.30645751953125,151.52627563476562
2025-06-20,273.962890625,148.19647216796875
2025-06-27,282.4751892089844,155.26742553710938
2025-07-03,284.6885986328125,158.86166381835938
2025-07-11,276.517578125,154.20973205566406
2025-07-18,278.7406921386719,151.6046142578125
2025-07-25,253.24285888671875,155.13031005859375
2025-08-01,243.81402587890625,145.1310577392578
2025-08-08,237.82521057128906,144.51406860351562
2025-08-15,235.32199096679688,154.5916748046875
2025-08-22,237.6485137939453,154.74835205078125
2025-08-29,239.0228271484375,157.4122314453125
2025-09-05,243.97035217285156,157.4314422607422
2025-09-12,248.790283203125,159.39146423339844
2025-09-19,261.5124816894531,164.33583068847656
2025-09-26,279.09393310546875,166.650390625
2025-10-03,283.0794372558594,166.6306915283203
2025-10-10,272.7229919433594,151.27561950683594
2025-10-17,276.1195068359375,160.98703002929688
2025-10-24,301.8192138671875,166.39431762695312
2025-10-31,301.7701110839844,178.17410278320312
2025-11-07,300.759033203125,168.31495666503906
2025-11-14,301.7362365722656,171.35836791992188
2025-11-21,293.5929260253906,160.8393096923828
2025-11-28,304.5888366699219,165.55711364746094
2025-12-05,303.9571228027344,173.0556182861328
2025-12-12,305.24029541015625,176.5006866455078
2025-12-19,297.0871276855469,173.4912109375
2025-12-26,301.1439514160156,173.0556182861328
2026-01-02,287.729736328125,171.24398803710938
2026-01-09,300.2852478027344,175.99581909179688
2026-01-16,301.7164611816406,157.82008361816406
2026-01-23,288.6575927734375,154.2562255859375
2026-01-30,302.733154296875,150.0686492919922
2026-02-06,295.0636291503906,135.961669921875
2026-02-13,260.4630126953125,139.28794860839844
2026-02-20,255.28114318847656,141.44607543945312
2026-02-27,238.45498657226562,140.93128967285156
2026-03-06,256.95880126953125,135.190673828125
2026-03-13,244.48062133789062,129.34228515625
2026-03-20,240.0035858154297,129.42198181152344
2026-03-27,234.61325073242188,126.64225006103516
2026-04-02,246.34689331054688,126.3333969116211
2026-04-10,229.07400512695312,127.58875274658203
2026-04-17,251.6180877685547,135.69879150390625
2026-04-24,230.28509521484375,148.30226135253906
2026-05-01,230.5034942626953,176.35862731933594
2026-05-08,229.75999450683594,218.2837677001953
2026-05-15,219.3000030517578,200.74855041503906
2026-05-22,253.83999633789062,237.28359985351562
2026-05-29,297.79998779296875,250.09628295898438
2026-06-05,284.8399963378906,215.94000244140625
2026-06-12,272.239990234375,211.72000122070312
2026-06-18,249.10000610351562,226.11000061035156
2026-06-26,271.6300048828125,189.38999938964844
2026-07-02,289.5199890136719,176.25
2026-07-10,287.55999755859375,189.16000366210938
2026-07-17,212.6699981689453,171.77999877929688
2026-07-24,214.19000244140625,166.97000122070312
2026-07-31,223.64999389648438,147.61000061035156
