month,available_date,fed_rate,semiconductor,ai_innovation,sentiment,earnings,valuation,credit,dollar,liquidity,geopolitics,commodity,housing,composite
2005-01,2005-03,0.0000,0.0000,0.0000,0.0000,0.0000,0.0000,0.0000,0.0000,0.0000,0.0000,0.0000,0.0000,0.0000
2005-02,2005-04,0.0000,0.0000,0.0000,0.0000,0.0000,0.0000,0.0000,0.0000,0.0000,0.0000,0.0000,0.0000,0.0000
2005-03,2005-05,-1.0000,0.0000,0.0000,-0.4898,0.0000,0.0000,0.0000,0.0000,0.8122,0.0000,-1.0000,0.0000,-0.1370
2005-04,2005-06,-1.0000,0.0000,0.0000,-1.0000,0.0000,0.0000,0.0000,0.0000,1.0000,0.0000,0.7053,0.0000,-0.0314
2005-05,2005-07,-1.0000,0.0000,0.0000,-0.6720,0.0000,0.0000,0.0000,0.0000,1.0000,0.0000,-0.3080,0.0000,-0.0796
2005-06,2005-08,-1.0000,0.0000,0.0000,1.0000,0.0000,0.0000,0.0000,0.0000,0.9152,0.0000,-1.0000,0.0000,-0.0002
2005-07,2005-09,-1.0000,0.0000,0.0000,1.0000,0.0000,0.0000,0.0000,0.0000,1.0000,0.0000,-1.0000,0.0000,0.0093
2005-08,2005-10,-1.0000,0.0000,0.0000,-0.1178,0.0000,0.0000,0.0000,0.0000,1.0000,0.0000,-1.0000,0.0000,-0.0847
2005-09,2005-11,-1.0000,0.0000,0.0000,0.1644,0.0000,0.0000,0.0000,0.0000,1.0000,0.0000,-1.0000,0.0000,-0.0609
2005-10,2005-12,-1.0000,0.0000,0.0000,-1.0000,0.0000,0.0000,0.0000,0.0000,0.9450,0.0000,-0.4469,0.0000,-0.1237
2005-11,2006-01,-1.0000,0.0000,0.0000,0.6832,0.0000,0.0000,0.0000,0.0000,1.0000,0.0000,-0.0685,0.0000,0.0523
2005-12,2006-02,-1.0000,0.0000,0.0000,1.0000,0.0000,0.0000,0.0000,0.0000,1.0000,0.0000,-0.6229,0.0000,0.0375
2006-01,2006-03,-1.0000,0.0000,0.0000,0.6005,0.0000,0.0000,0.0000,0.0000,0.8411,0.0000,-1.0000,0.0000,-0.0421
2006-02,2006-04,-1.0000,0.0000,0.0000,0.2190,0.0000,0.0000,0.0000,0.0000,1.0000,0.0000,-0.4839,0.0000,-0.0178
2006-03,2006-05,-1.0000,0.0000,0.0000,0.8548,0.0000,0.0000,0.0000,-1.0000,0.9631,0.0000,-1.0000,-1.0000,-0.1565
2006-04,2006-06,-0.9460,0.0000,0.0000,0.6838,0.0000,0.0000,0.0000,1.0000,1.0000,0.0000,-1.0000,-1.0000,0.0262
2006-05,2006-07,-1.0000,0.0000,0.0000,-1.0000,0.0000,0.0000,0.0000,1.0000,1.0000,0.0000,-1.0000,-1.0000,-0.1215
2006-06,2006-08,-1.0000,0.0000,0.0000,-1.0000,0.0000,0.0000,0.0000,0.7369,1.0000,0.0000,-1.0000,-1.0000,-0.1461
2006-07,2006-09,-1.0000,0.0000,0.0000,-1.0000,0.0000,0.0000,0.0000,0.8547,0.9944,0.0000,-1.0000,-1.0000,-0.1357
2006-08,2006-10,-1.0000,0.0000,0.0000,-0.1802,0.0000,0.0000,0.0000,1.0000,1.0000,0.0000,-1.0000,-1.0000,-0.0525
2006-09,2006-11,-1.0000,0.0000,0.0000,0.5804,0.0000,0.0000,0.0000,0.5419,1.0000,0.0000,-0.0806,-1.0000,0.0374
2006-10,2006-12,-1.0000,0.0000,0.0000,1.0000,0.0000,0.0000,0.0000,1.0000,1.0000,0.0000,0.4328,-1.0000,0.1539
2006-11,2007-01,-1.0000,0.0000,0.0000,1.0000,0.0000,0.0000,0.0000,1.0000,1.0000,0.0000,-0.1092,-1.0000,0.1133
2006-12,2007-02,-1.0000,0.0000,0.0000,1.0000,0.0000,0.0000,0.0000,1.0000,1.0000,0.0000,0.1648,-1.0000,0.1338
2007-01,2007-03,-1.0000,0.0000,0.0000,1.0000,0.0000,0.0000,0.0000,0.2235,1.0000,0.0000,0.5097,-1.0000,0.0870
2007-02,2007-04,-0.9596,0.0000,0.0000,0.9767,0.0000,0.0000,0.0000,0.8461,1.0000,0.0000,0.0194,-1.0000,0.1111
2007-03,2007-05,-0.6528,0.0000,0.0000,-1.0000,0.0000,0.0000,0.0000,1.0000,1.0000,0.0000,-0.5428,-1.0000,-0.0484
2007-04,2007-06,-0.6971,0.0000,0.0000,-0.1130,0.0000,0.0000,0.0000,1.0000,1.0000,0.0000,-0.5086,-1.0000,0.0238
2007-05,2007-07,-0.7651,0.0000,0.0000,-0.3409,0.0000,0.0000,0.0000,1.0000,1.0000,0.0000,-0.2536,-1.0000,0.0161
2007-06,2007-08,-0.4180,0.0000,0.0000,-1.0000,0.0000,0.0000,0.0000,1.0000,1.0000,0.0000,-1.0000,-1.0000,-0.0562
2007-07,2007-09,-0.2991,0.0000,0.0000,-1.0000,0.0000,0.0000,0.0000,1.0000,0.9769,0.0000,-1.0000,-1.0000,-0.0455
2007-08,2007-10,0.1385,0.0000,0.0000,-1.0000,0.0000,0.0000,0.0000,1.0000,1.0000,0.0000,-1.0000,-1.0000,0.0062
2007-09,2007-11,0.5693,0.0000,0.0000,-1.0000,0.0000,0.0000,0.0000,1.0000,1.0000,0.0000,-1.0000,-1.0000,0.0545
2007-10,2007-12,0.4864,0.0000,0.0000,-1.0000,0.0000,0.0000,0.0000,1.0000,1.0000,0.0000,-1.0000,-1.0000,0.0452
2007-11,2008-01,1.0000,0.0000,0.0000,-1.0000,0.0000,0.0000,0.0000,1.0000,1.0000,0.0000,-1.0000,-1.0000,0.1028
2007-12,2008-02,1.0000,0.0000,0.0000,-1.0000,0.0000,0.0000,0.0000,1.0000,1.0000,0.0000,-1.0000,-1.0000,0.1028
2008-01,2008-03,1.0000,0.0000,0.0000,-1.0000,0.0000,0.0000,0.0000,1.0000,1.0000,0.0000,-1.0000,-1.0000,0.1028
2008-02,2008-04,1.0000,0.0000,0.0000,-1.0000,0.0000,0.0000,0.0000,1.0000,1.0000,0.0000,-1.0000,-1.0000,0.1028
2008-03,2008-05,1.0000,0.0000,0.0000,-1.0000,0.0000,0.0000,0.0000,1.0000,1.0000,0.0000,-1.0000,-1.0000,0.1028
2008-04,2008-06,1.0000,0.0000,0.0000,-1.0000,0.0000,0.0000,0.0000,1.0000,1.0000,0.0000,-1.0000,-1.0000,0.1028
2008-05,2008-07,1.0000,0.0000,0.0000,-0.4980,0.0000,0.0000,0.0000,1.0000,1.0000,0.0000,-1.0000,-1.0000,0.1450
2008-06,2008-08,1.0000,0.0000,0.0000,-1.0000,0.0000,0.0000,0.0000,1.0000,1.0000,0.0000,-1.0000,-1.0000,0.1028
2008-07,2008-09,1.0000,0.0000,0.0000,-1.0000,-0.9565,0.0000,0.0000,1.0000,1.0000,0.0000,-1.0000,-1.0000,0.0224
2008-08,2008-10,1.0000,0.0000,0.0000,-0.7715,-0.9565,0.0000,0.0000,0.7956,1.0000,0.0000,-1.0000,-1.0000,0.0225
2008-09,2008-11,1.0000,0.0000,0.0000,-1.0000,-0.9565,0.0000,0.0000,0.2889,1.0000,0.0000,-1.0000,-1.0000,-0.0441
2008-10,2008-12,1.0000,0.0000,0.0000,-1.0000,-1.0000,0.0000,0.0000,-1.0000,1.0000,0.0000,0.3380,-1.0000,-0.0682
2008-11,2009-01,1.0000,0.0000,0.0000,-1.0000,-1.0000,0.0000,0.0000,-1.0000,1.0000,0.0000,0.9082,-1.0000,-0.0256
2008-12,2009-02,1.0000,0.0000,0.0000,-1.0000,-1.0000,0.0000,0.0000,-0.9393,1.0000,0.0000,1.0000,-1.0000,-0.0130
2009-01,2009-03,1.0000,0.0000,0.0000,-1.0000,0.0883,0.0000,0.0000,-1.0000,1.0000,0.0000,1.0000,-1.0000,0.0728
2009-02,2009-04,1.0000,0.0000,0.0000,-1.0000,0.0883,0.0000,0.0000,-1.0000,1.0000,0.0000,1.0000,-1.0000,0.0728
2009-03,2009-05,1.0000,0.0000,0.0000,-1.0000,0.0883,0.0000,0.0000,-1.0000,1.0000,0.0000,1.0000,-1.0000,0.0728
2009-04,2009-06,1.0000,0.0000,0.0000,-0.9709,0.3196,0.0000,0.0000,-0.9879,1.0000,0.0000,0.9748,-1.0000,0.0940
2009-05,2009-07,1.0000,0.0000,0.0000,-0.5045,0.3196,0.0000,0.0000,-0.0443,1.0000,0.0000,0.2629,-1.0000,0.1682
2009-06,2009-08,1.0000,0.0000,0.0000,-0.2783,0.3196,0.0000,0.0000,-0.2597,1.0000,0.0000,0.1045,-1.0000,0.1552
2009-07,2009-09,1.0000,0.0000,0.0000,-0.0434,1.0000,0.0000,0.0000,0.1622,1.0000,0.0000,0.1287,-0.8501,0.2819
2009-08,2009-10,1.0000,0.0000,0.0000,0.0408,1.0000,0.0000,0.0000,0.0870,1.0000,0.0000,0.0954,-0.7283,0.2863
2009-09,2009-11,1.0000,0.0000,0.0000,0.0981,1.0000,0.0000,0.0000,0.3741,1.0000,0.0000,0.0721,-0.6107,0.3228
2009-10,2009-12,1.0000,0.0000,0.0000,0.1779,1.0000,0.0000,0.0000,0.4850,1.0000,0.0000,-0.2316,-0.4631,0.3254
2009-11,2010-01,1.0000,0.0000,0.0000,0.2448,1.0000,0.0000,0.0000,0.7325,1.0000,0.0000,-0.2364,-0.2558,0.3654
2009-12,2010-02,1.0000,0.0000,0.0000,0.4719,1.0000,0.0000,0.0000,0.4055,1.0000,0.0000,-0.3372,-0.0571,0.3576
2010-01,2010-03,1.0000,0.0000,0.0000,0.5501,0.9068,0.0000,0.0000,0.2236,1.0000,0.0000,-0.0065,0.0806,0.3718
2010-02,2010-04,1.0000,0.0000,0.0000,0.4333,0.9068,0.0000,0.0000,0.2430,1.0000,0.0000,-0.3172,0.0504,0.3388
2010-03,2010-05,1.0000,0.0000,0.0000,0.8342,0.9068,0.0000,0.0000,0.4020,1.0000,0.0000,-0.4775,0.1969,0.3836
2010-04,2010-06,1.0000,0.0000,0.0000,0.8823,0.6107,0.0000,0.0000,0.4096,1.0000,0.0000,-0.5806,0.3133,0.3623
2010-05,2010-07,1.0000,0.0000,0.0000,-0.2867,0.6107,0.0000,0.0000,-0.3435,1.0000,0.0000,0.0313,0.3344,0.2405
2010-06,2010-08,1.0000,0.0000,0.0000,-0.0820,0.6107,0.0000,0.0000,-0.2718,1.0000,0.0000,-0.0322,0.2266,0.2537
2010-07,2010-09,1.0000,0.0000,0.0000,0.3187,0.2936,0.0000,0.0000,0.3279,1.0000,0.0000,-0.1809,0.1203,0.2997
2010-08,2010-10,0.9462,0.0000,0.0000,0.3898,0.2936,0.0000,0.0000,0.0050,1.0000,0.0000,0.1696,0.0260,0.2904
2010-09,2010-11,0.9649,0.0000,0.0000,0.5863,0.2936,0.0000,0.0000,0.7582,1.0000,0.0000,-0.2224,-0.0400,0.3464
2010-10,2010-12,1.0000,0.0000,0.0000,0.7795,0.0289,0.0000,0.0000,1.0000,1.0000,0.0000,-0.2810,-0.0728,0.3607
2010-11,2011-01,1.0000,0.0000,0.0000,0.7847,0.0289,0.0000,0.0000,0.5504,1.0000,0.0000,-0.3959,-0.1375,0.3069
2010-12,2011-02,1.0000,0.0000,0.0000,0.9873,0.0289,0.0000,0.0000,0.9092,1.0000,0.0000,-0.7400,-0.1287,0.3322
2011-01,2011-03,1.0000,0.0000,0.0000,0.9764,-0.3582,0.0000,0.0000,1.0000,1.0000,0.0000,-0.6988,-0.0910,0.3124
2011-02,2011-04,1.0000,0.0000,0.0000,0.9366,-0.3582,0.0000,0.0000,1.0000,1.0000,0.0000,-0.9763,0.0127,0.2941
2011-03,2011-05,1.0000,0.0000,0.0000,0.6396,-0.3582,0.0000,0.0000,1.0000,1.0000,0.0000,-1.0000,-0.0156,0.2658
2011-04,2011-06,1.0000,0.0000,0.0000,0.9940,-0.1996,0.0000,0.0000,1.0000,1.0000,0.0000,-1.0000,-0.0343,0.3079
2011-05,2011-07,0.9352,0.0000,0.0000,0.9326,-0.1996,0.0000,0.0000,1.0000,1.0000,0.0000,-1.0000,-0.0029,0.2972
2011-06,2011-08,0.9660,0.0000,0.0000,0.7366,-0.1996,0.0000,0.0000,1.0000,1.0000,0.0000,-0.7341,0.1293,0.3115
2011-07,2011-09,0.8127,0.0000,0.0000,0.7145,-0.3319,0.0000,0.0000,1.0000,1.0000,0.0000,-0.7326,0.2633,0.2889
2011-08,2011-10,0.5686,0.0000,0.0000,-0.5516,-0.3319,0.0000,0.0000,1.0000,1.0000,0.0000,-0.3884,0.4104,0.1890
2011-09,2011-11,0.3642,0.0000,0.0000,-0.6568,-0.3319,0.0000,0.0000,0.1880,1.0000,0.0000,0.0995,0.4930,0.1225
2011-10,2011-12,0.4672,0.0000,0.0000,-0.4677,-0.1691,0.0000,0.0000,0.7679,1.0000,0.0000,-0.5658,0.4891,0.1679
2011-11,2012-01,0.3871,0.0000,0.0000,-0.5495,-0.1691,0.0000,0.0000,0.2566,1.0000,0.0000,-0.8847,0.4438,0.0778
2011-12,2012-02,0.2523,0.0000,0.0000,0.1278,-0.1691,0.0000,0.0000,0.0311,1.0000,0.0000,-0.7825,0.4109,0.1044
2012-01,2012-03,0.1978,0.0000,0.0000,0.6813,0.6991,0.0000,0.0000,0.4218,1.0000,0.0000,-0.7374,0.5364,0.2648
2012-02,2012-04,0.1987,0.0000,0.0000,0.9057,0.6991,0.0000,0.0000,0.5777,1.0000,0.0000,-1.0000,0.7798,0.2924
2012-03,2012-05,0.2968,0.0000,0.0000,1.0000,0.6991,0.0000,0.0000,0.3982,1.0000,0.0000,-0.8940,1.0000,0.3148
2012-04,2012-06,0.1106,0.0000,0.0000,0.9586,0.3357,0.0000,0.0000,0.4037,1.0000,0.0000,-0.9533,1.0000,0.2559
2012-05,2012-07,-0.1982,0.0000,0.0000,0.3607,0.3357,0.0000,0.0000,-0.5731,1.0000,0.0000,-0.0313,1.0000,0.1487
2012-06,2012-08,-0.2358,0.0000,0.0000,0.3022,0.3357,0.0000,0.0000,-0.1762,1.0000,0.0000,0.0546,1.0000,0.1830
2012-07,2012-09,-0.3387,0.0000,0.0000,0.9073,0.3350,0.0000,0.0000,-0.1632,1.0000,0.0000,-0.0891,1.0000,0.2128
2012-08,2012-10,-0.3232,0.0000,0.0000,1.0000,0.3350,0.0000,0.0000,-0.0160,0.9985,0.0000,-0.4903,1.0000,0.2059
2012-09,2012-11,-0.3104,0.0000,0.0000,1.0000,0.3350,0.0000,0.0000,0.2862,0.9589,0.0000,-0.2668,1.0000,0.2479
2012-10,2012-12,-0.3724,0.0000,0.0000,0.9602,0.0633,0.0000,0.0000,0.2204,0.9599,0.0000,0.0244,1.0000,0.2305
2012-11,2013-01,-0.4523,0.0000,0.0000,0.8444,0.0633,0.0000,0.0000,0.2396,0.9771,0.0000,-0.0914,1.0000,0.2068
2012-12,2013-02,-0.3295,0.0000,0.0000,0.7156,0.0633,0.0000,0.0000,0.2504,1.0000,0.0000,-0.2600,1.0000,0.2007
2013-01,2013-03,-0.1108,0.0000,0.0000,1.0000,-0.5155,0.0000,0.0000,0.3253,1.0000,0.0000,-0.5458,1.0000,0.1861
2013-02,2013-04,-0.2341,0.0000,0.0000,1.0000,-0.5155,0.0000,0.0000,0.0010,1.0000,0.0000,-0.2738,1.0000,0.1623
2013-03,2013-05,-0.2531,0.0000,0.0000,1.0000,-0.5155,0.0000,0.0000,0.0214,1.0000,0.0000,-0.5406,1.0000,0.1422
2013-04,2013-06,-0.4161,0.0000,0.0000,1.0000,-0.3736,0.0000,0.0000,0.2615,1.0000,0.0000,-0.3606,1.0000,0.1717
2013-05,2013-07,-0.0221,0.0000,0.0000,1.0000,-0.3736,0.0000,0.0000,-0.2487,1.0000,0.0000,-0.3374,1.0000,0.1700
2013-06,2013-08,0.2803,0.0000,0.0000,0.4542,-0.3736,0.0000,0.0000,-0.3939,1.0000,0.0000,-0.6575,1.0000,0.1205
2013-07,2013-09,0.3961,0.0000,0.0000,0.9585,-0.3230,0.0000,0.0000,-0.1880,1.0000,0.0000,-1.0000,1.0000,0.1738
2013-08,2013-10,0.5160,0.0000,0.0000,0.8689,-0.3230,0.0000,0.0000,-0.4672,1.0000,0.0000,-1.0000,1.0000,0.1536
2013-09,2013-11,0.5350,0.0000,0.0000,0.7474,-0.3230,0.0000,0.0000,-0.0027,1.0000,0.0000,-1.0000,1.0000,0.1889
2013-10,2013-12,0.6733,0.0000,0.0000,0.6005,-0.1470,0.0000,0.0000,0.0160,1.0000,0.0000,-0.6815,1.0000,0.2324
2013-11,2014-01,1.0000,0.0000,0.0000,0.9717,-0.1470,0.0000,0.0000,-0.2628,1.0000,0.0000,-0.4314,1.0000,0.2929
2013-12,2014-02,1.0000,0.0000,0.0000,0.7403,-0.1470,0.0000,0.0000,-0.2724,1.0000,0.0000,-0.7603,1.0000,0.2480
2014-01,2014-03,0.9750,0.0000,0.0000,0.7135,-0.2467,0.0000,0.0000,-0.7980,1.0000,0.0000,-0.7093,1.0000,0.1892
2014-02,2014-04,0.9514,0.0000,0.0000,0.5019,-0.2467,0.0000,0.0000,-0.6998,1.0000,0.0000,-1.0000,1.0000,0.1562
2014-03,2014-05,0.7594,0.0000,0.0000,0.5768,-0.2467,0.0000,0.0000,-0.7707,1.0000,0.0000,-0.9912,1.0000,0.1350
2014-04,2014-06,0.5806,0.0000,0.0000,0.6683,0.0053,0.0000,0.0000,-0.7307,1.0000,0.0000,-0.8744,1.0000,0.1563
2014-05,2014-07,0.4240,0.0000,0.0000,0.9167,0.0053,0.0000,0.0000,-0.6964,1.0000,0.0000,-1.0000,1.0000,0.1535
2014-06,2014-08,0.2436,0.0000,0.0000,1.0000,0.0053,0.0000,0.0000,-0.5079,1.0000,0.0000,-1.0000,0.8863,0.1515
2014-07,2014-09,0.3485,0.0000,0.0000,0.8592,0.0425,0.0000,0.0000,-1.0000,1.0000,0.0000,-0.6085,0.7572,0.1306
2014-08,2014-10,0.1511,0.0000,0.0000,0.6463,0.0425,0.0000,0.0000,-1.0000,1.0000,0.0000,-0.5486,0.6431,0.0886
2014-09,2014-11,0.2199,0.0000,0.0000,0.6517,0.0425,0.0000,0.0000,-1.0000,1.0000,0.0000,0.1381,0.5483,0.1428
2014-10,2014-12,0.1258,0.0000,0.0000,-0.4915,-0.1509,0.0000,0.0000,-1.0000,1.0000,0.0000,1.0000,0.4862,0.0808
2014-11,2015-01,-0.0186,0.0000,0.0000,0.7812,-0.1509,0.0000,0.0000,-1.0000,1.0000,0.0000,1.0000,0.4428,0.1692
2014-12,2015-02,-0.5923,0.0000,0.0000,-0.3808,-0.1509,0.0000,0.0000,-1.0000,1.0000,0.0000,1.0000,0.3943,0.0044
2015-01,2015-03,-0.7468,0.0000,0.0000,-1.0000,-0.2253,0.0000,0.0000,-1.0000,1.0000,0.0000,1.0000,0.3296,-0.0749
2015-02,2015-04,-0.5577,0.0000,0.0000,-0.2723,-0.2253,0.0000,0.0000,-1.0000,1.0000,0.0000,1.0000,0.2956,0.0056
2015-03,2015-05,-0.5367,0.0000,0.0000,0.1964,-0.2253,0.0000,0.0000,-1.0000,1.0000,0.0000,1.0000,0.2896,0.0471
2015-04,2015-06,-0.5620,0.0000,0.0000,0.7377,-0.4074,0.0000,0.0000,-1.0000,1.0000,0.0000,1.0000,0.2965,0.0748
2015-05,2015-07,-0.5190,0.0000,0.0000,0.7889,-0.4074,0.0000,0.0000,-1.0000,1.0000,0.0000,1.0000,0.3146,0.0850
2015-06,2015-08,-0.4351,0.0000,0.0000,0.2295,-0.4074,0.0000,0.0000,-1.0000,1.0000,0.0000,1.0000,0.3157,0.0474
2015-07,2015-09,-0.6339,0.0000,0.0000,0.1766,-0.6434,0.0000,0.0000,-1.0000,1.0000,0.0000,1.0000,0.3114,0.0006
2015-08,2015-10,-0.8469,0.0000,0.0000,-1.0000,-0.6434,0.0000,0.0000,-1.0000,1.0000,0.0000,1.0000,0.3055,-0.1226
2015-09,2015-11,-0.9085,0.0000,0.0000,-1.0000,-0.6434,0.0000,0.0000,-1.0000,1.0000,0.0000,1.0000,0.3023,-0.1297
2015-10,2015-12,-0.6256,0.0000,0.0000,-0.7348,-0.7734,0.0000,0.0000,-1.0000,1.0000,0.0000,1.0000,0.3005,-0.0867
2015-11,2016-01,-0.7759,0.0000,0.0000,-0.5024,-0.7734,0.0000,0.0000,-1.0000,1.0000,0.0000,1.0000,0.3017,-0.0840
2015-12,2016-02,-1.0000,0.0000,0.0000,-1.0000,-0.7734,0.0000,0.0000,-1.0000,1.0000,0.0000,1.0000,0.2848,-0.1519
2016-01,2016-03,-1.0000,0.0000,0.0000,-1.0000,-0.4072,0.0000,0.0000,-1.0000,1.0000,0.0000,1.0000,0.2737,-0.1217
2016-02,2016-04,-1.0000,0.0000,0.0000,-1.0000,-0.4072,0.0000,0.0000,-1.0000,1.0000,0.0000,1.0000,0.2315,-0.1241
2016-03,2016-05,-1.0000,0.0000,0.0000,-0.0774,-0.4072,0.0000,0.0000,-1.0000,1.0000,0.0000,1.0000,0.1807,-0.0493
2016-04,2016-06,-1.0000,0.0000,0.0000,0.4415,-0.3086,0.0000,0.0000,-1.0000,1.0000,0.0000,1.0000,0.1601,0.0015
2016-05,2016-07,-1.0000,0.0000,0.0000,0.2717,-0.3086,0.0000,0.0000,-1.0000,0.9968,0.0000,1.0000,0.1360,-0.0145
2016-06,2016-08,-1.0000,0.0000,0.0000,-0.7010,-0.3086,0.0000,0.0000,-1.0000,0.9719,0.0000,1.0000,0.1092,-0.1006
2016-07,2016-09,-1.0000,0.0000,0.0000,0.8300,-0.1867,0.0000,0.0000,-1.0000,0.9378,0.0000,1.0000,0.0869,0.0333
2016-08,2016-10,-1.0000,0.0000,0.0000,1.0000,-0.1867,0.0000,0.0000,-1.0000,0.8983,0.0000,1.0000,0.0798,0.0428
2016-09,2016-11,-1.0000,0.0000,0.0000,0.4496,-0.1867,0.0000,0.0000,-1.0000,0.8608,0.0000,1.0000,0.0515,-0.0093
2016-10,2016-12,-1.0000,0.0000,0.0000,0.3218,0.2601,0.0000,0.0000,-1.0000,0.8358,0.0000,1.0000,0.0011,0.0119
2016-11,2017-01,-1.0000,0.0000,0.0000,0.1312,0.2601,0.0000,0.0000,-1.0000,0.7967,0.0000,1.0000,-0.0412,-0.0109
2016-12,2017-02,-1.0000,0.0000,0.0000,1.0000,0.2601,0.0000,0.0000,-1.0000,0.7768,0.0000,0.8551,-0.0689,0.0476
2017-01,2017-03,-1.0000,0.0000,0.0000,1.0000,0.3963,0.0000,0.0000,-1.0000,0.7520,0.0000,0.8652,-0.0631,0.0573
2017-02,2017-04,-1.0000,0.0000,0.0000,1.0000,0.3963,0.0000,0.0000,-1.0000,0.7496,0.0000,0.7876,-0.0949,0.0495
2017-03,2017-05,-1.0000,0.0000,0.0000,1.0000,0.3963,0.0000,0.0000,-1.0000,0.7251,0.0000,0.8956,-0.1148,0.0537
2017-04,2017-06,-1.0000,0.0000,0.0000,0.6622,0.1516,0.0000,0.0000,-1.0000,0.7006,0.0000,0.9144,-0.1425,0.0018
2017-05,2017-07,-1.0000,0.0000,0.0000,1.0000,0.1516,0.0000,0.0000,-1.0000,0.6593,0.0000,0.9259,-0.1417,0.0265
2017-06,2017-08,-1.0000,0.0000,0.0000,1.0000,0.1516,0.0000,0.0000,-0.9753,0.6408,0.0000,0.9857,-0.1401,0.0313
2017-07,2017-09,-1.0000,0.0000,0.0000,1.0000,0.2803,0.0000,0.0000,-0.7186,0.6205,0.0000,0.7913,-0.1431,0.0491
2017-08,2017-10,-1.0000,0.0000,0.0000,0.9152,0.2803,0.0000,0.0000,-0.6454,0.5742,0.0000,0.8794,-0.1396,0.0504
2017-09,2017-11,-1.0000,0.0000,0.0000,1.0000,0.2803,0.0000,0.0000,-0.6960,0.5585,0.0000,0.6772,-0.1512,0.0353
2017-10,2017-12,-1.0000,0.0000,0.0000,1.0000,-0.4199,0.0000,0.0000,-0.8537,0.5486,0.0000,0.5482,-0.1486,-0.0490
2017-11,2018-01,-1.0000,0.0000,0.0000,1.0000,-0.4199,0.0000,0.0000,-0.6802,0.4783,0.0000,0.4062,-0.1345,-0.0505
2017-12,2018-02,-1.0000,0.0000,0.0000,1.0000,-0.4199,0.0000,0.0000,-0.6115,0.4808,0.0000,0.2627,-0.0787,-0.0514
2018-01,2018-03,-1.0000,0.0000,0.0000,0.8993,-0.3966,0.0000,0.0000,-0.2119,0.3809,0.0000,0.0627,-0.0682,-0.0461
2018-02,2018-04,-1.0000,0.0000,0.0000,-1.0000,-0.3966,0.0000,0.0000,-0.3743,0.2771,0.0000,0.1839,0.0447,-0.2173
2018-03,2018-05,-1.0000,0.0000,0.0000,-1.0000,-0.3966,0.0000,0.0000,-0.2422,0.2369,0.0000,0.0175,0.0699,-0.2205
2018-04,2018-06,-1.0000,0.0000,0.0000,-0.8757,-0.1398,0.0000,0.0000,-0.4387,0.1269,0.0000,-0.1587,0.0673,-0.2324
2018-05,2018-07,-1.0000,0.0000,0.0000,0.1690,-0.1398,0.0000,0.0000,-0.7366,-0.1101,0.0000,-0.1099,0.0465,-0.1965
2018-06,2018-08,-1.0000,0.0000,0.0000,0.2762,-0.1398,0.0000,0.0000,-0.8654,-0.2929,0.0000,-0.4438,0.0284,-0.2460
2018-07,2018-09,-1.0000,0.0000,0.0000,0.4001,-0.3632,0.0000,0.0000,-0.7721,-0.5463,0.0000,-0.2899,-0.0227,-0.2654
2018-08,2018-10,-1.0000,0.0000,0.0000,0.5109,-0.3632,0.0000,0.0000,-0.9400,-1.0000,0.0000,-0.3282,-0.1284,-0.3315
2018-09,2018-11,-1.0000,0.0000,0.0000,0.3714,-0.3632,0.0000,0.0000,-0.8536,-1.0000,0.0000,-0.5216,-0.2424,-0.3560
2018-10,2018-12,-1.0000,0.0000,0.0000,-1.0000,0.1743,0.0000,0.0000,-1.0000,-1.0000,0.0000,-0.1708,-0.3152,-0.4177
2018-11,2019-01,-1.0000,0.0000,0.0000,-1.0000,0.1743,0.0000,0.0000,-1.0000,-1.0000,0.0000,0.5231,-0.5128,-0.3769
2018-12,2019-02,-1.0000,0.0000,0.0000,-1.0000,0.1743,0.0000,0.0000,-1.0000,-1.0000,0.0000,0.7816,-0.8360,-0.3756
2019-01,2019-03,-1.0000,0.0000,0.0000,-1.0000,-0.0961,0.0000,0.0000,-0.6907,-1.0000,0.0000,0.3045,-1.0000,-0.4144
2019-02,2019-04,-1.0000,0.0000,0.0000,-0.2663,-0.0961,0.0000,0.0000,-0.7628,-1.0000,0.0000,0.0883,-1.0000,-0.3755
2019-03,2019-05,-1.0000,0.0000,0.0000,-0.0700,-0.0961,0.0000,0.0000,-0.8850,-1.0000,0.0000,-0.1230,-1.0000,-0.3863
2019-04,2019-06,-1.0000,0.0000,0.0000,0.3444,-0.2587,0.0000,0.0000,-0.8999,-1.0000,0.0000,-0.3930,-1.0000,-0.3867
2019-05,2019-07,-1.0000,0.0000,0.0000,-0.6799,-0.2587,0.0000,0.0000,-1.0000,-1.0000,0.0000,0.2120,-1.0000,-0.4369
2019-06,2019-08,-1.0000,0.0000,0.0000,-0.4561,-0.2587,0.0000,0.0000,-0.7449,-1.0000,0.0000,-0.1725,-1.0000,-0.4230
2019-07,2019-09,-1.0000,0.0000,0.0000,0.2475,-0.0522,0.0000,0.0000,-0.9173,-1.0000,0.0000,-0.2691,-1.0000,-0.3698
2019-08,2019-10,-1.0000,0.0000,0.0000,-1.0000,-0.0522,0.0000,0.0000,-1.0000,-1.0000,0.0000,-0.0524,-1.0000,-0.4663
2019-09,2019-11,-1.0000,0.0000,0.0000,-0.3106,-0.0522,0.0000,0.0000,-1.0000,-1.0000,0.0000,-0.0218,-1.0000,-0.4060
2019-10,2019-12,-1.0000,0.0000,0.0000,-0.2785,0.0321,0.0000,0.0000,-1.0000,-1.0000,0.0000,-0.0631,-1.0000,-0.3993
2019-11,2020-01,-0.9340,0.0000,0.0000,0.4993,0.0321,0.0000,0.0000,-1.0000,-1.0000,0.0000,-0.5233,-1.0000,-0.3609
2019-12,2020-02,-0.7298,0.0000,0.0000,0.1754,0.0321,0.0000,0.0000,-0.6391,-0.7042,0.0000,-0.8324,-1.0000,-0.3214
2020-01,2020-03,-0.8654,0.0000,0.0000,0.1441,-0.3604,0.0000,0.0000,-0.9237,-0.7416,0.0000,0.2070,-0.8641,-0.3177
2020-02,2020-04,-0.7610,0.0000,0.0000,-1.0000,-0.3604,0.0000,0.0000,-1.0000,-0.6860,0.0000,0.9232,-0.6077,-0.3352
2020-03,2020-05,0.0540,0.0000,0.0000,-1.0000,-0.3604,0.0000,0.0000,-1.0000,1.0000,0.0000,1.0000,-0.4576,-0.0406
2020-04,2020-06,0.4124,0.0000,0.0000,-1.0000,-0.7751,0.0000,0.0000,-1.0000,1.0000,0.0000,1.0000,-0.4954,-0.0374
2020-05,2020-07,0.4779,0.0000,0.0000,-1.0000,-0.7751,0.0000,0.0000,-1.0000,1.0000,0.0000,1.0000,-0.7582,-0.0448
2020-06,2020-08,0.4826,0.0000,0.0000,-1.0000,-0.7751,0.0000,0.0000,-1.0000,1.0000,0.0000,1.0000,-0.6990,-0.0409
2020-07,2020-09,0.4177,0.0000,0.0000,-0.9010,0.9925,0.0000,0.0000,-0.9324,1.0000,0.0000,0.9994,-0.1488,0.1459
2020-08,2020-10,0.5955,0.0000,0.0000,-0.4517,0.9925,0.0000,0.0000,-0.4923,1.0000,0.0000,0.7645,0.9334,0.2879
2020-09,2020-11,0.5907,0.0000,0.0000,-0.9063,0.9925,0.0000,0.0000,-0.8096,1.0000,0.0000,0.9767,1.0000,0.2391
2020-10,2020-12,0.8439,0.0000,0.0000,-1.0000,0.5470,0.0000,0.0000,-0.5505,1.0000,0.0000,1.0000,1.0000,0.2481
2020-11,2021-01,0.7786,0.0000,0.0000,-0.5284,0.5470,0.0000,0.0000,0.3063,1.0000,0.0000,0.5129,1.0000,0.3241
2020-12,2021-02,0.9560,0.0000,0.0000,-0.2150,0.5470,0.0000,0.0000,0.8515,1.0000,0.0000,0.2593,1.0000,0.4023
2021-01,2021-03,1.0000,0.0000,0.0000,-0.4543,1.0000,0.0000,0.0000,0.6474,1.0000,0.0000,-0.0487,1.0000,0.3831
2021-02,2021-04,1.0000,0.0000,0.0000,-0.2574,1.0000,0.0000,0.0000,0.3842,1.0000,0.0000,-0.8620,1.0000,0.3143
2021-03,2021-05,1.0000,0.0000,0.0000,-0.1061,1.0000,0.0000,0.0000,0.1160,1.0000,0.0000,-0.6211,1.0000,0.3200
2021-04,2021-06,1.0000,0.0000,0.0000,0.3780,1.0000,0.0000,0.0000,0.6559,1.0000,0.0000,-0.9871,1.0000,0.3838
2021-05,2021-07,1.0000,0.0000,0.0000,0.1385,1.0000,0.0000,0.0000,1.0000,1.0000,0.0000,-1.0000,1.0000,0.3948
2021-06,2021-08,1.0000,0.0000,0.0000,0.4621,1.0000,0.0000,0.0000,0.5060,1.0000,0.0000,-1.0000,1.0000,0.3759
2021-07,2021-09,1.0000,0.0000,0.0000,0.4075,0.5056,0.0000,0.0000,0.4759,1.0000,0.0000,-1.0000,1.0000,0.3269
2021-08,2021-10,1.0000,0.0000,0.0000,0.4424,0.5056,0.0000,0.0000,0.3496,1.0000,0.0000,-1.0000,1.0000,0.3180
2021-09,2021-11,1.0000,0.0000,0.0000,0.1993,0.5056,0.0000,0.0000,-0.0978,1.0000,0.0000,-1.0000,1.0000,0.2558
2021-10,2021-12,1.0000,0.0000,0.0000,0.4189,0.7629,0.0000,0.0000,0.0546,1.0000,0.0000,-1.0000,1.0000,0.3101
2021-11,2022-01,0.9218,0.0000,0.0000,0.3434,0.7629,0.0000,0.0000,-0.5790,1.0000,0.0000,-0.8387,1.0000,0.2478
2021-12,2022-02,0.7805,0.0000,0.0000,0.0040,0.7629,0.0000,0.0000,-0.3191,1.0000,0.0000,-1.0000,1.0000,0.2157
2022-01,2022-03,0.5617,0.0000,0.0000,-0.1949,0.1174,0.0000,0.0000,-0.4097,1.0000,0.0000,-1.0000,1.0000,0.1116
2022-02,2022-04,0.2875,0.0000,0.0000,-0.4590,0.1174,0.0000,0.0000,-0.3089,1.0000,0.0000,-1.0000,1.0000,0.0681
2022-03,2022-05,-0.2101,0.0000,0.0000,-0.5633,0.1174,0.0000,0.0000,-0.3064,1.0000,0.0000,-1.0000,1.0000,0.0038
2022-04,2022-06,-0.0838,0.0000,0.0000,-0.2279,-0.0543,0.0000,0.0000,-1.0000,1.0000,0.0000,-1.0000,1.0000,-0.0331
2022-05,2022-07,-0.1542,0.0000,0.0000,-0.7691,-0.0543,0.0000,0.0000,-1.0000,1.0000,0.0000,-1.0000,1.0000,-0.0866
2022-06,2022-08,-0.7080,0.0000,0.0000,-0.6037,-0.0543,0.0000,0.0000,-1.0000,1.0000,0.0000,-1.0000,1.0000,-0.1347
2022-07,2022-09,-1.0000,0.0000,0.0000,-0.1850,-0.2160,0.0000,0.0000,-1.0000,1.0000,0.0000,-1.0000,1.0000,-0.1459
2022-08,2022-10,-1.0000,0.0000,0.0000,0.1678,-0.2160,0.0000,0.0000,-1.0000,1.0000,0.0000,-1.0000,0.5827,-0.1396
2022-09,2022-11,-1.0000,0.0000,0.0000,-0.4245,-0.2160,0.0000,0.0000,-1.0000,1.0000,0.0000,-0.8482,0.2122,-0.1988
2022-10,2022-12,-1.0000,0.0000,0.0000,-0.7075,-0.4604,0.0000,0.0000,-1.0000,1.0000,0.0000,-1.0000,-0.0396,-0.2687
2022-11,2023-01,-1.0000,0.0000,0.0000,0.1638,-0.4604,0.0000,0.0000,-1.0000,1.0000,0.0000,-0.8184,-0.2978,-0.1963
2022-12,2023-02,-1.0000,0.0000,0.0000,0.3955,-0.4604,0.0000,0.0000,-1.0000,1.0000,0.0000,-0.7819,-0.5987,-0.1909
2023-01,2023-03,-1.0000,0.0000,0.0000,0.6446,0.0414,0.0000,0.0000,-0.6949,1.0000,0.0000,-0.7063,-0.8830,-0.1096
2023-02,2023-04,-1.0000,0.0000,0.0000,0.6538,0.0414,0.0000,0.0000,-1.0000,0.9438,0.0000,-0.5883,-1.0000,-0.1413
2023-03,2023-05,-1.0000,0.0000,0.0000,0.4685,0.0414,0.0000,0.0000,-0.7264,1.0000,0.0000,-0.5183,-1.0000,-0.1198
2023-04,2023-06,-1.0000,0.0000,0.0000,1.0000,-0.3410,0.0000,0.0000,-0.6663,0.9631,0.0000,-0.5648,-1.0000,-0.1093
2023-05,2023-07,-1.0000,0.0000,0.0000,1.0000,-0.3410,0.0000,0.0000,-1.0000,0.8474,0.0000,-0.1335,-1.0000,-0.1212
2023-06,2023-08,-1.0000,0.0000,0.0000,1.0000,-0.3410,0.0000,0.0000,-0.6405,0.7971,0.0000,-0.2632,-1.0000,-0.1029
2023-07,2023-09,-1.0000,0.0000,0.0000,1.0000,0.0348,0.0000,0.0000,-0.2102,0.7222,0.0000,-0.8027,-1.0000,-0.0799
2023-08,2023-10,-1.0000,0.0000,0.0000,1.0000,0.0348,0.0000,0.0000,-0.8298,0.6359,0.0000,-0.8725,-0.9069,-0.1474
2023-09,2023-11,-1.0000,0.0000,0.0000,1.0000,0.0348,0.0000,0.0000,-1.0000,0.5511,0.0000,-1.0000,-0.6948,-0.1705
2023-10,2023-12,-1.0000,0.0000,0.0000,0.5736,0.4544,0.0000,-1.0000,-1.0000,0.4784,0.0000,-0.7391,-0.5810,-0.2468
2023-11,2024-01,-1.0000,0.0000,0.0000,1.0000,0.4544,0.0000,0.8305,-0.7199,0.3958,0.0000,-0.4313,-0.5228,0.0033
2023-12,2024-02,-1.0000,0.0000,0.0000,1.0000,0.4544,0.0000,1.0000,-0.2346,0.3266,0.0000,-0.2288,-0.4511,0.0759
2024-01,2024-03,-1.0000,0.0000,0.0000,1.0000,-0.0483,0.0000,0.8085,-0.7315,0.2559,0.0000,-0.4263,-0.3877,-0.0498
2024-02,2024-04,-1.0000,0.0000,0.0000,1.0000,-0.0483,0.0000,1.0000,-0.8969,0.1938,0.0000,-0.5523,-0.3496,-0.0616
2024-03,2024-05,-1.0000,0.0000,0.0000,1.0000,-0.0483,0.0000,1.0000,-0.8271,0.1172,0.0000,-0.7624,-0.3615,-0.0801
2024-04,2024-06,-1.0000,0.0000,0.0000,0.7755,0.0162,0.0000,1.0000,-1.0000,0.0369,0.0000,-0.7206,-0.3945,-0.1174
2024-05,2024-07,-1.0000,0.0000,0.0000,1.0000,0.0162,0.0000,0.9681,-1.0000,-0.0711,0.0000,-0.4335,-0.4661,-0.0962
2024-06,2024-08,-1.0000,0.0000,0.0000,1.0000,0.0162,0.0000,0.8653,-1.0000,-0.1460,0.0000,-0.6499,-0.5451,-0.1348
2024-07,2024-09,-0.9818,0.0000,0.0000,0.9956,-0.2555,0.0000,0.7162,-1.0000,-0.2287,0.0000,-0.4641,-0.6321,-0.1702
2024-08,2024-10,-0.8110,0.0000,0.0000,0.0455,-0.2555,0.0000,0.8551,-0.9657,-0.3235,0.0000,-0.2131,-0.7312,-0.2122
2024-09,2024-11,-0.6372,0.0000,0.0000,0.3545,-0.2555,0.0000,1.0000,-0.6914,-0.4202,0.0000,0.0819,-0.7937,-0.1198
2024-10,2024-12,-0.5764,0.0000,0.0000,-0.0812,0.2001,0.0000,1.0000,-1.0000,-0.5469,0.0000,0.0541,-0.8442,-0.1593
2024-11,2025-01,-0.5704,0.0000,0.0000,0.6698,0.2001,0.0000,1.0000,-1.0000,-0.7319,0.0000,0.1282,-0.8195,-0.1093
2024-12,2025-02,-0.3162,0.0000,0.0000,0.6662,0.2001,0.0000,1.0000,-1.0000,-0.8632,0.0000,-0.0702,-0.7793,-0.1084
2025-01,2025-03,-0.2525,0.0000,0.0000,0.4611,-0.7233,0.0000,1.0000,-1.0000,-1.0000,0.0000,-0.0730,-0.7582,-0.2105
2025-02,2025-04,-0.3221,0.0000,0.0000,0.3825,-0.7233,0.0000,0.9572,-1.0000,-1.0000,0.0000,0.0933,-0.7887,-0.2182
2025-03,2025-05,-0.2413,0.0000,0.0000,-0.6305,-0.7233,0.0000,-0.5401,-1.0000,-1.0000,0.0000,0.0427,-0.8667,-0.4424
2025-04,2025-06,-0.0605,0.0000,0.0000,-1.0000,-0.8321,0.0000,-1.0000,-0.6491,-1.0000,0.0000,0.8010,-0.9522,-0.4207
2025-05,2025-07,-0.0849,0.0000,0.0000,-0.3488,-0.8321,0.0000,0.0475,-0.4726,-1.0000,0.0000,0.7427,-1.0000,-0.2613
2025-06,2025-08,-0.0724,0.0000,0.0000,0.0098,-0.8321,0.0000,0.8331,0.0181,-1.0000,0.0000,0.4952,-1.0000,-0.1289
2025-07,2025-09,-0.1258,0.0000,0.0000,0.3976,-0.1532,0.0000,1.0000,-0.4511,-1.0000,0.0000,0.2837,-1.0000,-0.0893
2025-08,2025-10,0.0403,0.0000,0.0000,0.4996,-0.1532,0.0000,1.0000,-0.1189,-1.0000,0.0000,0.7221,-1.0000,0.0018
2025-09,2025-11,0.0182,0.0000,0.0000,0.4469,-0.1532,0.0000,1.0000,-0.0928,-1.0000,0.0000,0.8648,-1.0000,0.0080
2025-10,2025-12,0.0265,0.0000,0.0000,-0.1875,-0.2755,0.0000,0.7229,-0.3397,-1.0000,0.0000,1.0000,-1.0000,-0.0936
2025-11,2026-01,0.1182,0.0000,0.0000,-0.6804,-0.2755,0.0000,0.7471,-0.2453,-1.0000,0.0000,1.0000,-1.0000,-0.1137
2025-12,2026-02,0.2878,0.0000,0.0000,0.4352,-0.2755,0.0000,0.9670,0.0690,-1.0000,0.0000,1.0000,-1.0000,0.0491
2026-01,2026-03,0.3475,0.0000,0.0000,0.2306,1.0000,0.0000,0.7834,0.5147,-1.0000,0.0000,0.9666,-1.0000,0.1678
2026-02,2026-04,0.2643,0.0000,0.0000,-0.6327,1.0000,0.0000,0.2216,0.5633,-1.0000,0.0000,0.7810,-1.0000,0.0241
2026-03,2026-05,0.2417,0.0000,0.0000,-1.0000,1.0000,0.0000,-0.1536,-0.1607,-1.0000,0.0000,-1.0000,-0.9895,-0.2447
2026-04,2026-06,0.2885,0.0000,0.0000,-0.7119,1.0000,0.0000,0.8997,0.4411,-1.0000,0.0000,-1.0000,-0.9325,-0.0573
2026-05,2026-07,0.2898,0.0000,0.0000,-0.0294,1.0000,0.0000,1.0000,0.4447,-1.0000,0.0000,-0.9730,-0.8801,0.0149
2026-06,2026-08,0.1782,0.0000,0.0000,-0.1806,1.0000,0.0000,1.0000,-0.0486,-1.0000,0.0000,0.6006,-0.8801,0.0612
2026-07,2026-09,0.3600,0.2000,0.6000,0.0631,1.0000,-0.3000,0.7677,0.3225,-1.0000,-0.2000,-0.5759,-0.8801,0.0505
2026-08,2026-10,0.3697,0.2000,0.6000,0.4546,1.0000,-0.3000,1.0000,0.3225,-1.0000,-0.2000,-0.2391,-0.8801,0.1314
