date,LTC_kraken,ETC_kraken,LTC_okx,ETC_okx
2016-07-21,3.94,1.59,3.94,1.59
2016-07-28,3.73,2.626,3.73,2.626
2016-08-04,3.76,1.705,3.76,1.705
2016-08-11,3.62,1.74,3.62,1.74
2016-08-18,3.97,1.446,3.97,1.446
2016-08-25,3.65,1.19,3.65,1.19
2016-09-01,4.04,1.485,4.04,1.485
2016-09-08,3.85,1.303,3.85,1.303
2016-09-15,3.78,1.219,3.78,1.219
2016-09-22,3.84,1.241,3.84,1.241
2016-09-29,3.86,1.178,3.86,1.178
2016-10-06,3.8,1.035,3.8,1.035
2016-10-13,3.8,1.053,3.8,1.053
2016-10-20,3.95,1.032,3.95,1.032
2016-10-27,4.11,0.895,4.11,0.895
2016-11-03,3.82,0.914,3.82,0.914
2016-11-10,3.9,0.902,3.9,0.902
2016-11-17,3.92,0.814,3.92,0.814
2016-11-24,3.83,0.744,3.83,0.744
2016-12-01,3.65,0.823,3.65,0.823
2016-12-08,3.59,0.988,3.59,0.988
2016-12-15,3.61,1.131,3.61,1.131
2016-12-22,4.56,1.119,4.56,1.119
2016-12-29,4.58,1.762,4.58,1.762
2017-01-05,3.94,1.281,3.94,1.281
2017-01-12,3.9,1.21,3.9,1.21
2017-01-19,3.71,1.284,3.71,1.284
2017-01-26,4.07,1.354,4.07,1.354
2017-02-02,3.99,1.426,3.99,1.426
2017-02-09,3.9,1.262,3.9,1.262
2017-02-16,3.91,1.217,3.91,1.217
2017-02-23,3.86,1.393,3.86,1.393
2017-03-02,3.8,1.276,3.8,1.276
2017-03-09,4.35,1.77,4.35,1.77
2017-03-16,3.86,2.278,3.86,2.278
2017-03-23,4.28,2.323,4.28,2.323
2017-03-30,12.5,2.75,12.5,2.75
2017-04-06,11.8,2.634,11.8,2.634
2017-04-13,10.1,3.09,10.1,3.09
2017-04-20,15.01,4.599,15.01,4.599
2017-04-27,21.49,6.708,21.49,6.708
2017-05-04,31.78,6.418,31.78,6.418
2017-05-11,25.65,5.714,25.65,5.714
2017-05-18,33.8,18.3,33.8,18.3
2017-05-25,25.78,16.721,25.78,16.721
2017-06-01,28.48,17.097,28.48,17.097
2017-06-08,29.05,17.699,29.05,17.699
2017-06-15,43.73,19.165,43.73,19.165
2017-06-22,41.9,18.734,41.9,18.734
2017-06-29,53.19,17.34,53.19,17.34
2017-07-06,46.78,18.749,46.78,18.749
2017-07-13,39.9,14.15,39.9,14.15
2017-07-20,41.84,14.612,41.84,14.612
2017-07-27,41.85,14.517,41.85,14.517
2017-08-03,48.2,15.46,48.2,15.46
2017-08-10,44.05,14.149,44.05,14.149
2017-08-17,53.99,15.37,53.99,15.37
2017-08-24,65.8,15.96,65.8,15.96
2017-08-31,82.41,19.204,82.41,19.204
2017-09-07,61.88,14.278,61.88,14.278
2017-09-14,51.25,11.162,51.25,11.162
2017-09-21,57.0,13.2,57.0,13.2
2017-09-28,51.01,11.8,51.01,11.8
2017-10-05,50.75,11.408,50.75,11.408
2017-10-12,60.89,11.475,60.89,11.475
2017-10-19,56.39,10.43,56.39,10.43
2017-10-26,53.46,10.2,53.78,13.22
2017-11-02,62.16,13.89,57.37,16.06
2017-11-09,63.26,17.055,70.5,17.96
2017-11-16,71.88,18.0,84.92,21.32
2017-11-23,83.95,23.774,103.11,30.349
2017-11-30,97.87,25.426,139.82,25.79
2017-12-07,294.61,29.209,315.19,33.859
2017-12-14,298.0,38.846,245.85,25.4
2017-12-21,264.87,28.999,216.71,25.399
2017-12-28,243.0,33.382,279.47,34.73
2018-01-04,251.83,36.393,226.56,39.8
2018-01-11,187.5,29.644,187.25,30.37
2018-01-18,180.99,29.773,190.37,33.29
2018-01-25,162.3,28.269,159.96,22.471
2018-02-01,137.5,18.007,154.66,25.319
2018-02-08,212.79,34.727,223.4,32.435
2018-02-15,210.36,34.366,209.49,34.251
2018-02-22,201.84,33.344,208.0,29.28
2018-03-01,185.45,21.74,183.45,20.617
2018-03-08,160.24,16.998,138.55,14.528
2018-03-15,168.67,19.684,159.0,17.985
2018-03-22,131.54,16.05,110.03,13.074
2018-03-29,118.29,13.565,117.67,14.331
2018-04-05,117.97,14.64,130.34,16.542
2018-04-12,140.21,17.697,149.98,19.206
2018-04-19,144.63,18.616,151.38,21.355
2018-04-26,151.5,21.72,168.5,24.159
2018-05-03,156.45,21.333,143.54,18.63
2018-05-10,139.2,17.653,137.81,17.949
2018-05-17,118.61,14.764,118.35,15.188
2018-05-24,117.2,15.175,126.83,16.333
2018-05-31,121.34,15.2,113.15,14.341
2018-06-07,93.74,13.828,96.0,14.378
2018-06-14,97.99,17.327,73.51,13.202
2018-06-21,80.78,15.446,79.22,15.898
2018-06-28,84.99,16.884,84.5,18.462
2018-07-05,78.1,16.424,77.83,16.853
2018-07-12,86.24,17.34,83.29,16.361
2018-07-19,86.22,16.587,83.97,16.985
2018-07-26,77.48,15.564,74.07,16.616
2018-08-02,62.09,15.065,59.81,13.362
2018-08-09,54.32,13.146,58.38,13.44
2018-08-16,55.18,12.174,56.83,12.451
2018-08-23,61.5,13.073,64.73,13.176
2018-08-30,57.58,11.723,55.44,11.484
2018-09-06,51.71,10.703,56.3,11.12
2018-09-13,54.2,10.745,61.11,11.504
2018-09-20,57.17,10.99,60.68,11.329
2018-09-27,57.23,11.049,57.77,10.809
2018-10-04,57.58,10.758,54.1,9.698
2018-10-11,52.93,9.676,54.28,9.872
2018-10-18,51.91,9.622,52.05,9.627
2018-10-25,49.42,8.981,54.28,9.511
2018-11-01,53.88,9.59,50.33,9.107
2018-11-08,42.75,7.755,42.77,7.54
2018-11-15,34.37,5.692,29.36,4.509
2018-11-22,34.36,4.94,34.08,5.186
2018-11-29,28.7,3.951,26.1,3.965
2018-12-06,24.01,3.83,26.08,3.716
2018-12-13,29.02,4.335,32.09,4.754
2018-12-20,30.54,5.45,31.15,5.167
2018-12-27,32.97,5.375,38.09,5.171
2019-01-03,38.5,4.928,31.66,4.351
2019-01-10,31.37,4.262,30.6,4.19
2019-01-17,31.66,4.259,32.33,4.193
2019-01-24,31.54,3.963,33.61,3.918
2019-01-31,32.42,3.71,43.35,3.971
2019-02-07,41.27,4.062,42.9,4.09
2019-02-14,51.13,4.63,44.44,4.278
2019-02-21,44.94,4.276,47.7,4.227
2019-02-28,55.16,4.25,56.45,4.232
2019-03-07,55.17,4.206,60.78,4.424
2019-03-14,60.17,4.651,59.55,4.773
2019-03-21,61.35,4.788,60.16,4.797
2019-03-28,85.46,5.441,90.64,7.215
2019-04-04,88.41,7.057,78.05,6.229
2019-04-11,79.17,6.196,75.5,5.775
2019-04-18,73.25,5.65,70.57,5.627
2019-04-25,72.51,5.755,76.41,5.709
2019-05-02,73.79,5.682,84.66,5.816
2019-05-09,102.4,7.813,93.07,7.646
2019-05-16,87.73,6.936,100.49,7.212
2019-05-23,114.95,8.218,113.71,9.258
2019-05-30,103.91,8.143,115.44,8.196
2019-06-06,136.08,8.696,134.88,8.848
2019-06-13,136.66,8.637,141.31,9.283
2019-06-20,130.61,9.34,133.87,7.919
2019-06-27,121.84,8.62,117.8,7.802
2019-07-04,108.26,8.706,89.82,5.857
2019-07-11,90.34,5.901,98.22,6.187
2019-07-18,94.45,6.264,89.2,5.946
2019-07-25,98.85,6.184,93.15,6.095
2019-08-01,90.32,6.086,88.56,5.763
2019-08-08,75.56,5.58,76.31,5.596
2019-08-15,72.94,6.133,72.71,7.131
2019-08-22,66.77,6.639,64.84,6.22
2019-08-29,67.16,6.85,70.63,6.666
2019-09-05,69.74,6.505,70.22,6.282
2019-09-12,77.56,6.532,72.19,5.981
2019-09-19,57.45,4.908,53.02,4.497
2019-09-26,56.41,4.832,55.81,4.571
2019-10-03,59.33,5.123,57.28,4.76
2019-10-10,52.56,4.456,54.08,4.446
2019-10-17,49.42,4.268,59.99,4.822
2019-10-24,58.06,4.817,57.86,4.88
2019-10-31,64.15,5.072,62.89,4.966
2019-11-07,60.86,4.851,59.26,4.618
2019-11-14,54.88,4.327,44.42,3.788
2019-11-21,47.8,3.961,47.2,3.908
2019-11-28,44.66,3.734,45.94,3.932
2019-12-05,43.61,3.769,43.51,3.812
2019-12-12,40.83,3.774,40.97,4.201
2019-12-19,40.04,4.026,43.0,4.606
2019-12-26,41.52,4.489,44.02,4.95
2020-01-02,45.31,4.961,50.83,5.506
2020-01-09,58.12,7.97,56.67,8.378
2020-01-16,58.14,9.34,54.3,8.687
2020-01-23,59.61,12.194,71.97,11.5
2020-01-30,72.55,12.305,75.99,11.588
2020-02-06,81.22,12.255,74.27,9.778
2020-02-13,70.72,8.894,78.76,9.586
2020-02-20,60.5,7.742,58.64,7.742
2020-02-27,60.29,8.112,53.78,6.801
2020-03-05,48.56,6.582,36.0,4.956
2020-03-12,34.71,4.623,36.86,4.747
2020-03-19,39.38,5.014,38.38,5.002
2020-03-26,39.44,5.016,40.57,5.114
2020-04-02,46.58,5.87,43.17,5.407
2020-04-09,39.26,5.112,42.32,5.451
2020-04-16,41.83,5.382,43.98,5.949
2020-04-23,48.81,6.731,47.62,7.181
2020-04-30,45.04,6.857,41.7,6.196
2020-05-07,43.28,6.21,44.26,6.747
2020-05-14,44.18,6.464,43.32,6.587
2020-05-21,43.75,6.752,46.33,7.225
2020-05-28,47.11,6.95,45.82,6.713
2020-06-04,46.69,6.814,44.39,6.373
2020-06-11,44.04,6.281,43.38,6.256
2020-06-18,42.56,6.209,41.8,5.798
2020-06-25,41.77,5.726,41.39,5.614
2020-07-02,45.34,6.63,44.16,6.411
2020-07-09,43.32,6.209,41.94,5.98
2020-07-16,45.06,6.376,48.32,6.636
2020-07-23,55.26,7.242,56.47,7.055
2020-07-30,58.89,7.233,56.61,6.796
2020-08-06,54.5,6.741,61.86,7.167
2020-08-13,62.09,6.801,59.75,6.764
2020-08-20,58.1,6.454,61.27,6.533
2020-08-27,58.1,6.278,47.72,5.139
2020-09-03,47.86,5.065,47.97,4.998
2020-09-10,47.73,6.168,46.69,5.073
2020-09-17,42.89,5.764,45.99,5.464
2020-09-24,46.24,5.724,45.88,5.098
2020-10-01,46.61,5.551,50.75,5.341
2020-10-08,49.82,5.717,47.5,5.204
2020-10-15,53.13,5.642,59.17,5.475
2020-10-22,55.88,5.502,54.57,5.171
2020-10-29,54.75,4.891,61.34,5.203
2020-11-05,59.29,5.077,62.81,5.022
2020-11-12,73.63,6.074,82.22,6.135
2020-11-19,81.91,6.981,75.42,6.321
2020-11-26,89.01,6.236,81.88,6.118
2020-12-03,77.4,6.059,80.84,6.098
2020-12-10,93.16,6.452,119.06,6.75
2020-12-17,102.45,5.108,135.9,6.078
2020-12-24,130.02,5.681,150.86,6.354
2020-12-31,169.16,7.609,173.39,8.669
2021-01-07,147.54,7.61,142.37,7.632
2021-01-14,149.87,7.923,138.02,7.509
2021-01-21,122.74,6.858,126.81,7.248
2021-01-28,155.98,7.936,148.36,8.009
2021-02-04,182.23,10.39,212.53,16.002
2021-02-11,237.28,15.293,230.09,16.291
2021-02-18,181.63,11.905,155.95,9.836
2021-02-25,187.95,11.348,185.8,11.503
2021-03-04,200.15,11.977,217.11,13.07
2021-03-11,206.07,12.58,195.45,12.105
2021-03-18,176.13,11.373,185.28,11.966
2021-03-25,196.81,14.116,201.39,14.211
2021-04-01,219.35,19.142,252.52,20.221
2021-04-08,278.67,21.924,265.48,36.557
2021-04-15,256.3,32.196,234.33,31.318
2021-04-22,258.85,35.084,268.17,44.779
2021-04-29,356.23,94.745,366.73,122.147
2021-05-06,306.51,84.366,301.73,95.734
2021-05-13,186.13,59.688,135.79,47.437
2021-05-20,199.01,79.947,173.95,65.107
2021-05-27,187.17,68.312,176.33,64.217
2021-06-03,172.5,62.04,160.4,54.76
2021-06-10,166.52,55.286,148.58,48.876
2021-06-17,128.98,40.645,127.72,40.179
2021-06-24,144.17,57.934,145.88,57.561
2021-07-01,137.33,52.666,135.16,49.546
2021-07-08,130.97,45.62,117.9,41.337
2021-07-15,117.56,42.964,125.05,46.722
2021-07-22,140.43,49.229,145.94,52.226
2021-07-29,142.57,51.568,150.82,58.347
2021-08-05,170.88,60.985,180.44,74.788
2021-08-12,166.81,63.983,182.22,66.281
2021-08-19,177.85,63.669,174.58,63.63
2021-08-26,181.05,69.005,225.0,71.851
2021-09-02,179.65,58.858,183.89,58.433
2021-09-09,189.17,59.093,178.14,56.134
2021-09-16,161.42,51.2,153.0,47.565
2021-09-23,144.76,45.534,169.25,53.43
2021-09-30,178.71,54.862,180.58,55.055
2021-10-07,177.64,53.248,183.63,53.241
2021-10-14,207.26,55.5,189.09,53.9
2021-10-21,179.2,48.701,189.4,53.489
2021-10-28,207.3,55.534,199.82,53.776
2021-11-04,260.27,56.874,255.97,55.194
2021-11-11,229.67,51.165,224.22,51.47
2021-11-18,212.3,48.221,189.88,45.729
2021-11-25,209.0,47.812,150.43,37.407
2021-12-02,165.25,40.948,157.01,37.495
2021-12-09,153.58,36.101,155.11,35.38
2021-12-16,155.41,35.707,155.12,37.384
2021-12-23,145.48,33.86,151.35,35.405
2021-12-30,135.29,31.901,129.2,29.485
2022-01-06,141.91,31.157,145.7,32.298
2022-01-13,136.26,31.328,107.3,24.224
2022-01-20,107.07,24.295,110.71,25.42
2022-01-27,108.38,26.313,122.75,29.383
2022-02-03,140.16,33.79,128.04,32.802
2022-02-10,127.66,32.237,110.34,27.424
2022-02-17,105.37,26.525,108.8,28.934
2022-02-24,110.3,29.551,102.77,27.036
2022-03-03,106.87,28.121,105.16,26.23
2022-03-10,111.38,27.272,112.39,36.925
2022-03-17,122.53,45.276,125.85,46.193
2022-03-24,131.06,49.708,127.53,46.566
2022-03-31,111.79,38.289,112.27,41.15
2022-04-07,110.54,38.416,113.41,37.889
2022-04-14,111.93,36.506,104.87,34.672
2022-04-21,100.57,31.249,98.69,27.351
2022-04-28,106.35,30.656,93.43,26.497
2022-05-05,66.25,19.838,68.01,20.899
2022-05-12,65.83,19.768,70.94,20.638
2022-05-19,68.21,23.66,63.44,22.868
2022-05-26,62.66,22.087,63.13,21.966
2022-06-02,61.4,21.283,51.32,17.773
2022-06-09,50.63,15.794,51.65,14.764
2022-06-16,52.04,15.17,58.01,16.253
2022-06-23,53.59,15.117,49.49,14.46
2022-06-30,50.31,15.191,51.88,15.108
2022-07-07,49.64,14.408,55.38,19.634
2022-07-14,57.13,23.304,58.19,26.163
2022-07-21,59.07,32.885,61.5,39.285
2022-07-28,57.79,36.004,61.29,38.136
2022-08-04,61.63,38.622,65.27,42.328
2022-08-11,60.45,40.252,54.93,33.487
2022-08-18,56.41,35.33,55.65,32.624
2022-08-25,53.85,32.528,59.09,32.246
2022-09-01,57.32,38.841,62.77,38.709
2022-09-08,60.17,39.347,56.43,32.687
2022-09-15,51.12,27.933,53.99,28.826
2022-09-22,53.26,27.665,52.62,27.15
2022-09-29,54.63,27.614,53.65,27.142
2022-10-06,52.25,23.807,50.98,23.054
2022-10-13,50.93,22.362,52.33,22.921
2022-10-20,56.44,25.489,55.5,24.638
2022-10-27,60.94,23.01,69.1,26.228
2022-11-03,50.55,18.334,58.19,20.079
2022-11-10,57.55,19.91,61.92,18.982
2022-11-17,78.84,20.321,76.42,20.067
2022-11-24,79.22,20.351,76.4,19.406
2022-12-01,76.89,18.737,77.46,19.204
2022-12-08,75.38,18.828,77.46,19.204
2022-12-15,65.35,16.685,65.97,16.054
2022-12-22,66.3,15.117,70.35,15.69
2022-12-29,75.42,19.186,76.73,20.282
2023-01-05,84.11,20.434,88.46,22.295
2023-01-12,82.69,20.493,88.68,22.943
2023-01-19,89.41,21.92,95.33,22.339
2023-01-26,100.36,22.435,96.79,22.92
2023-02-02,99.23,22.615,93.56,21.427
2023-02-09,102.91,22.445,100.41,23.169
2023-02-16,95.25,22.483,94.02,21.167
2023-02-23,97.8,21.279,90.53,20.002
2023-03-02,82.69,18.281,67.9,16.881
2023-03-09,76.77,18.418,84.89,21.241
2023-03-16,87.35,20.084,92.68,20.176
2023-03-23,91.25,20.681,92.52,20.399
2023-03-30,92.63,21.18,89.4,20.32
2023-04-06,92.06,22.074,101.23,22.173
2023-04-13,90.53,20.335,85.99,19.762
2023-04-20,88.23,19.333,90.67,19.826
2023-04-27,88.85,19.542,83.88,18.962
2023-05-04,80.98,18.846,83.52,18.306
2023-05-11,93.85,18.553,91.71,18.09
2023-05-18,85.81,17.797,89.33,18.275
2023-05-25,90.42,18.012,95.54,18.227
2023-06-01,88.89,16.886,77.15,14.951
2023-06-08,73.1,14.736,77.59,15.482
2023-06-15,85.09,16.834,88.1,18.379
2023-06-22,82.98,17.598,111.85,20.241
2023-06-29,102.61,19.375,96.97,18.89
2023-07-06,96.31,18.821,94.83,19.168
2023-07-13,92.02,18.776,92.12,18.64
2023-07-20,90.64,18.324,94.57,18.863
2023-07-27,87.52,18.051,82.02,17.852
2023-08-03,83.99,17.86,82.96,17.643
2023-08-10,74.48,16.205,64.52,15.437
2023-08-17,65.63,16.151,65.57,15.994
2023-08-24,67.67,16.042,63.79,15.396
2023-08-31,62.86,15.481,60.94,14.998
2023-09-07,61.99,15.155,64.25,15.524
2023-09-14,64.6,15.576,64.7,15.252
2023-09-21,63.52,15.318,66.88,16.445
2023-09-28,64.42,15.625,65.4,15.483
2023-10-05,61.53,14.914,61.62,14.887
2023-10-12,60.22,14.802,64.75,15.441
2023-10-19,68.73,16.396,68.87,16.505
2023-10-26,69.97,17.772,70.44,17.846
2023-11-02,73.08,18.36,75.07,20.05
2023-11-09,74.07,19.884,69.44,19.11
2023-11-16,68.73,18.985,70.2,19.11
2023-11-23,70.0,18.749,71.75,19.6
2023-11-30,72.44,20.265,78.19,21.92
2023-12-07,73.13,20.752,72.76,20.22
2023-12-14,69.76,20.162,72.05,21.24
2023-12-21,75.99,22.709,73.95,22.28
2023-12-28,65.29,20.037,65.01,19.67
2024-01-04,70.06,26.332,71.68,27.65
2024-01-11,69.42,26.136,70.87,24.85
2024-01-18,66.07,23.029,67.64,23.83
2024-01-25,66.72,24.441,67.79,25.48
2024-02-01,68.6,25.161,72.28,25.91
2024-02-08,69.86,26.917,70.31,26.14
2024-02-15,68.94,26.117,70.03,27.06
2024-02-22,74.56,29.611,91.12,33.27
2024-02-29,85.95,37.28,87.86,36.02
2024-03-07,97.29,36.586,86.29,31.59
2024-03-14,84.74,30.597,89.36,31.27
2024-03-21,93.51,31.796,103.18,33.91
2024-03-28,98.38,30.636,102.29,33.82
2024-04-04,96.67,33.44,77.8,25.76
2024-04-11,80.16,25.395,84.38,27.61
2024-04-18,83.18,26.354,84.98,28.98
2024-04-25,80.11,25.599,81.58,27.56
2024-05-02,81.65,27.125,81.95,26.79
2024-05-09,82.5,27.091,82.9,27.67
2024-05-16,85.71,30.454,84.16,32.19
2024-05-23,83.48,30.423,83.09,29.38
2024-05-30,85.38,29.642,80.52,26.99
2024-06-06,78.45,26.116,79.16,25.53
2024-06-13,73.73,23.881,74.84,22.94
2024-06-20,70.95,23.67,74.72,23.38
2024-06-27,72.08,22.537,63.47,20.09
2024-07-04,66.96,21.017,69.46,22.39
2024-07-11,71.38,23.04,73.39,23.6
2024-07-18,71.25,22.735,70.83,22.6
2024-07-25,70.17,21.799,63.03,18.97
2024-08-01,55.9,18.186,60.13,18.86
2024-08-08,64.08,18.846,66.95,19.0
2024-08-15,64.29,19.469,65.25,20.17
2024-08-22,61.8,18.588,64.41,18.1
2024-08-29,65.41,18.097,60.61,17.64
2024-09-05,62.21,18.469,64.51,18.34
2024-09-12,64.81,18.29,66.86,18.82
2024-09-19,66.56,19.26,69.84,20.57
2024-09-26,62.96,17.926,67.35,18.87
2024-10-03,64.59,18.115,64.66,18.37
2024-10-10,70.1,19.366,74.86,20.13
2024-10-17,70.01,18.618,70.77,18.52
2024-10-24,71.77,19.447,65.92,17.64
2024-10-31,71.07,19.725,77.66,23.22
2024-11-07,75.52,22.068,88.42,25.7
2024-11-14,83.43,25.401,92.33,27.33
2024-11-21,97.24,33.008,108.66,32.89
2024-11-28,134.02,37.948,134.33,36.83
2024-12-05,117.41,33.622,120.05,33.03
2024-12-12,108.26,29.409,100.62,25.95
2024-12-19,109.75,27.242,100.75,26.07
2024-12-26,104.93,25.768,112.27,27.81
2025-01-02,101.37,25.328,102.9,25.53
2025-01-09,117.21,27.159,124.24,27.37
2025-01-16,115.28,26.835,122.21,26.83
2025-01-23,115.89,25.593,115.31,24.24
2025-01-30,103.37,20.644,108.02,20.27
2025-02-06,121.99,21.375,127.08,20.54
2025-02-13,134.9,21.208,127.2,20.49
2025-02-20,124.5,18.774,121.41,19.5
2025-02-27,104.79,20.531,99.93,18.76
2025-03-06,91.53,18.018,89.23,17.43
2025-03-13,94.1,18.557,92.74,17.7
2025-03-20,92.42,17.963,86.44,16.62
2025-03-27,81.52,16.108,78.88,15.55
2025-04-03,76.01,15.304,78.12,15.23
2025-04-10,74.32,14.881,76.01,15.89
2025-04-17,83.31,16.793,86.24,16.69
2025-04-24,83.58,16.536,86.64,16.25
2025-05-01,89.47,16.241,99.46,19.7
2025-05-08,101.03,19.843,101.82,19.07
2025-05-15,97.15,19.072,94.36,18.02
2025-05-22,95.31,18.456,87.74,16.95
2025-05-29,88.03,17.262,88.03,17.0
2025-06-05,91.55,18.081,86.14,16.68
2025-06-12,85.12,16.514,77.65,14.8
2025-06-19,84.7,16.225,86.63,16.41
2025-06-26,87.32,17.049,87.98,16.62
2025-07-03,90.66,17.663,96.14,18.47
2025-07-10,97.54,19.867,117.17,25.2
2025-07-17,112.06,22.599,113.54,22.94
2025-07-24,110.47,21.381,109.91,19.75
2025-07-31,119.23,20.282,124.24,23.19
2025-08-07,130.89,24.304,122.36,22.85
2025-08-14,116.02,21.534,119.31,23.34
2025-08-21,112.13,21.49,110.71,21.1
2025-08-28,112.95,20.832,114.72,20.44
2025-09-04,117.58,20.904,114.75,20.97
2025-09-11,117.03,20.905,115.47,19.94
2025-09-18,105.61,18.628,104.57,18.16
2025-09-25,115.14,19.53,119.82,19.78
2025-10-02,118.61,19.655,98.2,16.33
2025-10-09,95.54,16.28,94.15,15.79
2025-10-16,91.9,15.444,99.2,16.46
2025-10-23,98.55,15.994,98.38,16.0
2025-10-30,89.36,14.634,106.84,16.15
2025-11-06,97.58,15.296,97.8,14.74
2025-11-13,92.84,14.183,83.77,13.75
2025-11-20,86.84,14.137,83.92,13.91
2025-11-27,85.86,14.219,81.62,13.09
2025-12-04,84.32,13.678,78.9,12.86
2025-12-11,76.0,12.044,75.97,12.09
2025-12-18,75.73,12.025,79.35,12.27
2025-12-25,76.73,11.468,82.67,12.86
2026-01-01,81.64,12.879,80.54,12.45
2026-01-08,76.68,13.21,74.87,12.73
2026-01-15,68.44,11.677,69.51,11.42
2026-01-22,69.32,11.545,58.41,9.58
2026-01-29,58.7,9.329,54.9,8.66
2026-02-05,52.26,8.133,55.08,8.8
2026-02-12,53.31,8.427,53.32,8.677
2026-02-19,56.7,9.069,54.25,8.628
2026-02-26,56.81,8.845,52.69,8.024
2026-03-05,54.81,8.29,55.1,8.285
2026-03-12,56.1,8.518,54.24,8.131
2026-03-19,56.64,8.667,53.52,7.958
2026-03-26,53.83,8.19,53.22,8.538
2026-04-02,53.98,8.414,53.57,8.128
2026-04-09,55.15,8.446,55.46,8.466
2026-04-16,55.51,8.457,56.06,8.475
2026-04-23,55.31,8.347,55.35,8.479
2026-04-30,56.76,9.392,59.07,9.708
2026-05-07,56.98,9.263,56.0,9.018
2026-05-14,53.9,8.991,52.81,8.938
2026-05-21,51.9,8.448,51.96,8.107
2026-05-28,47.06,7.737,42.09,7.019
2026-06-04,41.72,6.942,44.04,7.009
2026-06-11,44.91,7.306,45.92,7.392
2026-06-18,41.14,6.979,42.92,7.035
2026-06-25,42.68,7.006,45.43,7.172
2026-07-02,43.64,6.887,44.8,6.942
2026-07-09,45.14,7.078,47.19,6.919
2026-07-16,47.13,6.923,47.75,6.971
2026-07-23,45.41,6.663,44.75,6.625
2026-07-30,45.19,6.431,45.2,6.48
