date,AAVE,ADA,APT,AR,ARB,AVAX,BTC,DOT,DYDX,ETH,FIL,GALA,JUP,LDO,LINK,POL,SKY,NEAR,OKB,ONDO,OP,RENDER,SOL,TAO,TIA,GRAM,TRX,UNI,ZEC,INJ,JOE,XLM,LTC,RON,XRP,GLM,BCH,ICP
2016-01-01,,,,,,,430.0,,,10.0,,,,,,,15.0,,,,,,,,,,,,400.0,,,,,,,,,
2016-01-08,,,,,,,538.86,,,14.53,,,,,,,18.09,,,,,,,,,,,,563.4,,,,,,,,,
2016-01-15,,,,,,,650.58,,,19.6,,,,,,,16.6,,,,,,,,,,,,538.06,,,,,,,,,
2016-01-22,,,,,,,772.59,,,26.71,,,,,,,18.56,,,,,,,,,,,,547.5,,,,,,,,,
2016-01-29,,,,,,,766.97,,,26.58,,,,,,,17.63,,,,,,,,,,,,526.82,,,,,,,,,
2016-02-05,,,,,,,814.19,,,28.18,,,,,,,17.16,,,,,,,,,,,,499.55,,,,,,,,,
2016-02-12,,,,,,,791.95,,,29.51,,,,,,,18.2,,,,,,,,,,,,475.34,,,,,,,,,
2016-02-19,,,,,,,840.96,,,30.53,,,,,,,19.81,,,,,,,,,,,,490.92,,,,,,,,,
2016-02-26,,,,,,,808.28,,,30.12,,,,,,,20.88,,,,,,,,,,,,519.48,,,,,,,,,
2016-03-04,,,,,,,833.38,,,30.33,,,,,,,21.29,,,,,,,,,,,,523.42,,,,,,,,,
2016-03-11,,,,,,,842.92,,,28.42,,,,,,,21.69,,,,,,,,,,,,528.35,,,,,,,,,
2016-03-18,,,,,,,868.17,,,29.98,,,,,,,22.7,,,,,,,,,,,,588.73,,,,,,,,,
2016-03-25,,,,,,,887.17,,,29.22,,,,,,,23.64,,,,,,,,,,,,578.98,,,,,,,,,
2016-04-01,,,,,,,891.62,,,33.11,,,,,,,22.54,,,,,,,,,,,,619.68,,,,,,,,,
2016-04-08,,,,,,,929.61,,,34.08,,,,,,,21.72,,,,,,,,,,,,662.36,,,,,,,,,
2016-04-15,,,,,,,915.73,,,33.68,,,,,,,22.43,,,,,,,,,,,,698.32,,,,,,,,,
2016-04-22,,,,,,,955.03,,,31.36,,,,,,,23.6,,,,,,,,,,,,696.92,,,,,,,,,
2016-04-29,,,,,,,1001.81,,,32.16,,,,,,,25.22,,,,,,,,,,,,710.97,,,,,,,,,
2016-05-06,,,,,,,1056.01,,,34.89,,,,,,,25.72,,,,,,,,,,,,687.63,,,,,,,,,
2016-05-13,,,,,,,1011.52,,,36.19,,,,,,,26.3,,,,,,,,,,,,667.33,,,,,,,,,
2016-05-20,,,,,,,1031.47,,,33.74,,,,,,,27.05,,,,,,,,,,,,694.11,,,,,,,,,
2016-05-27,,,,,,,1085.65,,,35.07,,,,,,,30.22,,,,,,,,,,,,738.06,,,,,,,,,
2016-06-03,,,,,,,1124.35,,,32.74,,,,,,,26.71,,,,,,,,,,,,764.42,,,,,,,,,
2016-06-10,,,,,,,1185.39,,,33.63,,,,,,,28.07,,,,,,,,,,,,780.49,,,,,,,,,
2016-06-17,,,,,,,1183.54,,,33.43,,,,,,,28.17,,,,,,,,,,,,772.84,,,,,,,,,
2016-06-24,,,,,,,1246.23,,,32.35,,,,,,,30.73,,,,,,,,,,,,771.72,,,,,,,,,
2016-07-01,,,,,,,1242.46,,,33.51,,,,,,,31.16,,,,,,,,,,,,826.45,,,,,,,,,
2016-07-08,,,,,,,1200.29,,,34.05,,,,,,,32.51,,,,,,,,,,,,887.34,,,,,,,,,
2016-07-15,,,,,,,1243.86,,,36.35,,,,,,,32.3,,,,,,,,,,,,820.16,,,,,,,,,
2016-07-22,,,,,,,1339.3,,,36.88,,,,,,,33.52,,,,,,,,,,,,834.79,,,,,,,,,
2016-07-29,,,,,,,1361.68,,,41.19,,,,,,,34.66,,,,,,,,,,,,842.35,,,,,,,,,
2016-08-05,,,,,,,1433.83,,,38.6,,,,,,,36.71,,,,,,,,,,,,832.7,,,,,,,,,
2016-08-12,,,,,,,1378.08,,,41.25,,,,,,,36.48,,,,,,,,,,,,840.1,,,,,,,,,
2016-08-19,,,,,,,1465.51,,,42.02,,,,,,,34.74,,,,,,,,,,,,871.6,,,,,,,,,
2016-08-26,,,,,,,1500.13,,,44.62,,,,,,,35.54,,,,,,,,,,,,940.84,,,,,,,,,
2016-09-02,,,,,,,1388.12,,,41.37,,,,,,,33.3,,,,,,,,,,,,951.65,,,,,,,,,
2016-09-09,,,,,,,1335.03,,,42.72,,,,,,,32.37,,,,,,,,,,,,923.63,,,,,,,,,
2016-09-16,,,,,,,1380.54,,,41.49,,,,,,,31.83,,,,,,,,,,,,945.19,,,,,,,,,
2016-09-23,,,,,,,1433.68,,,39.42,,,,,,,34.31,,,,,,,,,,,,982.33,,,,,,,,,
2016-09-30,,,,,,,1471.5,,,40.43,,,,,,,33.82,,,,,,,,,,,,949.27,,,,,,,,,
2016-10-07,,,,,,,1491.53,,,39.26,,,,,,,34.04,,,,,,,,,,,,904.08,,,,,,,,,
2016-10-14,,,,,,,1545.89,,,38.43,,,,,,,34.99,,,,,,,,,,,,914.67,,,,,,,,,
2016-10-21,,,,,,,1531.76,,,36.25,,,,,,,36.4,,,,,,,,,,,,861.91,,,,,,,,,
2016-10-28,,,,,,,1556.04,,,34.92,,,,,,,38.64,,,,,,,,,,,,852.04,,,,,,,,,
2016-11-04,,,,,,,1423.88,,,36.07,,,,,,,38.16,,,,,,,,,,,,907.69,,,,,,,,,
2016-11-11,,,,,,,1458.2,,,36.01,,,,,,,40.85,,,,,,,,,,,,904.03,,,,,,,,,
2016-11-18,,,,,,,1479.59,,,36.98,,,,,,,42.93,,,,,,,,,,,,930.09,,,,,,,,,
2016-11-25,,,,,,,1475.62,,,36.22,,,,,,,42.9,,,,,,,,,,,,976.97,,,,,,,,,
2016-12-02,,,,,,,1572.13,,,39.03,,,,,,,45.54,,,,,,,,,,,,997.92,,,,,,,,,
2016-12-09,,,,,,,1646.58,,,44.23,,,,,,,49.98,,,,,,,,,,,,1037.73,,,,,,,,,
2016-12-16,,,,,,,1581.16,,,45.64,,,,,,,41.58,,,,,,,,,,,,993.29,,,,,,,,,
2016-12-23,,,,,,,1521.28,,,45.85,,,,,,,40.27,,,,,,,,,,,,1029.71,,,,,,,,,
2016-12-30,,,,,,,1542.51,,,46.39,,,,,,,41.18,,,,,,,,,,,,1106.96,,,,,,,,,
2017-01-06,,0.03,,,,,1504.66,,,49.34,,,,,0.15,0.01,44.61,,,,,,,,,,0.002,,1076.95,,,,,,,,,
2017-01-13,,0.0359,,,,,1568.07,,,48.64,,,,,0.1626,0.0142,42.29,,,,,,,,,,0.00330587,,1067.87,,,,,,,,,
2017-01-20,,0.0365,,,,,1523.14,,,48.79,,,,,0.2243,0.0213,43.28,,,,,,,,,,0.00572263,,1123.56,,,,,,,,,
2017-01-27,,0.0381,,,,,1439.63,,,51.29,,,,,0.3643,0.0343,40.69,,,,,,,,,,0.00597491,,1174.5,,,,,,,,,
2017-02-03,,0.0379,,,,,1418.95,,,53.79,,,,,0.3489,0.0399,41.52,,,,,,,,,,0.00661548,,1198.56,,,,,,,,,
2017-02-10,,0.037,,,,,1503.72,,,54.72,,,,,0.3799,0.0412,44.11,,,,,,,,,,0.00678879,,1223.52,,,,,,,,,
2017-02-17,,0.0396,,,,,1543.44,,,59.22,,,,,0.3738,0.0443,45.78,,,,,,,,,,0.00713976,,1253.66,,,,,,,,,
2017-02-24,,0.0399,,,,,1424.87,,,50.33,,,,,0.3493,0.0428,46.57,,,,,,,,,,0.0070254,,1346.33,,,,,,,,,
2017-03-03,,0.0446,,,,,1488.68,,,50.86,,,,,0.339,0.0425,46.22,,,,,,,,,,0.00705601,,1411.29,,,,,,,,,
2017-03-10,,0.0433,,,,,1586.79,,,52.22,,,,,0.2916,0.0418,43.88,,,,,,,,,,0.00734291,,1468.33,,,,,,,,,
2017-03-17,,0.0488,,,,,1640.68,,,55.13,,,,,0.3009,0.0446,46.78,,,,,,,,,,0.00798231,,1469.08,,,,,,,,,
2017-03-24,,0.0546,,,,,1742.14,,,59.56,,,,,0.3398,0.0446,48.66,,,,,,,,,,0.00786045,,1521.23,,,,,,,,,
2017-03-31,,0.0648,,,,,1891.73,,,63.26,,,,,0.3281,0.0475,52.66,,,,,,,,,,0.00825596,,1687.17,,,,,,,,,
2017-04-07,,0.0726,,,,,2038.97,,,71.82,,,,,0.3537,0.0495,51.27,,,,,,,,,,0.00782072,,1716.49,,,,,,,,,
2017-04-14,,0.0789,,,,,2143.13,,,73.82,,,,,0.3744,0.0541,52.77,,,,,,,,,,0.00886602,,1846.38,,,,,,,,,
2017-04-21,,0.0865,,,,,2353.01,,,77.55,,,,,0.4107,0.0566,53.51,,,,,,,,,,0.0087875,,2032.81,,,,,,,,,
2017-04-28,,0.0982,,,,,2515.14,,,77.56,,,,,0.429,0.0592,58.01,,,,,,,,,,0.00925154,,2259.51,,,,,,,,,
2017-05-05,,0.1011,,,,,2697.97,,,84.32,,,,,0.4167,0.0646,55.63,,,,,,,,,,0.00996244,,2177.53,,,,,,,,,
2017-05-12,,0.117,,,,,2845.51,,,90.9,,,,,0.4557,0.0734,56.63,,,,,,,,,,0.011,,2292.3,,,,,,,,,
2017-05-19,,0.1273,,,,,3244.06,,,102.18,,,,,0.4716,0.0762,61.84,,,,,,,,,,0.0117,,2399.65,,,,,,,,,
2017-05-26,,0.1355,,,,,3645.36,,,108.34,,,,,0.5402,0.0776,61.55,,,,,,,,,,0.0127,,2633.56,,,,,,,,,
2017-06-02,,0.153,,,,,3904.81,,,111.6,,,,,0.5294,0.0852,67.17,,,,,,,,,,0.0118,,2789.1,,,,,,,,,
2017-06-09,,0.1712,,,,,4146.43,,,113.52,,,,,0.5499,0.0889,72.46,,,,,,,,,,0.0123,,2940.3,,,,,,,,,
2017-06-16,,0.1801,,,,,4143.74,,,111.34,,,,,0.5936,0.0926,73.1,,,,,,,,,,0.0126,,3019.05,,,,,,,,,
2017-06-23,,0.2007,,,,,4164.19,,,116.99,,,,,0.6798,0.0941,79.39,,,,,,,,,,0.0139,,3014.22,,,,,,,,,
2017-06-30,,0.217,,,,,4510.0,,,123.48,,,,,0.6964,0.0939,91.79,,,,,,,,,,0.0138,,3112.31,,,,,,,,,
2017-07-07,,0.2471,,,,,4712.23,,,129.94,,,,,0.7463,0.0971,88.68,,,,,,,,,,0.0148,,3281.04,,,,,,,,,
2017-07-14,,0.2699,,,,,4806.99,,,146.55,,,,,0.7708,0.1021,95.52,,,,,,,,,,0.0162,,3253.8,,,,,,,,,
2017-07-21,,0.2878,,,,,5050.44,,,141.25,,,,,0.7773,0.1037,100.83,,,,,,,,,,0.0161,,3416.74,,,,,,,,,
2017-07-28,,0.3321,,,,,5269.96,,,161.39,,,,,0.9062,0.1074,106.73,,,,,,,,,,0.0164,,3538.94,,,,,,,,,
2017-08-04,,0.3612,,,,,5336.38,,,154.3,,,,,0.8718,0.1077,110.35,,,,,,,,,,0.0167,,3728.41,,,,,,,,,
2017-08-11,,0.4166,,,,,5997.08,,,150.55,,,,,0.9168,0.1134,115.8,,,,,,,,,,0.0177,,4030.44,,,,,,,,,
2017-08-18,,0.4744,,,,,6285.33,,,161.96,,,,,1.05,0.1255,124.43,,,,,,,,,,0.0184,,4088.54,,,,,,,,,
2017-08-25,,0.4986,,,,,6332.04,,,176.66,,,,,1.06,0.1315,128.26,,,,,,,,,,0.0186,,4201.21,,,,,,,,,
2017-09-01,,0.6037,,,,,7182.43,,,169.8,,,,,1.12,0.1326,134.44,,,,,,,,,,0.0207,,4535.61,,,,,,,,,
2017-09-08,,0.7312,,,,,8057.27,,,181.51,,,,,1.27,0.1485,152.18,,,,,,,,,,0.0206,,5313.98,,,,,,,,,
2017-09-15,,0.7726,,,,,8363.04,,,214.88,,,,,1.34,0.1488,174.86,,,,,,,,,,0.021,,5713.81,,,,,,,,,
2017-09-22,,0.8332,,,,,9994.75,,,222.32,,,,,1.5,0.165,197.32,,,,,,,,,,0.0237,,6627.99,,,,,,,,,
2017-09-29,,0.9588,,,,,10695.94,,,245.75,,,,,1.44,0.1846,247.69,,,,,,,,,,0.026,,6861.52,,,,,,,,,
2017-10-06,,1.1,,,,,12114.53,,,265.91,,,,,1.59,0.1971,273.62,,,,,,,,,,0.0288,,7895.98,,,,,,,,,
2017-10-13,,1.42,,,,,13439.34,,,267.61,,,,,1.45,0.2155,261.01,,,,,,,,,,0.0314,,7870.11,,,,,,,,,
2017-10-20,,1.67,,,,,13095.39,,,283.74,,,,,1.65,0.2404,290.99,,,,,,,,,,0.0357,,8760.42,,,,,,,,,
2017-10-27,,1.93,,,,,14851.01,,,281.91,,,,,1.65,0.2766,315.82,,,,,,,,,,0.039,,9577.89,,,,,,,,,
2017-11-03,,2.11,,,,,17910.61,,,331.55,,,,,1.83,0.2999,353.43,,,,,,,,,,0.0387,,10428.69,,,,,,,,,
2017-11-10,,2.19,,,,,20452.07,,,366.09,,,,,1.97,0.3273,367.12,,,,,,,,,,0.0413,,11523.46,,,,,,,,,
2017-11-17,,2.42,,,,,20659.7,,,370.18,,,,,2.27,0.3731,344.14,,,,,,,,,,0.0452,,11665.26,,,,,,,,,
2017-11-24,,2.87,,,,,21915.06,,,411.76,,,,,2.63,0.4018,404.9,,,,,,,,,,0.0476,,13530.86,,,,,,,,,
2017-12-01,,3.11,,,,,23554.73,,,413.59,,,,,2.57,0.4458,420.1,,,,,,,,,,0.0487,,13865.69,,,,,,,,,
2017-12-08,,3.34,,,,,24010.42,,,467.8,,,,,2.99,0.4788,454.66,,,,,,,,,,0.0523,,15402.6,,,,311.4,,,,,
2017-12-15,,3.81,,,,,25249.7,,,505.76,,,,,3.51,0.5317,499.85,,,,,,,,,,0.0595,,17167.12,,,,262.9,,,,,
2017-12-22,,3.32,,,,,21904.08,,,435.57,,,,,2.97,0.4999,418.93,,,,,,,,,,0.054,,15145.41,,,,223.69,,,,,
2017-12-29,,2.61,,,,,18966.16,,,356.45,,,,,2.5,0.4366,362.69,,,,,,,,,,0.048,,13252.26,,,,269.01,,,,,
2018-01-05,,2.26,,,,,17228.59,,,303.86,,,,,2.16,0.344,72.54,,1.0,,,,,,,1.5,0.0404,,12072.21,,,,234.12,,,,,
2018-01-12,,1.73,,,,,15249.94,,,256.77,,,,,1.69,0.3045,71.41,,1.34,,,,,,,1.86,0.0351,,10633.22,,,,190.16,,,,,
2018-01-19,,1.28,,,,,13248.23,,,215.07,,,,,1.46,0.2751,72.87,,1.42,,,,,,,2.08,0.0321,,8484.48,,,,196.74,,,,,
2018-01-26,,1.04,,,,,12000.38,,,182.32,,,,,1.25,0.227,70.55,,1.9,,,,,,,2.39,0.0226,,6873.1,,,,147.09,,,,,
2018-02-02,,0.9062,,,,,10647.21,,,149.09,,,,,1.1,0.1846,64.7,,1.51,,,,,,,1.78,0.0187,,5938.93,,,,148.28,,,,,
2018-02-09,,0.8668,,,,,10389.42,,,144.69,,,,,1.07,0.1839,69.25,,1.45,,,,,,,1.53,0.0188,,5452.03,,,,213.66,,,,,
2018-02-16,,0.8259,,,,,9451.65,,,135.63,,,,,1.0,0.1797,67.2,,1.29,,,,,,,1.46,0.0191,,5009.13,,,,217.78,,,,,
2018-02-23,,0.8091,,,,,9461.84,,,114.79,,,,,0.9362,0.1469,69.95,,1.3,,,,,,,1.44,0.0199,,4499.12,,,,213.19,,,,,
2018-03-02,,0.7976,,,,,9518.65,,,109.05,,,,,0.9373,0.15,71.83,,1.1,,,,,,,1.29,0.0191,,4382.96,,,,188.16,,,,,
2018-03-09,,0.7389,,,,,9673.48,,,106.32,,,,,0.8394,0.1535,67.87,,1.12,,,,,,,1.23,0.02,,4173.01,,,,153.5,,,,,
2018-03-16,,0.6589,,,,,8777.9,,,102.6,,,,,0.8205,0.1578,69.95,,1.11,,,,,,,1.22,0.0198,,4021.84,,,,160.01,,,,,
2018-03-23,,0.6316,,,,,8659.67,,,98.99,,,,,0.7012,0.1571,74.51,,1.06,,,,,,,1.2,0.0206,,4037.32,,,,114.74,,,,,
2018-03-30,,0.6119,,,,,8173.39,,,92.88,,,,,0.6793,0.1661,69.23,,1.05,,,,,,,1.09,0.0193,,4017.42,,,,117.55,,,,,
2018-04-06,,0.6053,,,,,8079.95,,,85.34,,,,,0.6444,0.1579,68.23,,1.1,,,,,,,1.07,0.0177,,4018.48,,,,132.45,,,,,
2018-04-13,,0.6163,,,,,7726.33,,,84.4,,,,,0.611,0.1592,64.26,,0.9507,,,,,,,0.979,0.0177,,4035.18,,,,146.38,,,,,
2018-04-20,,0.6566,,,,,7697.97,,,79.76,,,,,0.573,0.1689,63.84,,1.03,,,,,,,1.02,0.0172,,4161.84,,,,153.5,,,,,
2018-04-27,,0.683,,,,,8047.85,,,84.43,,,,,0.595,0.1582,66.09,,0.9147,,,,,,,1.04,0.0169,,4259.67,,,,172.32,,0.86483,,,
2018-05-04,,0.6358,,,,,8487.08,,,83.38,,,,,0.5491,0.1505,69.18,,0.952,,,,,,,1.07,0.0184,,4202.02,,,,144.24,,0.72999,,,
2018-05-11,,0.6367,,,,,9098.28,,,79.38,,,,,0.5773,0.1489,74.09,,0.986,,,,,,,0.9542,0.0183,,3914.61,,,,139.64,,0.6994,,,
2018-05-18,,0.6813,,,,,9277.22,,,81.23,,,,,0.5647,0.145,71.66,,0.9849,,,,,,,0.9353,0.0181,,3977.65,,,,117.71,,0.60416,,,
2018-05-25,,0.6885,,,,,8979.97,,,88.57,,,,,0.5922,0.1445,73.25,,0.9929,,,,,,,0.9223,0.0166,,4055.8,,,0.30405,125.33,,0.6901,,,
2018-06-01,,0.6519,,,,,9211.66,,,85.55,,,,,0.5829,0.1496,70.47,,0.9449,,,,,,,0.9531,0.0161,,3969.57,,,0.24402,106.48,,0.58201,,,
2018-06-08,,0.6393,,,,,8877.47,,,80.54,,,,,0.5801,0.1449,67.13,,1.02,,,,,,,0.9559,0.0166,,3876.26,,,0.22814,94.95,,0.52617,,,
2018-06-15,,0.6719,,,,,8633.8,,,76.79,,,,,0.5728,0.1377,66.88,,0.9743,,,,,,,0.892,0.0161,,4205.76,,,0.19277,80.37,,0.47331,,,
2018-06-22,,0.7197,,,,,8506.95,,,81.81,,,,,0.5551,0.1444,66.51,,0.9789,,,,,,,0.9085,0.0157,,3917.12,,,0.19989,79.95,,0.46222,,,
2018-06-29,,0.7503,,,,,8741.42,,,77.58,,,,,0.5485,0.1501,62.54,,0.8841,,,,,,,1.0,0.0159,,4025.95,,,0.21033,82.22,,0.47915,,,
2018-07-06,,0.7484,,,,,8960.14,,,76.53,,,,,0.5246,0.1338,62.3,,0.8674,,,,,,,0.9884,0.0152,,4063.59,,,0.22118,78.54,,0.44681,,,
2018-07-13,,0.7004,,,,,8334.01,,,76.17,,,,,0.484,0.1302,58.82,,0.7847,,,,,,,0.917,0.014,,3981.62,,,0.2831,82.21,,0.44859,,,
2018-07-20,,0.6497,,,,,8012.44,,,69.52,,,,,0.4852,0.1324,56.85,,0.7727,,,,,,,0.7437,0.0133,,4073.74,,,0.30793,83.85,,0.45315,,,
2018-07-27,,0.6258,,,,,7307.27,,,65.04,,,,,0.4389,0.124,54.65,,0.7295,,,,,,,0.7467,0.0121,,4246.5,,,0.2431,74.61,,0.4345,,,
2018-08-03,,0.6229,,,,,6770.79,,,63.58,,,,,0.4358,0.1298,55.55,,0.6597,,,,,,,0.7214,0.0097413,,3717.98,,,0.22344,59.32,,0.29547,,,
2018-08-10,,0.6366,,,,,7060.05,,,66.2,,,,,0.4225,0.1063,55.14,,0.667,,,,,,,0.6175,0.00973538,,3462.29,,,0.22785,57.67,,0.34201,,,
2018-08-17,,0.6124,,,,,6848.59,,,61.57,,,,,0.3987,0.1084,54.97,,0.69,,,,,,,0.6383,0.00972696,,3453.48,,,0.213,56.99,,0.32276,,,
2018-08-24,,0.6258,,,,,6372.91,,,55.51,,,,,0.3658,0.0974,58.24,,0.6773,,,,,,,0.6618,0.00897845,,3518.39,,,0.226,66.21,,0.34253,,,
2018-08-31,,0.6147,,,,,5605.14,,,51.43,,,,,0.3846,0.0949,57.45,,0.6934,,,,,,,0.6024,0.00896024,,3108.32,,,0.19024,54.74,,0.2766,,,
2018-09-07,,0.6115,,,,,5676.75,,,51.28,,,,,0.3786,0.0865,58.26,,0.6658,,,,,,,0.5609,0.00900683,,3026.95,,,0.2058,56.75,,0.28122,,,
2018-09-14,,0.5927,,,,,5781.91,,,49.43,,,,,0.3914,0.0808,55.89,,0.6311,,,,,,,0.5136,0.00872424,,2992.87,,,0.28163,61.38,,0.5719,,,
2018-09-21,,0.5634,,,,,5198.93,,,40.2,,,,,0.3692,0.0662,55.08,,0.6175,,,,,,,0.5139,0.00810237,,2714.35,,,0.2599,61.21,,0.58257,,,
2018-09-28,,0.519,,,,,5347.84,,,38.78,,,,,0.3536,0.0678,50.76,,0.623,,,,,,,0.5052,0.00755515,,2723.5,,,0.24535,58.33,,0.48269,,,
2018-10-05,,0.4624,,,,,4765.31,,,34.92,,,,,0.3549,0.0649,52.12,,0.5999,,,,,,,0.5003,0.00748867,,2407.42,,,0.21102,52.61,,0.40994,,,
2018-10-12,,0.4021,,,,,4314.98,,,32.17,,,,,0.3276,0.0646,49.02,,0.5335,,,,,,,0.4938,0.00759803,,2378.64,,,0.24731,53.61,,0.46458,,,
2018-10-19,,0.4147,,,,,4394.09,,,29.17,,,,,0.3293,0.0596,49.04,,0.5231,,,,,,,0.4199,0.00748129,,2327.31,,,0.23453,52.07,,0.46472,,,
2018-10-26,,0.4085,,,,,4383.02,,,28.71,,,,,0.3019,0.0585,50.12,,0.5297,,,,,,,0.4006,0.0073051,,2347.14,,,0.24596,54.6,,0.46999,,,
2018-11-02,,0.3268,,,,,4196.38,,,28.23,,,,,0.3015,0.0533,49.11,,0.5059,,,,,,,0.3729,0.00717625,,2281.59,,,0.27712,51.46,,0.51019,,,
2018-11-09,,0.3338,,,,,3972.91,,,27.31,,,,,0.289,0.0527,46.77,,0.4637,,,,,,,0.371,0.00685295,,2094.95,,,0.25333,42.61,,0.51611,,,
2018-11-16,,0.2977,,,,,4082.05,,,25.08,,,,,0.2835,0.0479,47.36,,0.4604,,,,,,,0.3207,0.00680313,,2008.58,,,0.16293,31.49,,0.382,,,
2018-11-23,,0.3023,,,,,4078.58,,,23.71,,,,,0.2669,0.0433,49.74,,0.4705,,,,,,,0.2992,0.00654155,,1897.69,,,0.16101,33.82,,0.36963,,,
2018-11-30,,0.2395,,,,,3894.33,,,24.28,,,,,0.2651,0.0394,48.59,,0.461,,,,,,,0.2928,0.00673466,,1889.98,,,0.12121,25.37,,0.30914,,,
2018-12-07,,0.2476,,,,,3790.81,,,22.88,,,,,0.1944,0.0391,44.73,,0.4503,,,,,,,0.2958,0.00612562,,1854.75,,,0.09569,25.52,,0.28669,,,
2018-12-14,,0.2503,,,,,3988.08,,,22.1,,,,,0.1866,0.0389,43.02,,0.4144,,,,,,,0.26,0.00558736,,1820.21,,,0.12454,32.97,,0.3669,,,
2018-12-21,,0.2311,,,,,4376.94,,,20.82,,,,,0.1891,0.04,43.17,,0.3715,,,,,,,0.287,0.00569606,,1951.3,,,0.11556,31.38,,0.36489,,,
2018-12-28,,0.2388,,,,,4223.76,,,20.5,,,,,0.2042,0.0461,43.82,,0.4071,,,,,,,0.2914,0.00608903,,1988.76,,,0.11871,38.3,,0.36042,,,
2019-01-04,,0.2371,,,,,4324.41,,,21.17,,,,,0.2011,0.0483,43.86,,0.4469,,,,,,,0.2825,0.00604273,,2042.2,,,0.10102,29.59,,0.31132,,,
2019-01-11,,0.2506,,,,,4410.55,,,22.12,,,,,0.2059,0.0501,43.32,,0.4632,,,,,,,0.2985,0.00606698,,2124.59,,,0.10289,30.64,,0.3168,,,
2019-01-18,,0.2747,,,,,4217.24,,,22.74,,,,,0.2126,0.0528,41.35,,0.4704,,,,,,,0.3165,0.00629911,,2290.11,,,0.0943,32.21,,0.30646,,,
2019-01-25,,0.2645,,,,,4208.28,,,21.95,,,,,0.2391,0.0535,44.64,,0.54,,,,,,,0.3291,0.00682367,,2296.49,,,0.08012,33.44,,0.30219,,,
2019-02-01,,0.2751,,,,,4338.4,,,21.92,,,,,0.2443,0.0552,42.57,,0.4805,,,,,,,0.361,0.00676369,,2415.92,,,0.08022,46.79,,0.30988,,,
2019-02-08,,0.2812,,,,,4753.23,,,23.41,,,,,0.2652,0.0595,45.34,,0.4897,,,,,,,0.3481,0.00722414,,2507.9,,,0.07964,43.91,,0.30318,,,
2019-02-15,,0.293,,,,,5030.16,,,24.34,,,,,0.2803,0.0627,42.67,,0.4929,,,,,,,0.3813,0.0075343,,2428.02,,,0.08185,43.75,,0.29757,,,
2019-02-22,,0.3246,,,,,5394.87,,,24.07,,,,,0.2604,0.0622,39.4,,0.5143,,,,,,,0.4153,0.00791066,,2354.99,,,0.0875,47.86,,0.31114,,,
2019-03-01,,0.3428,,,,,5448.59,,,24.3,,,,,0.2744,0.062,39.25,,0.5658,,,,,,,0.4147,0.00782742,,2482.11,,,0.10028,56.59,,0.31289,,,
2019-03-08,,0.3656,,,,,5975.59,,,25.9,,,,,0.2805,0.0607,39.53,,0.6241,,,,,,,0.4512,0.00799807,,2674.74,,,0.10896,60.47,,0.3154,,,
2019-03-15,,0.4046,,,,,5636.14,,,25.72,,,,,0.2813,0.0604,41.61,,0.6486,,,,,,,0.436,0.00779364,,2718.86,,,0.10437,59.82,,0.30787,,,
2019-03-22,,0.4379,,,,,5847.36,,,28.48,,,,,0.2916,0.0519,41.64,,0.6325,,,,,,,0.4615,0.00843406,,2614.59,,,0.10824,60.48,,0.30889,,,
2019-03-29,,0.4451,,,,,5965.99,,,26.11,,,,,0.29,0.054,38.89,,0.6631,,,,,,,0.4969,0.00764368,,2601.32,,,0.13226,91.55,,0.3612,,,
2019-04-05,,0.4691,,,,,6380.27,,,29.56,,,,,0.3186,0.0585,35.82,,0.7148,,,,,,,0.5427,0.00788258,,2634.05,,,0.1172,83.28,,0.32762,,,
2019-04-12,,0.5375,,,,,7305.75,,,30.04,,,,,0.3117,0.0654,36.26,,0.7906,,,,,,,0.475,0.00870988,,2771.67,,,0.11095,76.65,,0.31963,,,
2019-04-19,,0.5995,,,,,7879.85,,,33.83,,,,,0.3392,0.0726,36.98,,0.8198,,,,,,,0.5181,0.0080189,,3079.45,,,0.0985,69.89,,0.29946,,,
2019-04-26,,0.6005,,,,,8303.72,,,34.07,,,,,0.3453,0.0714,38.08,,0.9601,,,,,,,0.5649,0.00824517,,3099.9,,,0.097,75.7,,0.30044,,,
2019-05-03,,0.6943,,,,,8884.13,,,38.01,,,,,0.3849,0.0829,33.14,,1.04,,,,,,,0.5899,0.00862981,,3178.89,,,0.09823,84.73,,0.31016,,,
2019-05-10,,0.8069,,,,,9788.54,,,37.17,,,,,0.4032,0.0892,31.03,,1.03,,,,,,,0.6327,0.0096561,,3504.22,,,0.14264,94.58,,0.41631,,,
2019-05-17,,0.8175,,,,,9230.32,,,41.15,,,,,0.4095,0.0985,27.61,,1.16,,,,,,,0.6674,0.00930272,,3735.94,,,0.1316,111.0,,0.40372,,,
2019-05-24,,0.8597,,,,,10546.81,,,41.03,,,,,0.4651,0.1058,28.03,,1.35,,,,,,,0.7444,0.00996354,,3807.27,,,0.13639,114.39,,0.44396,,,
2019-05-31,,0.8932,,,,,11125.47,,,45.19,,,,,0.5011,0.1135,28.92,,1.46,,,,,,,0.7393,0.0107,,3821.23,,,0.11845,114.66,,0.38527,,,
2019-06-07,,0.9119,,,,,11684.35,,,45.89,,,,,0.5344,0.1252,27.06,,1.35,,,,,,,0.9095,0.0118,,4140.57,,,0.12958,136.45,,0.42703,,,
2019-06-14,,0.9825,,,,,12708.52,,,51.71,,,,,0.5463,0.1321,25.79,,1.43,,,,,,,0.8783,0.0119,,4541.23,,,0.12817,137.5,,0.47015,,,
2019-06-21,,1.15,,,,,13753.8,,,54.64,,,,,0.6494,0.1361,23.32,,1.57,,,,,,,0.9866,0.0119,,4367.15,,,0.10495,123.25,,0.3962,,,
2019-06-28,,1.06,,,,,14211.86,,,59.17,,,,,0.5706,0.1427,22.48,,1.56,,,,,,,1.07,0.0128,,4469.55,,,0.10555,119.48,,0.39651,,,
2019-07-05,,1.03,,,,,13505.8,,,52.8,,,,,0.5712,0.1331,21.17,,1.55,,,,,,,0.9574,0.0123,,3274.63,,,0.08547,89.66,,0.30366,,,
2019-07-12,,0.938,,,,,13666.29,,,51.3,,,,,0.5393,0.1345,19.95,,1.5,,,,,,,0.9288,0.0117,,3247.75,,,0.09111,99.7,,0.33075,,,
2019-07-19,,0.7842,,,,,12409.99,,,48.2,,,,,0.5104,0.1273,19.3,,1.48,,,,,,,0.8148,0.0118,,3044.71,,,0.084,90.0,,0.31218,,,
2019-07-26,,0.7351,,,,,13211.17,,,49.75,,,,,0.4706,0.1212,19.66,,1.37,,,,,,,0.7568,0.0116,,2872.68,,,0.08183,92.64,,0.31813,,,
2019-08-02,,0.6531,,,,,12565.31,,,48.47,,,,,0.46,0.117,19.45,,1.28,,,,,,,0.7545,0.0111,,2792.73,,,0.0782,89.93,,0.30316,,,
2019-08-09,,0.6391,,,,,12063.74,,,46.56,,,,,0.4628,0.111,17.49,,1.2,,,,,,,0.6993,0.0101,,2481.04,,,0.07072,76.25,,0.2832,,,
2019-08-16,,0.6494,,,,,11176.77,,,41.52,,,,,0.4342,0.1016,17.0,,1.14,,,,,,,0.6461,0.00896348,,2422.19,,,0.0694,72.1,,0.26954,,,
2019-08-23,,0.6271,,,,,9613.9,,,39.49,,,,,0.4178,0.0875,16.97,,1.07,,,,,,,0.5436,0.00859473,,2439.27,,,0.06212,65.89,,0.25593,,,
2019-08-30,,0.5717,,,,,9122.61,,,38.44,,,,,0.3934,0.0758,16.39,,1.01,,,,,,,0.5104,0.00744893,,2313.99,,,0.06105,70.36,,0.26205,,,
2019-09-06,,0.5741,,,,,8863.25,,,36.62,,,,,0.3921,0.0674,15.57,,0.9822,,,,,,,0.4393,0.00734727,,2139.57,,,0.05825,70.04,,0.26022,,,
2019-09-13,,0.5904,,,,,8492.57,,,37.04,,,,,0.3493,0.0626,15.09,,0.9707,,,,,,,0.4402,0.00708997,,1826.22,,,0.0683,72.23,,0.27653,,,
2019-09-20,,0.5316,,,,,8329.22,,,36.51,,,,,0.3411,0.0601,13.04,,0.9831,,,,,,,0.4122,0.00673764,,1673.15,,,0.05791,53.82,,0.24024,,,
2019-09-27,,0.4578,,,,,8790.51,,,36.34,,,,,0.2924,0.0583,13.09,,1.03,,,,,,,0.403,0.00676126,,1687.12,,,0.05839,54.41,,0.25552,,,
2019-10-04,,0.4074,,,,,8012.76,,,34.69,,,,,0.2799,0.055,11.55,,0.964,,,,,,,0.3869,0.00681626,,1695.38,,,0.06136,56.46,,0.27726,,,
2019-10-11,,0.3907,,,,,8037.7,,,33.47,,,,,0.2628,0.0533,11.58,,0.8659,,,,,,,0.3711,0.00648282,,1545.98,,,0.0632,54.85,,0.29386,,,
2019-10-18,,0.3592,,,,,7775.06,,,33.26,,,,,0.2294,0.0485,11.61,,0.7671,,,,,,,0.3414,0.00636159,,1442.44,,,0.06514,59.78,,0.29818,,,
2019-10-25,,0.3153,,,,,6868.28,,,27.27,,,,,0.2191,0.0442,10.25,,0.7689,,,,,,,0.295,0.00681028,,1338.04,,,0.06863,58.29,,0.29024,,,
2019-11-01,,0.2886,,,,,6838.84,,,24.49,,,,,0.2212,0.0474,9.09,,0.7193,,,,,,,0.2784,0.00703044,,1327.14,,,0.07892,63.65,,0.27894,,,
2019-11-08,,0.2703,,,,,6419.61,,,24.11,,,,,0.2023,0.0447,8.98,,0.6681,,,,,,,0.2698,0.00670915,,1290.85,,,0.07157,59.22,,0.26311,,,
2019-11-15,,0.2407,,,,,6399.65,,,22.84,,,,,0.2042,0.0425,9.34,,0.6765,,,,,,,0.2633,0.0066565,,1258.64,,,0.05546,43.86,,0.21989,,,
2019-11-22,,0.2101,,,,,6090.26,,,22.62,,,,,0.2177,0.0373,9.58,,0.6656,,,,,,,0.25,0.00658631,,1227.36,,,0.05723,47.45,,0.22477,,214.36,
2019-11-29,,0.2232,,,,,5983.16,,,20.81,,,,,0.1821,0.0351,9.63,,0.6361,,,,,,,0.2313,0.00629667,,1176.64,,,0.0558,45.56,,0.22909,,212.58,
2019-12-06,,0.2192,,,,,5745.59,,,21.71,,,,,0.1714,0.0326,9.3,,0.64,,,,,,,0.2323,0.00607401,,1171.11,,,0.05097,43.44,,0.21735,,206.88,
2019-12-13,,0.1993,,,,,5306.09,,,21.62,,,,,0.1695,0.0334,9.09,,0.6032,,,,,,,0.2193,0.00557729,,1208.14,,,0.04723,41.82,,0.19649,,196.27,
2019-12-20,,0.1915,,,,,5331.34,,,21.25,,,,,0.1655,0.0274,8.2,,0.6242,,,,,,,0.2096,0.00538706,,1177.08,,,0.04619,43.08,,0.19653,,212.34,
2019-12-27,,0.1947,,,,,5275.83,,,19.17,,,,,0.1553,0.027,8.56,,0.538,,,,,,,0.1828,0.00564911,,1137.42,,,0.04544,43.3,,0.19453,,222.79,
2020-01-03,50.0,0.1684,,0.2,,3.5,4112.52,3.0,,19.68,25.0,0.002,,2.0,0.1492,0.0268,7.9,1.5,0.4921,,,0.05,0.8,,,0.1665,0.00569827,3.0,1145.35,,,0.04905,51.43,,0.21539,,270.77,
2020-01-10,60.53,0.1455,,0.24,,4.72,3877.36,3.23,,18.11,36.37,0.00267165,,2.97,0.1431,0.0268,7.64,1.6,0.4712,,,0.0611,1.27,,,0.1615,0.00552004,4.5,1161.88,,,0.06004,57.6,,0.23558,,339.61,
2020-01-17,82.72,0.1198,,0.2733,,5.93,3697.77,3.1,,17.12,51.05,0.00342404,,2.71,0.1213,0.0238,7.66,2.16,0.4613,,,0.0829,1.09,,,0.1455,0.00531341,6.74,1113.03,,,0.05841,56.24,,0.23131,,348.24,
2020-01-24,127.42,0.1143,,0.3926,,7.21,3810.56,4.19,,16.12,78.5,0.00347611,,3.27,0.1163,0.0217,7.72,2.8,0.4178,,,0.0935,1.81,,,0.1418,0.00488978,8.66,1072.54,,,0.06345,69.93,,0.25093,,377.34,
2020-01-31,120.32,0.1059,,0.3955,,7.19,3849.29,3.48,,14.38,65.65,0.00338637,,2.83,0.1072,0.0199,7.85,2.54,0.4169,,,0.0989,1.71,,,0.134,0.00468471,8.59,1116.92,,,0.07327,77.0,,0.28257,,449.72,
2020-02-07,107.45,0.1098,,0.3667,,7.28,3655.86,3.61,,12.61,57.52,0.00332703,,2.65,0.1032,0.0189,7.9,2.49,0.4284,,,0.0987,1.77,,,0.1386,0.00442767,7.99,1070.28,,,0.07437,74.67,,0.29224,,411.68,
2020-02-14,107.23,0.1023,,0.3169,,7.24,3613.33,3.59,,11.6,58.89,0.0028989,,2.46,0.1076,0.0208,7.72,2.33,0.4085,,,0.0932,1.59,,,0.1372,0.0042108,7.62,1046.14,,,0.07299,79.52,,0.28298,,401.57,
2020-02-21,99.06,0.0938,,0.2531,,7.04,3374.37,3.43,,10.77,58.24,0.0026139,,2.06,0.1146,0.0199,7.94,2.19,0.4017,,,0.0788,1.35,,,0.1203,0.00385504,7.28,1050.87,,,0.05582,57.7,,0.22696,,311.9,
2020-02-28,93.79,0.0908,,0.2405,,6.55,3170.08,3.64,,10.38,55.5,0.00250457,,1.93,0.1151,0.0208,7.65,2.08,0.3672,,,0.0786,1.27,,,0.1089,0.00374016,6.93,1114.7,,,0.04969,51.0,,0.20385,,272.77,
2020-03-06,92.98,0.086,,0.2264,,6.67,3283.87,3.31,,10.05,55.77,0.00253153,,1.9,0.104,0.0213,7.56,2.01,0.3683,,,0.073,1.25,,,0.0986,0.00374615,6.01,1066.54,,,0.03786,36.38,,0.15308,,178.2,
2020-03-13,90.56,0.0824,,0.2109,,6.27,3246.94,3.43,,9.7,51.42,0.00235484,,1.79,0.0921,0.02,6.88,1.9,0.3394,,,0.0708,1.06,,,0.0998,0.00366072,5.73,1072.13,,,0.03679,35.4,,0.14776,,202.73,
2020-03-20,93.68,0.0793,,0.2168,,6.82,3543.41,3.7,,10.12,53.74,0.00271333,,1.95,0.0958,0.0213,7.08,2.05,0.3539,,,0.0785,1.15,,,0.0958,0.00373433,6.3,1059.52,,,0.03773,37.11,,0.16278,,205.54,
2020-03-27,101.9,0.0862,,0.2242,,7.3,3613.92,4.18,,10.98,54.85,0.00305242,,1.79,0.1,0.0225,7.34,2.26,0.4063,,,0.0715,1.15,,,0.1003,0.00370114,6.13,1156.41,,,0.0435,40.31,,0.17925,,230.99,
2020-04-03,98.4,0.0817,,0.2366,,8.04,3579.06,3.97,,10.86,60.64,0.00332733,,1.84,0.1173,0.0228,7.42,2.79,0.3798,,,0.0715,1.32,,,0.1082,0.00377117,6.28,1193.87,,,0.04895,42.0,,0.18939,,233.09,
2020-04-10,102.38,0.0845,,0.2508,,8.47,3905.69,4.05,,12.58,58.39,0.00286625,,1.88,0.1199,0.0231,7.86,3.24,0.3911,,,0.0758,1.33,,,0.1207,0.00362721,6.56,1185.8,,,0.0488,42.23,,0.18901,,231.27,
2020-04-17,115.75,0.0942,,0.2305,,9.17,3957.15,4.41,,11.71,62.37,0.00262234,,2.03,0.1369,0.0237,7.44,3.54,0.4238,,,0.089,1.55,,,0.1106,0.00365186,7.04,1271.67,,,0.06188,44.52,,0.19618,,246.36,
2020-04-24,124.26,0.0955,,0.2405,,9.97,4104.0,4.32,,11.95,71.99,0.00284189,,2.16,0.1337,0.0246,6.96,3.7,0.4058,,,0.0827,1.5,,,0.1247,0.0038942,7.36,1332.27,,,0.073,48.05,,0.21936,,251.65,
2020-05-01,134.24,0.1001,,0.228,,10.42,4172.34,4.59,,12.79,74.46,0.00321827,,2.46,0.142,0.0269,6.63,4.22,0.4259,,,0.0876,1.61,,,0.1405,0.00409421,7.9,1441.8,,,0.06405,42.06,,0.19702,,232.56,
2020-05-08,144.07,0.1132,,0.1998,,12.01,4480.48,4.86,,13.73,72.47,0.0033587,,2.22,0.149,0.0272,5.87,4.57,0.4595,,,0.0889,1.77,,,0.1257,0.00447159,8.21,1350.14,,,0.06873,43.71,,0.20131,,240.73,
2020-05-15,156.05,0.1329,,0.2146,,12.62,4566.47,5.42,,14.87,72.47,0.0036744,,2.44,0.1548,0.0297,6.29,4.62,0.488,,,0.0987,1.94,,,0.1367,0.0042825,9.12,1450.02,,,0.0639,42.08,,0.19256,,223.0,
2020-05-22,168.47,0.1513,,0.2519,,12.74,4725.59,5.23,,16.14,86.42,0.00417216,,2.31,0.1632,0.0295,5.95,4.84,0.538,,,0.1056,2.1,,,0.118,0.00468122,9.39,1591.71,,,0.0705,45.61,,0.20245,,238.69,
2020-05-29,188.0,0.1568,,0.2384,,13.17,5293.18,5.61,,16.2,92.65,0.00416678,,2.6,0.1777,0.0317,5.16,5.39,0.5868,,,0.1134,2.11,,,0.1274,0.0044951,8.85,1368.13,,,0.0788,46.63,,0.20329,,253.56,
2020-06-05,191.57,0.1735,,0.249,,14.75,4917.45,6.49,,16.67,97.94,0.0046773,,2.76,0.1857,0.0345,5.26,5.55,0.6603,,,0.1124,2.31,,,0.1377,0.00468577,8.95,1535.39,,,0.07077,44.05,,0.19022,,237.48,
2020-06-12,208.31,0.188,,0.2165,,15.71,5197.38,6.61,,16.58,105.82,0.00494523,,3.17,0.2096,0.0398,5.21,5.96,0.6614,,,0.1159,2.33,,,0.1464,0.00473771,9.07,1556.99,,,0.0685,43.0,,0.18602,,230.31,
2020-06-19,211.27,0.2033,,0.2341,,16.45,5782.52,6.94,,16.49,114.31,0.00552398,,3.22,0.2195,0.0398,4.74,6.6,0.7022,,,0.1321,2.64,,,0.1462,0.00491382,9.87,1520.77,,,0.06424,41.37,,0.17693,,222.67,
2020-06-26,213.79,0.202,,0.2353,,17.13,5952.15,6.86,,16.39,108.42,0.00648751,,3.58,0.2309,0.0423,4.84,6.94,0.7292,,,0.1256,2.7,,,0.1596,0.004777,10.21,1685.23,,,0.06717,41.58,,0.17695,,222.23,
2020-07-03,230.14,0.2183,,0.2539,,18.85,6222.22,7.51,,16.85,112.97,0.0064414,,4.0,0.245,0.0449,4.61,7.82,0.7665,,,0.1334,2.89,,,0.1734,0.0052247,10.79,1767.04,,,0.09532,44.7,,0.20128,,237.42,
2020-07-10,252.33,0.2261,,0.2518,,17.61,6710.98,7.19,,19.38,114.2,0.00583642,,4.17,0.2729,0.0477,4.89,8.18,0.8313,,,0.1432,3.18,,,0.1926,0.00495358,11.07,1827.14,,,0.1001,42.64,,0.19956,,227.73,
2020-07-17,298.24,0.2446,,0.2672,,18.94,7058.33,7.65,,20.58,118.47,0.00600511,,4.22,0.2911,0.0484,5.13,8.93,0.7862,,,0.1587,3.27,,,0.2162,0.00482525,12.11,2009.2,,,0.09902,48.1,,0.21532,,247.45,
2020-07-24,298.31,0.2164,,0.2788,,19.85,7819.67,8.58,,22.07,125.0,0.00696214,,4.41,0.31,0.0513,5.31,8.97,0.8764,,,0.1446,3.69,,,0.2494,0.00490544,13.11,2176.14,,,0.10251,56.77,,0.28803,,284.1,
2020-07-31,323.9,0.233,,0.2922,,20.18,7390.36,9.59,,24.29,133.7,0.00696214,,4.56,0.3212,0.0538,5.4,9.45,0.9456,,,0.1607,3.41,,,0.2616,0.00517644,14.85,2243.76,,,0.10505,56.96,,0.2879,,299.94,
2020-08-07,346.95,0.2715,,0.339,,22.98,7837.53,8.85,,24.78,139.16,0.00731938,,4.9,0.3289,0.0637,5.0,10.19,1.03,,,0.1589,3.83,,,0.2665,0.00541068,14.66,2290.13,,,0.11517,63.87,,0.30455,,308.23,
2020-08-14,380.57,0.3104,,0.3812,,23.97,8446.0,9.96,,25.84,148.82,0.00735119,,5.31,0.3544,0.0649,4.86,10.97,1.1,,,0.1869,4.27,,,0.2825,0.00508514,16.31,2216.48,,,0.10293,60.55,,0.2848,,284.67,
2020-08-21,379.01,0.3251,,0.3758,,23.94,8476.85,9.88,,26.82,151.92,0.00741568,,5.48,0.372,0.0669,4.81,12.95,0.9626,,,0.2047,4.8,,,0.312,0.00537199,16.68,2225.82,,,0.09821,62.89,,0.28302,,279.39,
2020-08-28,423.46,0.3187,,0.4038,,26.06,8705.85,10.12,,28.35,156.34,0.00738669,,6.04,0.3805,0.0726,5.09,12.66,1.02,,,0.2086,4.74,,,0.3176,0.00546781,17.54,2242.78,,,0.07742,47.92,,0.23986,,227.67,
2020-09-04,444.56,0.3712,,0.4324,,28.76,9086.72,11.02,,30.56,160.71,0.00871087,,6.86,0.4082,0.0701,5.16,13.87,1.04,,,0.208,4.63,,,0.318,0.00557935,19.88,2355.57,,,0.08001,48.15,,0.24218,,222.1,
2020-09-11,458.59,0.367,,0.4472,,28.57,9490.7,12.48,,32.26,174.04,0.00859465,,6.64,0.4212,0.0836,5.11,13.05,1.11,,,0.2174,5.37,,,0.3349,0.00618215,22.5,2475.0,,,0.07693,47.09,,0.24652,,226.24,
2020-09-18,481.08,0.3772,,0.4735,,30.14,10067.53,11.88,,32.75,161.08,0.00841145,,7.25,0.4668,0.0774,5.13,14.22,1.1,,,0.2319,5.53,,,0.3223,0.00648923,25.02,2578.55,,,0.07335,46.05,,0.24334,,229.33,
2020-09-25,523.37,0.3987,,0.494,,34.5,10159.94,12.28,,35.13,156.56,0.00927661,,7.7,0.4424,0.0847,5.14,13.71,1.19,,,0.2664,5.64,,,0.3197,0.00606113,28.54,2657.38,,,0.0729,46.69,,0.24794,,220.89,
2020-10-02,476.25,0.4256,,0.5511,,33.59,10569.9,12.71,,33.81,178.99,0.0098624,,8.02,0.4672,0.0841,4.71,13.64,1.35,,,0.2546,6.02,,,0.3298,0.00575556,28.48,2736.86,,,0.07713,50.48,,0.25544,,238.97,
2020-10-09,492.14,0.4755,,0.4751,,36.05,10995.43,13.14,,33.35,191.39,0.0108,,9.32,0.4879,0.0868,4.56,15.06,1.38,,,0.2546,7.06,,,0.3544,0.00558491,30.43,2318.37,,,0.07942,47.54,,0.24221,,249.32,
2020-10-16,550.9,0.5148,,0.5272,,35.76,12015.43,12.56,,33.72,217.72,0.00944707,,8.82,0.5291,0.0927,4.41,14.2,1.49,,,0.2697,6.8,,,0.4229,0.00558841,30.21,2386.94,0.9033,,0.08304,58.84,,0.25313,,271.11,
2020-10-23,596.35,0.5346,,0.5607,,34.44,13100.03,12.98,,33.76,193.57,0.00973117,,10.25,0.5088,0.099,4.23,13.89,1.45,,,0.277,8.24,,,0.4369,0.00570906,30.67,2496.88,0.751,,0.07861,55.6,,0.23999,,268.03,
2020-10-30,588.01,0.5872,,0.5611,,39.36,13357.87,14.25,,35.5,196.89,0.00997906,,9.35,0.5718,0.0937,4.5,14.82,1.52,,,0.2883,9.79,,,0.4515,0.00640203,32.35,2628.27,0.835,,0.0815,61.02,,0.25374,,270.8,
2020-11-06,646.96,0.6162,,0.5777,,38.95,13339.52,15.04,,37.92,202.46,0.0105,,9.63,0.5778,0.1017,4.33,15.7,1.69,,,0.3238,10.09,,,0.4749,0.00682619,32.0,2635.89,1.2875,,0.08009,62.28,,0.26954,,240.43,
2020-11-13,709.09,0.6817,,0.5777,,41.92,13441.42,15.29,,39.8,215.5,0.0108,,10.36,0.608,0.0975,4.47,17.12,1.83,,,0.3663,11.19,,,0.5135,0.00679256,34.29,2872.58,1.3107,,0.10426,82.87,,0.44611,,288.91,
2020-11-20,781.16,0.7315,,0.6144,,42.09,13787.22,16.94,,41.93,230.75,0.0106,,8.65,0.6674,0.0996,4.3,17.13,1.97,,,0.3884,10.79,,,0.5044,0.00742838,35.71,2565.19,1.1341,,0.19423,78.91,,0.60543,,285.04,
2020-11-27,800.56,0.7688,,0.6047,,45.97,13643.6,17.4,,38.44,243.34,0.0116,,8.43,0.7136,0.0959,4.29,18.41,2.06,,,0.4004,11.51,,,0.5616,0.0058857,37.36,2785.46,1.5902,,0.17593,83.55,,0.62107,,286.24,
2020-12-04,851.29,0.7984,,0.6061,,43.42,12949.66,20.68,,42.24,251.36,0.012,,8.96,0.7521,0.0923,4.16,20.89,2.12,,,0.4645,12.87,,,0.5413,0.00560564,42.34,2895.58,2.2697,,0.1761,82.28,,0.51365,,276.02,
2020-12-11,906.13,0.7884,,0.6567,,46.08,13320.51,19.35,,44.77,262.74,0.012,,9.09,0.8226,0.0992,4.16,22.74,2.27,,,0.5063,14.21,,,0.5769,0.0061783,48.71,2759.94,2.9954,,0.17666,114.58,,0.55586,,349.21,
2020-12-18,959.45,0.828,,0.6328,,48.58,13742.53,19.98,,45.57,258.55,0.0132,,8.23,0.7648,0.1041,3.92,24.28,2.34,,,0.5431,15.56,,,0.6535,0.00639261,49.58,2672.31,4.8049,,0.14527,127.88,,0.28407,,338.1,
2020-12-25,1062.16,0.8782,,0.5851,,55.34,14700.79,20.01,,46.23,267.07,0.0136,,9.45,0.7914,0.1125,3.78,27.08,2.24,,,0.588,17.41,,,0.6977,0.00699809,53.75,2892.86,4.4294,,0.13653,161.24,,0.2254,,423.61,
2021-01-01,1254.01,1.16,,0.7664,1.5,69.61,18154.98,27.42,8.0,57.03,340.13,0.0177,,13.55,1.03,0.1323,3.36,37.23,2.71,,1.5,0.8289,24.19,,,0.9546,0.00717106,65.11,3580.48,4.4075,,0.2845,170.07,,0.31491,,599.98,
2021-01-08,1667.17,1.53,,1.06,1.11,82.93,23786.54,38.24,9.83,73.03,457.24,0.0238,,17.5,1.3,0.1771,3.31,51.05,3.69,,1.95,1.21,30.62,,,1.26,0.00859887,86.0,4399.29,6.1786,,0.3038,142.8,,0.27746,,479.37,
2021-01-15,1689.22,1.5,,1.11,1.37,75.31,23148.24,41.57,15.44,75.53,423.44,0.0231,,18.09,1.24,0.1438,3.18,51.03,3.84,,1.89,1.27,33.07,,,1.28,0.0081147,85.98,4373.53,8.792,,0.27138,141.01,,0.27339,,439.52,
2021-01-22,1832.56,1.73,,1.12,1.25,71.47,23528.85,40.23,17.09,82.54,413.71,0.0241,,18.33,1.26,0.1395,3.05,55.35,3.79,,1.63,1.23,35.54,,,1.48,0.00817524,82.98,4769.45,9.5066,,0.30704,129.36,,0.49507,,399.3,
2021-01-29,1906.33,1.9,,1.19,1.33,69.24,24820.46,42.92,19.82,88.86,429.34,0.0266,,18.49,1.24,0.1509,2.89,59.05,4.22,,1.7,1.39,41.16,,,1.56,0.00798992,78.46,4752.83,11.4951,,0.3854,150.76,,0.41849,,444.8,
2021-02-05,2175.95,2.04,,1.19,1.4,68.03,24606.16,45.3,19.21,91.97,437.5,0.0286,,19.24,1.29,0.1399,2.62,63.04,4.06,,1.64,1.37,41.95,,,1.68,0.00846538,79.62,4729.77,14.8971,,0.51591,213.49,,0.59211,,720.44,
2021-02-12,2401.73,2.13,,1.19,1.28,70.86,25141.59,45.17,19.71,93.46,476.35,0.0314,,19.21,1.42,0.1623,2.47,71.33,4.59,,1.7,1.27,43.83,,,1.71,0.0092336,89.88,4959.04,14.3568,,0.49601,227.13,,0.54468,,706.28,
2021-02-19,2375.84,2.33,,1.23,1.22,74.62,26328.8,44.88,20.71,97.87,463.04,0.0333,,18.07,1.48,0.176,2.63,64.92,4.36,,1.72,1.39,43.02,,,1.75,0.00923571,95.75,4770.0,12.198,,0.40587,165.22,,0.41565,,460.12,
2021-02-26,2347.86,2.37,,1.14,1.17,82.05,28084.26,41.65,20.71,101.78,486.31,0.035,,19.37,1.63,0.1807,2.59,74.64,4.41,,1.92,1.28,43.56,,,1.97,0.01,99.96,4792.88,12.1575,,0.41265,190.75,,0.46558,,516.56,
2021-03-05,2372.14,2.35,,1.15,1.3,86.96,29035.73,42.81,21.71,104.77,520.87,0.0374,,20.4,1.72,0.182,2.57,78.79,4.42,,2.05,1.36,45.99,,,1.94,0.0101,113.73,4980.31,11.63,,0.38831,213.94,,0.43905,,552.02,
2021-03-12,2414.95,2.53,,1.23,1.29,88.89,28152.37,46.99,23.3,112.55,513.6,0.0396,,23.16,1.83,0.1897,2.74,96.0,3.79,,2.3,1.34,50.98,,,1.94,0.0114,100.78,5392.9,12.2943,,0.40347,195.31,,0.51651,,523.59,
2021-03-19,2453.62,2.7,,1.3,1.4,89.48,30598.03,44.2,23.09,124.74,566.76,0.0424,,24.84,1.82,0.2011,2.56,96.54,4.18,,2.08,1.46,46.42,,,2.22,0.0125,102.14,4444.69,12.3399,,0.39755,184.24,,0.54552,,497.04,
2021-03-26,2720.74,2.88,,1.47,1.36,82.09,32411.32,47.86,22.11,129.16,569.65,0.0424,,26.85,2.04,0.2088,2.41,109.94,3.59,,2.46,1.56,48.9,,,2.15,0.0122,108.68,4750.74,13.4806,,0.42851,202.21,,0.635,,560.78,
2021-04-02,2738.39,2.77,,1.3,1.53,90.7,32909.94,42.82,23.97,133.37,641.75,0.0476,,29.22,2.02,0.2167,2.43,125.78,3.61,,2.26,1.64,47.85,,,2.36,0.0121,109.08,4843.64,13.5528,,0.5844,252.31,,1.35118,,689.65,
2021-04-09,2911.57,2.89,,1.33,1.55,100.48,32673.1,47.74,26.83,132.75,607.53,0.0528,,31.9,2.02,0.229,2.38,114.12,3.81,,2.53,1.83,48.64,,,2.56,0.0122,113.17,5125.9,12.13,,0.54459,273.36,,1.40797,,972.51,
2021-04-16,2851.07,2.79,,1.41,1.47,103.35,31291.74,44.59,28.19,118.07,578.63,0.049,,29.87,1.92,0.2241,2.38,106.91,4.06,,2.52,2.0,44.04,,,2.64,0.0125,116.74,4965.33,16.016,,0.4162,223.88,,1.0351,,758.87,
2021-04-23,2122.06,2.38,,1.12,1.12,88.53,29769.74,37.64,25.89,99.77,534.7,0.049,,24.31,1.53,0.1832,2.41,91.52,3.36,,2.25,1.54,37.71,,,2.1,0.011,103.41,3903.61,19.832,,0.55601,268.88,,1.5605,,972.25,
2021-04-30,1810.08,1.93,,1.06,0.954,73.01,24108.8,35.44,15.35,87.91,454.82,0.0346,,19.19,1.32,0.1639,2.41,85.69,2.9,,1.94,1.35,29.28,,,1.78,0.01,87.39,3772.2,19.152,,0.62804,387.8,,1.5345,,1427.8,
2021-05-07,1727.45,1.55,,0.9725,0.6115,49.57,19616.05,33.65,11.84,76.91,362.01,0.0308,,14.83,1.21,0.1489,2.46,66.32,2.53,,1.74,1.12,25.25,,,1.55,0.00838398,74.68,3371.33,15.833,,0.71027,295.89,,1.4496,,1166.69,225.19
2021-05-14,1510.6,1.14,,0.804,0.4988,38.23,18291.78,27.75,8.71,64.62,335.22,0.0237,,12.19,1.02,0.1317,2.5,49.31,2.25,,1.6,0.8853,19.09,,,1.27,0.00660585,64.57,3077.81,7.712,,0.362,142.39,,0.7898,,552.37,143.94
2021-05-21,1363.21,1.1,,0.7581,0.4259,34.5,17014.18,27.76,6.99,60.87,327.91,0.0183,,9.54,0.8893,0.1117,2.27,43.79,2.02,,1.56,0.7694,17.18,,,1.08,0.00619992,61.64,2982.42,8.487,,0.37466,170.51,,0.9058,,661.66,111.9
2021-05-28,1441.16,1.18,,0.807,0.4254,35.74,16502.4,29.23,7.74,60.15,323.96,0.0157,,10.34,0.9412,0.1089,1.91,45.17,2.14,,1.65,0.8508,18.81,,,1.12,0.00642313,61.29,2868.94,9.276,,0.38053,176.41,,0.947,,656.1,104.49
2021-06-04,1422.3,1.21,,0.8644,0.469,38.63,17373.87,28.29,8.24,57.37,317.74,0.0165,,10.45,1.0,0.1184,1.79,46.69,2.22,,1.75,0.8943,17.54,,,1.18,0.00637572,64.91,2927.42,8.234,,0.34486,170.85,,0.8832,,613.46,64.45
2021-06-11,1458.99,1.2,,0.84,0.4343,37.71,18637.35,30.64,7.79,62.53,302.47,0.0178,,11.62,0.9536,0.1178,1.92,50.51,2.37,,1.7,0.8828,20.51,,,1.23,0.00622942,72.18,3236.9,7.65,,0.29739,154.88,,0.7741,,556.16,47.1
2021-06-18,1474.79,1.32,,0.7832,0.5005,39.71,20910.64,25.71,8.04,63.48,306.64,0.0198,,10.58,0.9261,0.1266,1.87,55.8,2.38,,1.5,0.9322,22.06,,,1.35,0.00633406,77.0,3484.22,5.81,,0.25979,132.6,,0.6484,,477.79,43.0
2021-06-25,1580.71,1.47,,0.7282,0.5082,43.22,18947.46,26.46,8.86,64.18,328.8,0.0198,,11.46,0.9827,0.1347,1.91,58.1,2.48,,1.7,0.8885,22.9,,,1.42,0.00671912,82.0,3552.26,7.102,,0.26814,144.95,,0.696,,526.73,46.71
2021-07-02,1660.51,1.51,,0.7285,0.5308,44.03,19240.62,24.79,7.98,66.33,338.9,0.0229,,11.28,1.05,0.1346,1.88,59.94,2.43,,1.73,0.8885,23.77,,,1.47,0.00680876,73.46,3525.13,6.917,,0.24595,134.28,,0.6364,,498.11,39.71
2021-07-09,1724.25,1.55,,0.7285,0.5085,46.28,19802.24,27.86,9.99,70.35,358.09,0.0226,,12.12,1.12,0.1279,1.68,66.01,2.51,,2.02,0.7804,23.46,,,1.54,0.00697657,79.16,3473.31,6.238,,0.22977,119.17,,0.5866,,437.92,32.36
2021-07-16,1692.02,1.63,,0.7825,0.538,52.76,19883.48,26.36,9.0,72.52,368.01,0.026,,12.41,1.1,0.1371,1.56,54.74,2.61,,2.14,0.8535,23.66,,,1.39,0.0071327,82.63,3440.15,6.135,,0.26172,127.68,,0.6069,,454.99,42.6
2021-07-23,1938.46,1.7,,0.8302,0.5531,52.75,20310.59,28.78,9.46,75.66,351.88,0.026,,13.61,1.14,0.127,1.39,50.42,2.77,,2.25,0.8155,25.69,,,1.41,0.00705335,81.53,3440.9,6.556,,0.27504,140.31,,0.7242,,526.26,40.87
2021-07-30,1905.41,1.81,,0.7871,0.5852,56.85,20656.4,30.04,9.81,78.26,378.04,0.0266,,15.51,1.26,0.134,1.37,49.8,2.95,,2.43,0.8155,25.59,,,1.45,0.00713238,80.1,3824.32,8.484,,0.28716,149.69,,0.7788,,555.56,55.27
2021-08-06,1865.97,1.95,,0.7871,0.6064,55.76,18429.57,30.62,9.71,73.56,393.42,0.0233,,16.08,1.42,0.1462,1.41,51.61,3.06,,2.55,0.8319,29.82,,,1.6,0.00730355,78.66,3585.17,9.383,,0.39079,184.6,,1.2839,,703.42,63.4
2021-08-13,1789.01,2.15,,0.7413,0.6291,62.39,18924.12,29.46,9.78,76.16,420.23,0.0233,,14.95,1.48,0.1399,1.46,50.88,3.2,,2.56,0.8021,28.22,,,1.68,0.00715612,82.57,4229.93,12.584,,0.37232,185.91,,1.226,,672.29,64.59
2021-08-20,1767.88,2.34,,0.6734,0.6869,60.83,19004.48,29.01,10.65,80.31,427.32,0.0247,,14.01,1.64,0.1463,1.42,55.31,3.07,,2.9,0.7817,29.29,,,1.72,0.00746898,89.92,4074.24,11.087,,0.3431,174.3,,1.1408,,659.0,72.0
2021-08-27,1831.46,2.26,,0.7323,0.7081,62.56,18454.33,29.52,8.76,83.66,429.72,0.026,,14.2,1.78,0.1536,1.4,51.88,3.1,,3.13,0.8221,32.6,,,1.75,0.00735895,87.38,4050.14,13.382,,0.3976,232.2,,1.3076,,764.5,79.33
2021-09-03,1898.85,2.5,,0.7686,0.795,67.76,17145.01,29.53,8.85,79.86,460.28,0.0269,,14.39,1.73,0.1592,1.3,53.62,3.08,,3.46,0.937,32.97,,,1.74,0.00753567,85.11,4341.73,12.213,,0.3326,183.0,,1.1181,,646.5,59.43
2021-09-10,1858.28,2.35,,0.8317,0.8212,64.0,17681.9,26.41,8.95,88.0,457.75,0.0254,,15.03,1.85,0.1604,1.28,54.12,3.01,,3.4,0.9145,32.81,,,1.93,0.00727276,94.33,4381.64,10.918,,0.3134,175.6,,1.0483,,608.7,57.16
2021-09-17,1836.46,2.63,,0.856,0.797,61.79,17645.46,28.41,9.08,81.12,453.98,0.0268,,15.48,2.03,0.1589,1.13,54.6,2.99,,3.4,0.888,32.95,,,1.6,0.00718852,99.63,4595.15,10.682,,0.276,150.7,,0.9436,,503.2,43.69
2021-09-24,1978.79,2.62,,0.9771,0.7845,63.05,18160.08,28.57,9.82,86.13,431.39,0.028,,16.96,2.09,0.1682,1.1,52.26,3.19,,3.6,0.922,35.51,,,1.71,0.00713179,98.28,4809.8,10.83,,0.3148,170.5,,1.0552,,571.0,50.32
2021-10-01,2044.84,2.81,,0.9389,0.7789,64.68,17764.34,30.54,9.67,83.21,449.74,0.0273,,16.65,2.3,0.1682,1.02,53.15,3.43,,4.01,1.0,36.99,,,1.74,0.00734396,103.16,5372.94,10.929,,0.3311,174.8,,1.1352,,584.7,44.91
2021-10-08,1996.4,2.92,,1.02,0.7817,74.48,19558.17,31.88,9.92,86.16,461.04,0.0269,,17.07,2.22,0.1761,1.08,50.21,3.6,,3.73,1.04,35.31,,,1.82,0.00771128,105.82,5477.94,11.995,,0.3834,183.7,,1.0944,,612.5,44.11
2021-10-15,2000.29,2.94,,0.9923,0.7633,65.61,20218.91,31.25,9.52,91.92,460.73,0.0297,,15.88,2.36,0.1957,1.17,54.67,3.67,,3.9,1.1,36.37,,,2.01,0.00795861,105.62,5856.04,12.011,,0.3723,190.4,,1.0821,,617.2,43.32
2021-10-22,2039.54,2.94,,1.05,0.7801,66.36,21751.56,32.98,9.52,96.99,504.74,0.0306,,17.75,2.38,0.2274,1.14,60.31,3.84,,4.06,1.18,35.5,,,1.83,0.00762091,105.86,6609.59,10.85,,0.3725,191.9,,1.1128,,596.9,44.96
2021-10-29,1973.82,2.85,,1.19,0.8399,70.53,21592.4,36.12,10.46,100.27,511.12,0.0323,,17.36,2.53,0.2442,1.15,60.14,3.73,,4.42,1.26,38.16,,,1.84,0.00777872,109.72,6231.4,13.234,,0.3636,202.0,,1.2198,,600.4,53.52
2021-11-05,1862.09,3.03,,1.09,0.8931,75.56,21900.1,39.29,12.37,110.68,516.92,0.0361,,17.25,2.47,0.2307,1.18,60.25,3.86,,4.11,1.45,45.2,,,2.01,0.00840235,119.35,6728.93,11.906,,0.3773,279.3,,1.1879,,679.5,48.33
2021-11-12,1902.89,2.97,,1.05,0.8647,83.04,22740.13,40.59,11.18,112.12,474.14,0.0351,,16.91,2.32,0.2064,1.06,58.23,4.09,,4.01,1.4,47.3,,,2.13,0.00773114,109.69,6632.72,12.377,,0.3434,221.1,,1.0569,,574.4,43.24
2021-11-19,1653.53,2.48,,0.9823,0.7978,72.55,20539.4,39.79,8.28,103.47,434.06,0.0351,,13.98,2.02,0.1684,1.08,46.59,4.04,,3.48,1.12,38.87,,,2.02,0.00700367,101.48,6332.79,12.136,,0.3236,199.5,,0.9687,,568.7,41.86
2021-11-26,1349.0,2.21,,0.9445,0.6548,70.08,19550.18,36.7,7.48,94.17,441.78,0.0327,,12.55,1.77,0.1517,1.12,43.73,3.56,,3.17,0.9615,33.63,,,1.92,0.00606031,89.66,5982.34,9.832,,0.279,156.3,,0.8045,,453.0,30.37
2021-12-03,1328.43,2.04,,0.8282,0.5895,66.0,15497.45,30.34,6.75,90.64,401.51,0.032,,10.86,1.59,0.1241,1.1,40.11,3.17,,3.06,0.9637,30.37,,,1.8,0.00566854,82.94,5934.09,9.392,,0.2756,159.0,,0.8393,,458.0,28.48
2021-12-10,1209.96,1.97,,0.7278,0.5254,59.46,14277.53,25.78,6.64,82.89,402.81,0.0324,,8.92,1.43,0.1138,1.16,39.78,2.95,,2.79,0.8975,29.29,,,1.58,0.00497521,76.43,5719.55,8.225,,0.2533,153.2,,0.835,,432.8,22.65
2021-12-17,1085.61,1.8,,0.6646,0.4941,50.62,13582.06,22.8,5.74,78.84,394.89,0.0305,,7.71,1.3,0.0952,1.09,35.99,2.83,,2.5,0.8204,24.06,,,1.21,0.00467505,66.96,5245.18,9.3,,0.2914,155.7,,0.92,,451.6,26.69
2021-12-24,1079.09,1.63,,0.5459,0.4462,45.13,12216.77,19.67,5.29,71.52,324.21,0.0293,,6.5,1.15,0.0884,1.07,30.53,2.62,,2.09,0.7441,20.49,,,1.06,0.00401998,59.03,4945.73,8.551,1.956,0.2921,151.2,,0.8586,,447.7,27.31
2021-12-31,999.24,1.35,,0.5246,0.3913,39.83,11622.08,18.58,4.95,65.45,301.29,0.027,,6.02,1.13,0.0847,1.12,25.93,2.34,,1.81,0.6505,18.73,,,0.9828,0.00363034,53.73,5009.03,6.74,1.502,0.2609,130.9,,0.753,,376.8,36.15
2022-01-07,939.64,1.22,4.0,0.4083,0.3107,30.77,10680.56,18.18,4.95,56.05,281.13,0.0242,,4.3,1.11,0.0803,1.12,21.45,2.2,,1.69,0.5231,16.86,,,0.9879,0.00339987,42.23,4171.59,7.234,1.595,0.2589,146.4,,0.7784,,388.1,31.15
2022-01-14,850.15,1.02,6.15,0.3631,0.2908,29.45,9936.89,15.57,4.71,53.02,257.95,0.0228,,3.6,1.02,0.0684,1.17,17.49,2.2,,1.58,0.5166,15.14,,,0.9599,0.00328566,36.44,3750.05,4.408,0.852,0.2009,112.3,,0.6283,,302.5,21.28
2022-01-21,777.24,0.9375,8.61,0.3043,0.2339,28.54,9967.12,15.25,4.08,51.04,231.62,0.0205,,3.12,0.9116,0.0615,1.12,16.29,2.02,,1.4,0.4552,12.98,,,0.8038,0.00316185,32.98,3352.51,4.291,1.266,0.1952,108.6,2.6644,0.6013,,290.0,19.23
2022-01-28,761.53,0.9024,11.79,0.3246,0.204,26.05,9653.67,15.07,3.95,49.82,224.53,0.0198,,2.61,0.962,0.053,1.09,15.16,2.17,,1.3,0.3815,12.09,,,0.7826,0.00314386,31.82,3600.52,4.742,1.386,0.2238,127.6,2.6683,0.6825,,324.7,23.36
2022-02-04,677.8,0.8043,9.83,0.318,0.208,26.7,9701.38,14.18,3.57,48.06,216.41,0.0189,,2.44,0.8954,0.0505,1.14,13.87,2.21,,1.23,0.3618,12.45,,,0.7896,0.00319977,33.05,3452.62,6.07,1.155,0.2104,125.6,2.7641,0.8057,,333.6,19.75
2022-02-11,695.24,0.7798,9.05,0.3105,0.1904,27.37,10051.89,13.28,3.41,44.52,207.5,0.0181,,2.38,0.879,0.0453,1.14,14.75,2.2,,1.23,0.3305,11.13,,,0.7004,0.00299892,32.31,3455.51,5.64,1.012,0.1945,110.6,2.4212,0.7769,,302.6,18.7
2022-02-18,689.7,0.744,9.29,0.2678,0.1831,26.33,9344.45,13.07,3.25,42.34,206.38,0.0174,,2.55,0.8435,0.0448,1.16,13.57,2.08,,1.27,0.3279,11.15,,,0.6569,0.00298305,30.23,3420.03,5.206,1.035,0.181,102.9,2.1564,0.7215,,304.0,17.23
2022-02-25,690.71,0.6447,9.15,0.2598,0.1985,24.6,9525.64,12.52,2.94,41.88,227.43,0.0193,,2.52,0.8536,0.0419,1.13,13.35,1.97,,1.29,0.3022,11.23,,,0.7074,0.00298846,30.63,3461.12,5.377,1.042,0.1728,101.1,1.9526,0.7251,,282.0,16.62
2022-03-04,726.46,0.6769,8.61,0.249,0.1831,24.7,9592.17,12.63,2.61,40.9,216.28,0.0211,,2.22,0.8497,0.0379,1.09,14.05,1.88,,1.35,0.2989,10.71,,,0.5917,0.00300139,32.27,3564.31,4.995,0.836,0.1763,101.7,1.8552,0.7602,,279.7,15.75
2022-03-11,723.4,0.6599,8.17,0.2584,0.1788,24.86,9204.05,12.37,2.49,39.97,212.03,0.0198,,2.17,0.878,0.0373,1.09,14.85,1.97,,1.27,0.2892,10.68,,,0.5476,0.00300622,31.73,3815.94,5.317,0.98,0.1972,114.9,1.9487,0.8057,,327.4,16.78
2022-03-18,710.02,0.6274,7.61,0.2697,0.1866,24.07,9301.78,12.03,2.17,39.43,195.5,0.0193,,2.14,0.9035,0.0386,1.02,14.32,1.95,,1.25,0.2931,11.17,,,0.5516,0.00298441,30.08,3503.56,6.108,1.0,0.2297,129.7,2.332,0.858,,376.6,21.9
2022-03-25,733.58,0.5725,7.56,0.27,0.1733,24.24,9516.75,12.21,2.23,35.2,173.89,0.0184,,1.89,0.8969,0.037,1.02,14.01,1.88,,1.33,0.2865,9.96,,,0.5158,0.00295974,28.37,3458.51,6.324,1.387,0.237,128.7,1.8235,0.8432,,378.6,22.66
2022-04-01,722.65,0.5847,7.25,0.267,0.1635,22.65,9604.8,12.57,2.37,38.31,190.83,0.0178,,1.91,0.8581,0.037,1.03,13.99,1.93,,1.31,0.2635,10.12,,,0.5211,0.00291538,25.49,3453.51,6.067,1.308,0.2004,110.3,1.7947,0.7543,,319.8,17.34
2022-04-08,795.71,0.5802,6.72,0.2589,0.1758,20.47,9582.78,12.28,2.11,30.42,185.82,0.0152,,1.87,0.8086,0.036,0.948,14.47,1.95,,1.32,0.229,9.13,,,0.5223,0.00296956,27.52,3460.34,5.116,1.119,0.1965,108.8,1.518,0.7519,,328.1,16.41
2022-04-15,640.17,0.5773,6.02,0.2283,0.1655,21.69,9161.69,12.11,1.94,31.11,195.79,0.0127,,1.99,0.7486,0.0344,0.9222,14.78,1.88,,1.38,0.2172,9.54,,,0.4585,0.00299037,26.22,3507.55,4.572,1.049,0.1896,104.6,1.2593,0.6981,,307.7,16.21
2022-04-22,665.16,0.5674,5.84,0.1973,0.1488,20.28,9430.25,10.78,2.06,31.35,206.87,0.0115,,1.82,0.692,0.0349,0.8949,14.34,1.83,,1.36,0.2148,9.28,,,0.4873,0.00291601,25.17,3405.73,3.614,0.845,0.1757,99.3,1.0025,0.607,,284.0,13.05
2022-04-29,670.61,0.5434,5.69,0.2053,0.138,19.86,9045.38,10.36,2.13,31.3,211.62,0.00965674,,1.8,0.757,0.0341,0.8302,14.93,1.66,,1.39,0.2035,8.84,,,0.4866,0.00258413,24.61,3208.95,3.535,0.796,0.1616,93.9,0.756,0.5662,,261.7,11.9
2022-05-06,569.03,0.5402,5.8,0.1936,0.1386,20.13,8801.98,11.0,2.09,31.11,220.72,0.00962436,,1.71,0.6671,0.0336,0.7662,11.95,1.67,,1.4,0.2016,8.03,,,0.4844,0.00261109,22.56,3207.61,2.213,0.517,0.1453,71.6,0.5466,0.4481,,214.9,9.23
2022-05-13,570.0,0.5234,5.4,0.1959,0.1387,20.06,8492.39,9.45,0.4186,30.47,214.0,0.0090049,,1.58,0.6352,0.0367,0.817,10.62,1.64,,1.51,0.1967,7.77,,,0.5155,0.00253111,22.85,3071.3,2.25,0.428,0.1355,71.7,0.5167,0.4218,,197.9,8.22
2022-05-20,555.52,0.4822,4.81,0.163,0.1328,18.92,7307.22,8.61,0.369,27.07,197.81,0.00750618,,1.31,0.6034,0.0351,0.8301,9.3,1.45,,1.48,0.178,6.99,,,0.4211,0.0021108,21.41,2668.72,2.104,0.348,0.1311,63.6,0.4566,0.3891,,185.2,7.12
2022-05-27,512.11,0.434,3.98,0.1396,0.1145,15.78,6513.29,7.49,0.3991,25.54,187.58,0.00595336,,1.1,0.5381,0.0335,0.8968,7.31,1.21,,1.39,0.1517,5.36,,,0.4261,0.00198712,19.98,2446.43,2.017,0.292,0.1435,63.2,0.4649,0.3953,,179.9,7.35
2022-06-03,435.51,0.3628,3.32,0.1271,0.107,14.86,6198.34,6.65,0.3929,22.83,168.99,0.00534592,,1.06,0.4683,0.0275,0.886,6.72,1.02,,1.22,0.1303,4.88,,,0.3722,0.00200995,16.55,2255.95,1.547,0.212,0.1185,47.9,0.4218,0.3433,,146.0,5.64
2022-06-10,385.14,0.331,2.79,0.1133,0.0809,13.63,5707.75,5.47,0.3769,19.9,148.08,0.00584715,,0.8862,0.431,0.0231,0.8679,5.83,0.9078,,0.9727,0.1227,4.48,,,0.3586,0.00181548,15.07,2154.99,1.301,0.212,0.1148,54.29,0.2361,0.3264,,120.6,5.49
2022-06-17,326.58,0.3334,2.47,0.1133,0.0712,13.2,4940.3,5.1,0.4056,18.25,146.05,0.00513025,,0.8052,0.3883,0.0191,0.8462,4.73,0.8568,,0.931,0.1102,4.14,,,0.3245,0.00178697,14.53,2119.99,1.355,0.284,0.1203,56.61,0.3833,0.3592,,112.9,5.76
2022-06-24,317.38,0.3401,2.32,0.101,0.0732,13.02,4876.65,5.0,0.3897,18.38,148.22,0.00455698,,0.7764,0.386,0.0197,0.8252,4.59,0.8301,,0.9137,0.1077,4.27,,,0.3337,0.00178611,12.03,2034.38,1.212,0.239,0.1091,50.95,0.3274,0.3215,,105.7,5.24
2022-07-01,321.89,0.3417,2.32,0.0992,0.0801,12.68,4828.92,4.49,0.3749,17.84,146.3,0.00446132,,0.7566,0.4206,0.0209,0.7806,4.45,0.9046,,1.0,0.1155,4.22,,,0.3325,0.0017832,11.45,1946.3,1.377,0.262,0.1075,52.12,0.3629,0.3255,,106.8,6.39
2022-07-08,348.32,0.3289,2.3,0.1057,0.0719,12.57,4857.1,4.43,0.3644,17.32,141.66,0.00437332,,0.7912,0.349,0.0207,0.7742,4.56,0.9534,,0.9376,0.12,3.89,,,0.3548,0.00179126,12.41,1843.54,1.265,0.306,0.1066,55.76,0.4284,0.3433,,110.3,7.23
2022-07-15,339.29,0.3444,2.47,0.1041,0.0727,13.03,4853.23,3.95,0.3653,18.3,141.87,0.00437813,,0.6848,0.3503,0.0216,0.7986,4.41,0.8875,,0.9122,0.1167,3.76,,,0.3482,0.00180727,10.68,1994.49,1.356,0.377,0.1132,58.39,0.4563,0.3586,,131.9,6.61
2022-07-22,346.05,0.3864,2.71,0.1133,0.0699,13.14,4785.8,3.92,0.3545,17.73,140.04,0.00446486,,0.6583,0.3378,0.0217,0.8,4.42,0.8889,,0.8887,0.1122,3.35,,,0.3253,0.00178473,10.98,2087.34,1.42,0.349,0.1176,59.74,0.444,0.3792,,139.3,8.99
2022-07-29,339.61,0.3847,2.57,0.107,0.0708,14.72,4848.73,4.1,0.3507,17.41,137.96,0.00339935,,0.6596,0.3478,0.0244,0.7969,4.45,0.8895,,0.8698,0.1097,3.3,,,0.3106,0.00180626,11.15,1999.86,1.595,0.385,0.1239,61.1,0.404,0.3722,,141.0,8.24
2022-08-05,332.77,0.3949,2.62,0.1128,0.0612,14.86,4619.0,3.96,0.3603,17.27,141.08,0.00352345,,0.6495,0.332,0.0225,0.7104,4.05,0.8869,,0.7986,0.1113,3.03,,,0.3188,0.00165739,10.71,2065.05,1.827,0.356,0.1257,63.14,0.448,0.3757,,139.5,8.01
2022-08-12,352.15,0.4211,2.54,0.1019,0.0596,12.89,4886.66,3.62,0.3745,17.76,142.86,0.00312101,,0.5937,0.3438,0.0217,0.6348,4.09,0.8854,,0.7436,0.1117,2.8,,,0.2881,0.00152284,10.41,2060.5,1.839,0.297,0.111,55.67,0.348,0.3449,,119.7,6.45
2022-08-19,348.92,0.4487,2.57,0.0959,0.0616,11.95,5117.99,3.63,0.3609,18.47,141.64,0.00297218,,0.5984,0.335,0.0223,0.6126,3.96,0.8261,,0.7312,0.1141,2.63,,,0.2718,0.00149277,10.67,2004.04,1.501,0.22,0.1027,53.41,0.32,0.3224,,112.6,6.29
2022-08-26,341.92,0.4496,2.54,0.0967,0.0581,11.59,5036.97,3.69,0.3419,18.7,140.01,0.00281855,,0.6152,0.327,0.0229,0.5726,4.05,0.8104,,0.6824,0.1047,2.58,,,0.2766,0.00141546,10.38,1850.26,1.601,0.231,0.1064,60.9,0.333,0.3317,,118.3,6.69
2022-09-02,346.73,0.4444,2.67,0.0927,0.0582,11.18,5102.11,3.58,0.33,19.77,126.76,0.00274414,,0.6052,0.3304,0.0235,0.5066,4.25,0.7714,,0.7,0.1086,2.48,,,0.2782,0.00142909,10.72,1777.0,1.87,0.242,0.1144,62.16,0.35,0.3552,,130.3,7.18
2022-09-09,350.57,0.4443,2.86,0.0964,0.0593,11.5,5111.83,3.68,0.3296,19.95,151.04,0.00274889,,0.5255,0.3198,0.0243,0.4868,4.08,0.7887,,0.6876,0.103,2.27,,,0.2851,0.0014337,10.57,1818.73,1.447,0.211,0.1069,52.63,0.264,0.3576,,111.8,5.85
2022-09-16,360.28,0.4291,2.95,0.1004,0.0593,12.27,5277.45,3.56,0.2917,20.73,145.41,0.00253153,,0.4985,0.348,0.023,0.4841,4.26,0.7898,,0.7763,0.1052,2.24,,,0.2701,0.00136704,11.26,1826.47,1.798,0.224,0.1173,52.53,0.249,0.4917,,113.5,5.9
2022-09-23,334.28,0.3978,2.83,0.1125,0.0642,12.72,4834.51,3.4,0.2815,20.94,136.0,0.00242562,,0.4629,0.3327,0.0217,0.5295,4.42,0.8413,,0.6957,0.1015,2.18,,,0.2832,0.00136892,10.9,1741.69,1.565,0.218,0.1185,51.82,0.251,0.4485,,114.3,5.91
2022-09-30,327.44,0.4065,3.2,0.113,0.062,12.06,4670.49,3.47,0.2895,20.84,134.95,0.00234588,,0.4035,0.3108,0.0221,0.4914,4.47,0.7957,,0.6647,0.0203,2.03,,,0.2804,0.00133637,9.43,1763.98,1.915,0.22,0.1287,53.9,0.255,0.5325,,117.2,5.85
2022-10-07,327.86,0.3739,2.97,0.0965,0.0667,10.63,4567.67,3.34,0.27,19.99,130.98,0.00239737,,0.4103,0.2857,0.0202,0.4925,4.59,0.8299,,0.7195,0.0205,1.92,,,0.2826,0.0013392,9.51,1893.34,1.904,0.212,0.1135,51.43,0.247,0.4766,,110.3,4.99
2022-10-14,310.46,0.3712,2.64,0.0845,0.0676,11.5,4487.73,3.45,0.2803,19.83,122.35,0.00257881,,0.3839,0.2908,0.0208,0.4862,4.63,0.8652,,0.6052,0.0218,1.96,,,0.2946,0.00137,9.8,1957.87,1.936,0.2,0.112,54.03,0.243,0.4688,,110.8,5.03
2022-10-21,313.03,0.3616,2.68,0.079,0.0704,9.41,4302.59,3.59,0.2687,19.19,112.32,0.00240182,,0.3869,0.2995,0.0198,0.5034,4.51,0.8563,,0.5451,0.0217,1.95,,,0.3157,0.00147119,9.95,1967.88,2.194,0.221,0.1112,55.35,0.288,0.4582,,116.1,5.32
2022-10-28,323.66,0.3801,2.73,0.0758,0.0716,10.64,4214.74,3.74,0.2479,19.2,123.36,0.00230873,,0.3858,0.3047,0.0205,0.4962,4.77,0.7734,,0.5468,0.0226,1.75,,,0.2919,0.0015121,10.45,1952.52,2.594,0.224,0.109,68.26,0.342,0.4709,,116.7,5.21
2022-11-04,316.71,0.3691,2.64,0.0753,0.0706,11.77,4307.75,3.85,0.2236,19.79,116.15,0.00231524,,0.3411,0.3111,0.0215,0.468,4.72,0.801,,0.5753,0.0218,1.63,,,0.3109,0.00149276,9.56,1889.77,1.812,0.155,0.0882,57.37,0.213,0.3408,,99.6,3.946
2022-11-11,323.08,0.3503,2.43,0.0785,0.0642,11.58,4069.65,3.88,0.234,19.29,114.51,0.0024671,,0.3244,0.3124,0.0219,0.4767,4.82,0.757,,0.5447,0.0207,1.58,,,0.2985,0.00148513,10.21,1931.16,1.572,0.157,0.0865,62.12,0.213,0.3608,,104.8,3.606
2022-11-18,311.94,0.3643,2.17,0.0726,0.0696,10.74,4086.21,3.74,0.2392,18.78,112.59,0.00263557,,0.3151,0.2987,0.0212,0.4912,4.94,0.7498,,0.5115,0.0203,1.67,,,0.2909,0.00143231,9.57,1802.35,1.579,0.163,0.0902,74.92,0.228,0.3962,,111.2,3.898
2022-11-25,292.24,0.3765,2.17,0.0747,0.0623,10.53,4169.91,3.6,0.2426,18.37,119.64,0.00299142,,0.325,0.3179,0.0236,0.4649,4.88,0.7891,,0.5031,0.0202,1.78,,,0.2872,0.00144286,9.77,1858.68,1.631,0.186,0.0877,77.07,0.243,0.3895,,111.0,4.347
2022-12-02,308.57,0.3893,2.13,0.0734,0.0671,10.53,4197.25,3.55,0.2494,19.11,124.63,0.00273247,,0.3468,0.3293,0.0234,0.4287,5.52,0.813,,0.5671,0.0207,1.97,,,0.2998,0.00151556,10.71,1970.9,1.62,0.174,0.0838,76.5,0.274,0.3809,,106.3,4.221
2022-12-09,327.09,0.3822,2.6,0.0734,0.0715,12.03,4418.14,3.64,0.2453,20.14,125.17,0.0027068,,0.3679,0.323,0.0229,0.3893,5.94,0.8207,,0.5623,0.0203,1.95,,,0.2934,0.00152028,10.39,1941.39,1.409,0.1521,0.0764,64.37,0.274,0.3499,,102.0,3.68
2022-12-16,329.8,0.4118,2.57,0.0753,0.0745,10.93,4730.12,3.77,0.248,21.86,127.87,0.00290404,,0.4094,0.3536,0.0249,0.4124,6.05,0.8444,,0.6375,0.0196,2.03,,,0.3101,0.00168769,11.85,1974.17,1.311,0.1449,0.0739,69.15,0.267,0.3457,,101.4,3.766
2022-12-23,309.19,0.4512,2.34,0.0785,0.0838,12.2,4570.33,3.91,0.2317,23.46,124.22,0.00317979,,0.433,0.3918,0.0217,0.4152,5.93,0.8894,,0.5952,0.0202,1.96,,,0.3152,0.00173543,11.46,2035.57,1.274,0.1337,0.0726,70.91,0.268,0.3387,,96.8,4.021
2022-12-30,316.35,0.4781,1.99,0.0798,0.0879,13.22,4908.44,4.07,0.2229,24.12,121.15,0.00290874,,0.4409,0.3492,0.0225,0.4001,5.88,0.9108,,0.5922,0.0203,2.19,,,0.3054,0.00176185,12.28,2062.94,1.415,0.147,0.0773,78.68,0.315,0.3452,,103.7,4.115
2023-01-06,317.92,0.5131,2.06,0.0799,0.0861,12.6,4850.0,4.14,0.2108,25.32,132.53,0.00325267,,0.4492,0.38,0.0234,0.3985,6.21,0.952,,0.6277,0.0199,2.09,30.0,2.0,0.2722,0.00173532,12.65,2129.98,1.653,0.1814,0.088,87.37,0.423,0.3845,,124.8,5.148
2023-01-13,313.36,0.5105,2.34,0.0859,0.0907,13.25,5132.79,4.38,0.2314,26.25,144.23,0.00277653,,0.5068,0.3712,0.0254,0.3958,6.31,0.9877,,0.6489,0.0195,2.28,29.71,2.19,0.2988,0.00167303,12.3,2195.02,1.94,0.1903,0.091,87.58,0.548,0.4004,,128.6,5.542
2023-01-20,336.73,0.4928,2.53,0.0878,0.0964,12.52,5217.53,4.7,0.227,28.51,141.71,0.00299053,,0.5087,0.3991,0.0276,0.3931,6.18,1.04,,0.6871,0.0182,2.49,51.01,2.46,0.3252,0.00168158,12.91,2176.4,2.524,0.2244,0.0944,94.84,1.059,0.4134,,136.6,6.239
2023-01-27,349.04,0.5409,2.73,0.0888,0.1033,13.78,5673.67,4.64,0.2229,29.87,153.27,0.00267892,,0.5388,0.4188,0.0298,0.3835,6.17,1.1,,0.7416,0.0178,2.56,76.46,2.82,0.3591,0.00173857,12.79,2224.87,3.603,0.2153,0.0909,96.63,0.831,0.3984,,134.4,5.621
2023-02-03,349.67,0.5727,3.1,0.1012,0.1116,14.77,5530.8,4.86,0.2191,30.25,155.58,0.00264628,,0.5377,0.4683,0.031,0.3569,6.65,1.14,,0.7605,0.0166,2.51,66.52,2.79,0.3281,0.00177024,13.05,2266.94,3.347,0.2381,0.0851,92.51,0.835,0.3747,,122.9,5.51
2023-02-10,377.92,0.579,3.06,0.105,0.1166,15.99,5727.05,5.05,0.2135,32.56,169.29,0.00265296,,0.528,0.4955,0.0301,0.3543,7.55,1.26,,0.7759,0.016,2.66,67.81,3.2,0.3289,0.00180645,12.84,2305.67,4.162,0.272,0.0905,97.43,0.872,0.3863,,136.0,7.348
2023-02-17,411.28,0.6126,3.42,0.1078,0.1346,16.36,5722.69,5.21,0.2132,32.26,172.24,0.00276822,,0.5578,0.4885,0.03,0.3647,8.11,1.28,,0.7749,0.0152,2.78,74.11,4.01,0.3451,0.00182195,13.13,2390.75,3.779,0.2562,0.089,95.27,0.794,0.3779,,136.3,6.242
2023-02-24,393.03,0.657,3.7,0.1029,0.1399,16.33,6317.12,5.38,0.1987,27.71,173.85,0.00312442,,0.5806,0.5192,0.0276,0.3653,8.65,1.32,,0.7812,0.0146,2.97,81.32,3.92,0.3713,0.00186149,14.14,2380.92,3.344,0.2425,0.0827,89.93,0.744,0.3668,,124.0,5.339
2023-03-03,405.39,0.6901,3.88,0.1056,0.1393,16.29,4779.13,5.88,0.181,30.46,182.87,0.00318454,,0.6311,0.5738,0.0267,0.3686,9.78,1.35,,0.7848,0.0151,3.22,83.59,4.23,0.3837,0.00193767,13.63,2256.75,3.696,0.2144,0.0822,76.26,0.632,0.3714,,120.2,5.226
2023-03-10,422.35,0.7442,3.89,0.1117,0.1526,17.5,5209.95,5.85,0.1902,30.92,185.69,0.00334432,,0.6741,0.4992,0.0272,0.3816,11.69,1.42,,0.8123,0.0145,3.64,84.83,4.25,0.4172,0.00208396,13.35,2163.22,4.28,0.3363,0.0877,83.98,1.024,0.3857,0.2516,135.7,5.407
2023-03-17,463.67,0.7766,3.97,0.1115,0.171,19.86,5487.33,5.85,0.1869,32.13,194.94,0.00346241,,0.664,0.5044,0.0298,0.3658,12.71,1.35,,0.8601,0.0136,3.66,81.97,3.85,0.447,0.00206418,14.94,2251.49,4.063,0.4778,0.0918,93.32,1.073,0.4479,0.2372,124.7,4.985
2023-03-24,467.38,0.7413,4.0,0.123,0.1574,17.69,5697.46,6.17,0.1889,33.01,203.89,0.00384145,,0.6988,0.5355,0.0278,0.3444,11.96,1.41,,0.8334,0.0145,3.76,91.35,3.69,0.442,0.00215006,14.92,2417.21,5.157,0.6062,0.1066,92.77,0.972,0.518,0.2384,123.0,5.065
2023-03-31,489.35,0.7973,4.3,0.1308,0.1576,20.07,6091.79,5.91,0.1915,32.57,210.42,0.00336854,,0.7273,0.5395,0.0275,0.3503,12.13,1.48,,0.9294,0.0141,3.65,102.29,3.48,0.4627,0.00206493,16.21,2255.25,5.701,0.5925,0.1048,90.58,1.096,0.5054,0.2472,125.6,5.015
2023-04-07,521.27,0.8376,4.39,0.1309,0.1824,17.21,6167.15,6.28,0.1926,32.08,205.69,0.00382917,,0.7209,0.5329,0.0288,0.3356,11.41,1.56,,0.9741,0.0142,4.03,91.35,3.49,0.4418,0.00202258,14.69,2192.56,9.309,0.6445,0.1073,100.01,1.398,0.5209,0.2599,134.4,6.069
2023-04-14,545.18,0.85,4.57,0.1293,0.1743,16.68,6653.9,5.91,0.1973,34.85,246.71,0.00399612,,0.7672,0.5345,0.0273,0.3088,12.28,1.49,,1.03,0.0136,3.87,96.15,4.11,0.4238,0.00209443,15.85,2237.93,6.882,0.4871,0.0945,86.75,1.093,0.4647,0.2362,119.8,5.417
2023-04-21,495.03,0.9183,4.48,0.1223,0.179,16.83,6377.16,6.25,0.2026,38.35,235.74,0.00414684,,0.7977,0.5155,0.0271,0.3222,9.73,1.62,,1.03,0.0127,3.77,103.93,4.16,0.4378,0.00211519,15.25,2128.89,7.762,0.4721,0.0944,88.22,1.06,0.4705,0.2349,117.7,6.404
2023-04-28,464.75,0.8265,4.25,0.1203,0.1516,16.77,6769.39,6.2,0.188,35.09,235.88,0.00409031,,0.7589,0.5396,0.0258,0.3085,10.51,1.5,,1.1,0.0114,3.84,103.98,4.29,0.47,0.00220793,14.25,2211.06,7.294,0.3595,0.0918,83.42,1.021,0.449,0.2295,116.1,5.543
2023-05-05,465.99,0.8291,3.64,0.1184,0.1355,14.94,6825.76,6.43,0.1753,34.52,227.14,0.00401005,,0.7862,0.5347,0.0257,0.2985,9.97,1.42,,1.13,0.0101,4.13,110.32,3.96,0.4943,0.00223881,14.97,2127.01,6.084,0.3399,0.0887,83.5,0.957,0.4253,0.2162,115.2,5.194
2023-05-12,489.84,0.8156,3.73,0.1168,0.1352,13.95,7328.21,5.96,0.1725,33.71,233.11,0.00396215,,0.7443,0.5456,0.0265,0.2751,10.24,1.45,,1.14,0.00947886,4.19,117.92,3.97,0.5182,0.00226488,15.42,2139.79,6.737,0.3474,0.0881,92.18,0.98,0.4575,0.2108,114.7,5.054
2023-05-19,504.44,0.7823,3.89,0.1091,0.1297,14.6,7124.87,6.28,0.1637,34.52,228.1,0.00391695,,0.7192,0.564,0.0262,0.2837,11.74,1.55,,0.9886,0.00915445,4.42,94.74,3.96,0.5173,0.0023591,15.46,2250.17,7.086,0.3787,0.0887,91.45,1.055,0.482,0.2134,116.4,4.993
2023-05-26,459.34,0.7974,3.96,0.1075,0.1233,13.98,7621.59,5.84,0.1497,33.5,240.94,0.00406765,,0.7312,0.5631,0.027,0.2989,12.46,1.58,,0.99,0.00883748,4.65,96.1,3.99,0.4653,0.00221803,13.77,2185.49,7.809,0.4541,0.0913,94.19,1.121,0.5359,0.2075,115.7,4.794
2023-06-02,442.48,0.8241,3.67,0.0947,0.1182,14.17,7437.26,5.54,0.1491,35.4,248.68,0.00429158,,0.7085,0.5389,0.027,0.3262,11.99,1.6,,0.9324,0.00901104,4.55,99.86,4.21,0.4519,0.00226006,14.18,2204.02,5.72,0.3344,0.0835,77.68,0.889,0.5208,0.1717,102.8,3.655
2023-06-09,465.04,0.787,3.59,0.0979,0.1213,15.86,7549.44,5.38,0.1533,34.97,255.84,0.00425253,,0.6927,0.5734,0.0276,0.309,12.35,1.64,,0.9092,0.00885702,4.61,91.48,4.09,0.4423,0.00214147,14.69,2108.45,5.977,0.306,0.0795,77.19,0.849,0.4868,0.1665,107.0,3.96
2023-06-16,462.8,0.8444,3.79,0.1013,0.1232,17.06,7765.82,5.33,0.1525,35.06,252.32,0.00425253,,0.6904,0.5381,0.0264,0.2979,12.52,1.67,,0.967,0.00873388,4.63,88.22,4.29,0.4567,0.00199733,14.39,2129.92,6.96,0.4283,0.0916,88.2,0.915,0.4903,0.1895,194.3,4.328
2023-06-23,444.37,0.8649,4.01,0.1104,0.1336,17.02,8006.22,5.18,0.1528,36.64,270.68,0.00436445,,0.6897,0.523,0.0254,0.3139,12.3,1.59,,1.01,0.0082295,4.77,99.08,4.28,0.4899,0.00186826,15.77,2122.06,8.723,0.4032,0.1073,113.58,0.852,0.4845,0.1883,299.2,4.196
2023-06-30,436.54,0.9047,4.08,0.1043,0.1218,18.11,7923.29,4.77,0.1515,36.12,284.85,0.00411584,,0.6974,0.5535,0.0249,0.3381,11.58,1.64,,1.07,0.00793932,4.83,90.13,4.06,0.4936,0.00178743,15.57,2206.38,8.208,0.3788,0.099,95.08,0.699,0.468,0.1835,265.6,4.033
2023-07-07,400.71,0.8965,3.67,0.1043,0.1291,16.99,7633.81,4.74,0.1619,36.4,297.03,0.00357168,,0.7076,0.5237,0.025,0.3182,11.35,1.69,,1.04,0.0079722,5.4,75.95,3.85,0.4729,0.00185035,16.33,2161.58,8.872,0.3621,0.1313,92.89,0.709,0.7468,0.2049,249.9,4.085
2023-07-14,389.89,0.9043,3.44,0.099,0.1306,14.63,7679.46,4.82,0.1729,38.78,310.54,0.00324557,,0.7277,0.5157,0.0226,0.2797,10.92,1.66,,1.0,0.00842096,5.23,87.39,3.27,0.4721,0.00192156,15.05,2134.36,8.705,0.3392,0.1559,93.16,0.692,0.7384,0.2088,249.5,4.215
2023-07-21,404.74,0.9362,3.46,0.1063,0.1267,14.03,8517.45,5.05,0.1729,37.47,291.68,0.00299853,,0.7551,0.5334,0.0247,0.266,10.88,1.66,,1.01,0.00853728,5.36,75.09,3.27,0.469,0.00181829,16.31,2217.48,7.893,0.3268,0.1565,94.03,0.738,0.7046,0.1995,253.0,4.27
2023-07-28,406.59,1.03,3.32,0.1171,0.1173,14.98,7318.97,5.64,0.1705,37.22,281.18,0.00297583,,0.7533,0.4955,0.0232,0.2411,10.44,1.67,,0.9802,0.00793842,5.01,76.95,3.2,0.4471,0.00181998,16.15,2298.94,7.894,0.3144,0.1394,82.57,0.684,0.624,0.2075,223.1,4.121
2023-08-04,413.18,0.8014,2.93,0.1109,0.1099,15.08,7307.99,4.89,0.1523,36.71,280.73,0.00316719,,0.7859,0.4923,0.0223,0.2409,11.01,1.77,,0.979,0.00784899,5.21,74.01,3.09,0.4647,0.00180975,15.97,2310.45,7.694,0.3057,0.1378,81.92,0.689,0.6256,0.2071,228.4,4.03
2023-08-11,397.65,0.8024,3.01,0.1103,0.1103,18.12,7478.82,5.05,0.1454,36.44,270.76,0.00306169,,0.7096,0.4344,0.023,0.2481,10.47,1.66,,0.8725,0.00831526,5.37,86.55,2.98,0.4648,0.00189032,15.36,2523.66,7.727,0.2496,0.1297,65.25,0.583,0.5384,0.1812,188.9,3.586
2023-08-18,402.21,0.8089,3.17,0.1039,0.117,18.54,6975.43,5.17,0.1541,34.46,270.23,0.00311746,,0.7389,0.472,0.0261,0.2413,10.79,1.54,,0.8877,0.00811124,5.53,82.41,3.26,0.4554,0.00188442,15.79,2571.5,6.949,0.2283,0.121,65.39,0.5536,0.5236,0.1701,197.8,3.492
2023-08-25,427.69,0.8965,3.12,0.1046,0.1291,17.67,6468.42,4.73,0.1552,34.43,252.55,0.00325055,,0.7768,0.4774,0.0281,0.2342,10.78,1.56,,0.8802,0.00836172,5.52,76.75,3.45,0.4473,0.0017654,16.16,2565.58,6.814,0.2648,0.1187,63.93,0.522,0.5047,0.1654,196.1,3.257
2023-09-01,421.98,0.9148,3.38,0.1098,0.1313,16.99,6367.8,5.12,0.1557,34.85,259.47,0.00345875,,0.8104,0.4666,0.0296,0.2165,11.61,1.51,,0.8763,0.00734555,5.43,83.48,3.89,0.4698,0.00173582,15.04,2716.27,6.643,0.2451,0.1338,61.11,0.5031,0.4969,0.1657,190.3,3.094
2023-09-08,418.45,0.874,3.05,0.0996,0.1379,15.95,6217.72,5.46,0.1425,34.59,267.95,0.00346969,,0.8179,0.4746,0.03,0.2098,12.02,1.39,,0.8795,0.00685564,5.66,79.72,3.55,0.4594,0.00182958,16.66,2831.39,7.028,0.2343,0.1161,63.55,0.4865,0.4925,0.1748,209.9,2.929
2023-09-15,434.91,0.9062,2.9,0.1024,0.1236,16.23,6475.18,5.72,0.1514,34.89,275.87,0.00321251,,0.7987,0.5027,0.0289,0.2269,12.66,1.45,,0.8943,0.00695636,5.7,71.39,3.67,0.4644,0.00182379,16.38,2735.27,6.912,0.2428,0.1123,63.58,0.4684,0.5021,0.174,204.7,2.922
2023-09-22,430.61,0.9136,2.72,0.1023,0.1269,14.31,6487.69,6.27,0.1556,34.25,251.99,0.00356465,,0.8593,0.5224,0.0289,0.2348,11.58,1.49,,0.9738,0.00673946,5.58,69.76,3.59,0.4612,0.00180401,15.44,2485.31,7.947,0.2646,0.1143,68.19,0.464,0.5241,0.1871,242.3,3.305
2023-09-29,425.79,0.9421,2.73,0.1016,0.1318,15.4,6329.5,6.12,0.1526,35.74,251.03,0.00325783,,0.7791,0.5219,0.0283,0.231,11.58,1.51,,0.8549,0.00695671,5.64,74.35,3.3,0.4695,0.00189891,15.46,2664.7,7.734,0.259,0.1107,65.34,0.4406,0.5174,0.188,227.8,3.091
2023-10-06,406.16,0.9453,2.96,0.0997,0.1394,14.88,6674.82,6.04,0.1509,37.08,259.78,0.00333583,,0.7747,0.5622,0.0292,0.2149,12.29,1.54,,0.9338,0.00659178,5.66,80.92,2.98,0.4921,0.001946,14.52,2754.94,7.807,0.2291,0.1063,61.63,0.4104,0.4874,0.1805,215.1,3.151
2023-10-13,426.69,0.9492,2.95,0.1066,0.1355,13.94,7034.15,6.55,0.1472,36.91,263.19,0.00308452,,0.7885,0.5834,0.0296,0.2205,11.12,1.67,,0.8571,0.00649857,5.83,80.92,2.81,0.4922,0.0018599,14.93,2760.08,9.228,0.2316,0.1108,65.26,0.4176,0.5226,0.1997,243.4,3.233
2023-10-20,471.3,0.9066,2.99,0.1082,0.1295,15.58,6991.6,5.71,0.1345,36.97,272.13,0.00316473,,0.7772,0.5641,0.0301,0.2173,11.38,1.52,,0.8806,0.00657508,5.5,84.34,3.25,0.5096,0.00186483,14.79,2660.22,13.918,0.2631,0.1157,68.79,0.5137,0.5561,0.2142,246.1,4.025
2023-10-27,472.0,0.9279,3.44,0.1169,0.132,16.05,7267.26,6.09,0.1288,37.93,276.93,0.00355237,,0.8373,0.5817,0.0309,0.2225,11.93,1.58,,0.8953,0.00619737,5.76,87.0,3.37,0.5797,0.00179466,15.66,2826.03,16.119,0.2889,0.1255,71.6,0.584,0.6607,0.2276,237.5,4.06
2023-11-03,479.65,1.07,3.62,0.1309,0.1457,16.85,7651.46,6.5,0.1268,40.98,274.83,0.00386117,,0.8559,0.6176,0.034,0.2131,12.9,1.68,,0.9422,0.00594404,6.79,89.5,3.62,0.5283,0.00186535,17.68,2935.31,17.289,0.378,0.1244,74.88,0.787,0.6613,0.248,236.6,4.672
2023-11-10,474.91,1.19,3.82,0.1278,0.1354,17.83,7870.8,6.82,0.1294,42.21,281.93,0.00362948,,0.9008,0.6602,0.0309,0.2136,12.91,1.79,,0.9286,0.00639544,6.58,99.83,4.21,0.537,0.00198419,18.59,3351.79,16.732,0.3891,0.121,70.54,0.811,0.6258,0.2588,230.1,4.58
2023-11-17,487.53,1.12,3.71,0.1374,0.1625,18.4,8094.84,7.21,0.1235,42.6,282.7,0.00360857,,0.985,0.7323,0.0336,0.2016,14.13,2.0,,0.9428,0.00671405,6.61,97.61,3.37,0.5371,0.00189762,19.5,3446.46,17.076,0.383,0.1198,70.03,1.001,0.6157,0.2442,226.8,4.653
2023-11-24,514.91,1.22,3.8,0.1361,0.1681,18.45,7970.55,6.99,0.1313,45.1,273.46,0.00378651,,0.902,0.7334,0.0307,0.1937,15.02,2.15,,1.05,0.00668155,7.03,106.71,3.26,0.529,0.00206851,22.14,3517.95,17.435,0.4314,0.122,72.31,1.145,0.6229,0.2439,230.0,4.711
2023-12-01,520.16,1.33,4.21,0.1358,0.1786,19.29,8291.72,6.96,0.1336,48.73,304.2,0.00389145,,0.9972,0.772,0.0336,0.2068,16.2,2.16,,1.15,0.0063204,7.71,105.32,3.39,0.559,0.00213192,18.76,3633.41,21.277,0.7125,0.1333,77.18,1.654,0.6617,0.2612,251.1,5.577
2023-12-08,501.48,1.28,4.21,0.1376,0.1883,18.82,7980.99,8.12,0.1339,47.58,289.12,0.004328,,0.9641,0.7509,0.0362,0.1984,17.45,2.34,,1.05,0.00642007,8.07,122.4,3.37,0.598,0.00215117,18.06,3691.66,30.643,0.6058,0.1221,71.18,1.613,0.6103,0.2405,225.9,10.508
2023-12-15,499.7,1.35,4.2,0.1339,0.1948,20.67,8427.26,8.55,0.1295,43.81,317.04,0.00437855,,0.8827,0.7478,0.037,0.2036,18.86,2.22,,1.06,0.00633135,8.86,122.4,3.19,0.6133,0.00208492,16.27,3923.74,40.584,0.6624,0.1258,71.12,1.763,0.6121,0.2479,228.9,9.795
2023-12-22,477.54,1.42,4.37,0.145,0.1714,20.24,8604.02,8.56,0.1327,46.36,319.11,0.00457693,,0.8869,0.7276,0.0384,0.1974,19.45,2.36,,1.07,0.00636799,8.45,126.47,3.16,0.5958,0.00211348,17.0,3956.05,35.755,0.6087,0.129,72.83,1.892,0.6156,0.239,259.7,13.286
2023-12-29,508.42,1.27,4.35,0.1144,0.165,20.85,8991.48,9.26,0.1337,48.54,350.14,0.0046244,,0.87,0.7222,0.0402,0.1979,19.93,2.63,,1.16,0.00636606,8.97,145.07,3.5,0.6067,0.00205378,16.64,3668.87,36.466,0.6051,0.1152,64.27,1.809,0.5515,0.2263,232.5,11.276
2024-01-05,514.84,1.36,4.2,0.112,0.1698,20.37,8863.19,10.35,0.1336,48.51,342.94,0.00475207,0.6,0.9034,0.7083,0.0387,0.21,19.33,2.74,0.1,1.21,0.00598312,9.76,142.1,3.41,0.5995,0.00208686,16.01,3827.73,36.91,0.4991,0.1181,69.78,1.814,0.5763,0.218,245.7,12.598
2024-01-12,508.09,1.4,4.36,0.109,0.1724,20.33,8568.87,9.02,0.1285,53.55,356.24,0.00514634,0.7484,0.8857,0.6974,0.0388,0.2067,20.68,2.84,0.1198,1.2,0.00574218,10.17,160.23,3.88,0.6353,0.00212281,15.25,3978.07,35.95,0.4656,0.1156,71.75,2.405,0.5464,0.2245,236.9,11.107
2024-01-19,520.3,1.6,5.05,0.1152,0.1957,21.21,9248.68,9.47,0.1199,53.29,358.1,0.00514634,0.8794,1.04,0.671,0.0424,0.2033,20.28,2.93,0.1855,1.23,0.00585431,10.98,170.59,3.86,0.679,0.00218726,15.73,4038.44,36.4,0.4657,0.1137,68.35,2.77,0.5241,0.2113,236.9,12.339
2024-01-26,568.26,1.66,5.9,0.1286,0.1748,23.98,9218.94,10.06,0.118,52.7,378.41,0.00580592,1.04,0.9458,0.7606,0.0464,0.2058,20.54,3.2,0.208,1.22,0.0056239,11.77,184.26,4.48,0.7188,0.00232981,16.47,3727.56,32.35,0.4577,0.1092,66.94,3.215,0.5032,0.2016,235.2,12.739
2024-02-02,540.8,1.72,6.36,0.1432,0.1895,25.41,10423.89,10.76,0.1119,54.26,427.64,0.00652917,1.2,1.0,0.7569,0.052,0.2115,22.9,2.96,0.2103,1.33,0.00556392,12.86,205.5,4.52,0.7937,0.00249003,17.11,4093.51,35.16,0.4942,0.1113,71.55,2.673,0.5261,0.2163,277.6,12.976
2024-02-09,548.94,1.95,6.21,0.1438,0.1892,27.46,10594.01,11.38,0.1008,56.34,388.25,0.00731384,1.28,1.14,0.7903,0.0486,0.2119,26.1,3.1,0.2448,1.42,0.00573383,14.18,221.31,4.14,0.8675,0.00249749,17.88,4567.65,38.88,0.5507,0.1159,70.8,3.387,0.5571,0.2425,270.6,13.656
2024-02-16,537.01,2.17,5.9,0.1457,0.1983,25.28,10318.76,12.49,0.0935,61.89,406.82,0.00845311,1.36,1.22,0.856,0.0536,0.2021,26.15,3.32,0.2514,1.49,0.00547606,15.99,249.99,4.44,0.9614,0.00252176,19.02,4425.1,35.82,0.5636,0.1166,70.16,2.937,0.5425,0.4082,267.9,12.485
2024-02-23,523.64,2.47,6.77,0.1639,0.2066,28.25,10958.9,13.31,0.0906,65.2,458.88,0.00804186,1.41,1.28,0.8702,0.0471,0.1839,28.5,3.31,0.2552,1.59,0.00521836,17.09,323.93,4.26,1.07,0.00281348,19.82,4483.75,40.69,0.5842,0.1357,90.7,3.004,0.6271,0.7131,470.5,13.181
2024-03-01,563.35,2.7,6.66,0.1629,0.2166,30.14,11040.41,15.02,0.0951,62.73,446.19,0.00735111,1.4,1.29,0.9334,0.0542,0.1733,28.91,3.47,0.2557,1.75,0.00459027,17.85,364.53,4.39,1.17,0.00280656,21.55,4548.9,40.11,0.5766,0.1398,87.43,3.798,0.608,0.6446,423.4,14.136
2024-03-08,532.0,2.95,7.63,0.1881,0.2501,35.21,12591.1,14.61,0.1055,76.92,501.55,0.00798577,1.46,1.34,1.01,0.0604,0.1652,30.04,3.5,0.2764,1.91,0.00449554,19.29,288.72,4.57,1.15,0.00298826,22.58,4264.69,42.85,0.926,0.1322,85.93,4.005,0.6191,0.5476,402.6,12.579
2024-03-15,627.93,3.0,7.73,0.1892,0.2785,35.88,12934.51,15.51,0.1081,84.35,548.99,0.00876591,1.48,1.33,1.08,0.0579,0.1723,32.05,3.81,0.2761,1.94,0.004088,20.23,297.83,4.99,1.21,0.00308993,23.0,4436.13,36.52,0.9065,0.135,89.65,4.242,0.6325,0.4996,485.1,15.129
2024-03-22,619.19,2.96,8.06,0.1885,0.2421,33.97,12686.67,17.29,0.1033,70.78,504.76,0.00808461,1.3,1.32,1.09,0.0554,0.182,34.48,3.69,0.2973,1.9,0.00437136,21.05,255.31,4.24,1.24,0.00296268,23.66,4622.16,36.78,0.8799,0.1411,105.01,3.969,0.6292,0.6095,678.7,18.776
2024-03-29,627.0,2.97,7.45,0.18,0.2229,33.89,13235.56,14.87,0.1042,69.83,461.38,0.00820857,1.15,1.23,1.14,0.0565,0.172,33.24,3.79,0.3062,1.78,0.00401359,20.44,257.42,4.11,1.26,0.00278798,23.33,4854.47,35.23,0.8132,0.1293,101.21,3.782,0.5944,0.5696,684.8,17.134
2024-04-05,636.15,3.08,7.17,0.1874,0.2177,32.87,12827.85,14.49,0.1075,72.33,454.55,0.00781929,1.09,1.19,1.15,0.0548,0.1577,30.55,3.78,0.3049,1.85,0.00398987,21.31,242.44,4.06,1.25,0.00278183,24.06,4776.6,26.03,0.5397,0.1106,79.72,3.139,0.5033,0.389,525.7,12.881
2024-04-12,651.33,3.06,6.98,0.1826,0.2149,28.72,11947.51,13.64,0.1018,73.92,468.8,0.00819385,1.07,1.11,1.14,0.0521,0.146,31.46,3.84,0.2828,1.77,0.00389733,20.51,245.36,3.6,1.22,0.00281839,25.0,4669.98,28.27,0.5555,0.1139,84.16,3.397,0.5246,0.4051,502.2,15.093
2024-04-19,644.55,3.15,6.56,0.178,0.2112,23.11,11744.09,13.56,0.0955,68.87,515.84,0.00803093,1.05,1.12,1.09,0.0553,0.1429,29.54,3.66,0.285,1.87,0.00405156,19.75,247.91,3.54,1.15,0.0027407,26.55,4787.0,25.78,0.5215,0.1123,83.99,2.889,0.5103,0.5325,470.5,13.58
2024-04-26,569.92,3.12,6.3,0.1791,0.2068,22.22,11554.16,13.32,0.0963,63.27,487.39,0.00867233,0.9757,1.1,1.07,0.0555,0.1322,29.95,3.73,0.285,1.68,0.00368352,18.65,271.09,3.73,1.22,0.00258168,29.51,4830.31,24.23,0.5217,0.1109,81.32,2.799,0.5296,0.6206,469.0,12.987
2024-05-03,564.3,3.01,6.17,0.1739,0.183,18.53,11157.7,12.66,0.1019,60.32,453.36,0.00809535,0.9562,1.09,1.12,0.0605,0.1469,31.39,3.62,0.2784,1.84,0.0035746,17.91,286.31,3.47,1.08,0.00227911,27.13,4993.09,23.5,0.4613,0.1048,81.41,2.625,0.4993,0.5346,433.0,11.721
2024-05-10,555.39,3.38,6.12,0.1701,0.1765,18.01,10724.3,13.32,0.0972,58.46,420.16,0.00846873,0.8345,0.935,1.17,0.0549,0.1379,27.52,3.44,0.2931,1.35,0.00342038,17.78,266.79,2.67,1.13,0.00243295,25.76,5248.11,24.15,0.4793,0.1055,82.4,2.722,0.5096,0.5077,484.9,12.616
2024-05-17,576.39,3.12,5.67,0.1727,0.1806,19.44,10952.31,12.83,0.0895,58.44,356.75,0.00767171,0.8285,0.9438,1.13,0.0552,0.1315,26.6,2.81,0.3035,1.36,0.00369371,16.79,260.7,2.54,1.15,0.00253511,25.28,4981.54,24.83,0.4579,0.1086,83.9,3.193,0.5283,0.5212,484.0,12.051
2024-05-24,563.3,3.18,5.63,0.1738,0.1669,19.05,10858.26,12.83,0.0938,53.49,346.14,0.00804982,0.7963,0.8515,1.07,0.0562,0.1372,27.82,2.61,0.2978,1.36,0.00349897,15.6,252.35,2.47,1.13,0.00255441,22.35,5125.54,24.23,0.4619,0.1051,83.11,3.138,0.5135,0.4853,458.3,11.86
2024-05-31,592.89,3.24,4.83,0.1723,0.1658,19.48,10362.72,12.84,0.094,55.75,358.01,0.00751538,0.8475,0.8398,1.09,0.0582,0.1394,24.77,2.58,0.2817,1.29,0.003464,14.57,246.36,2.41,1.01,0.00262007,21.66,5028.79,27.81,0.4075,0.0999,80.49,2.934,0.4986,0.4469,474.6,11.029
2024-06-07,572.47,3.15,4.47,0.1588,0.1596,20.3,10179.12,12.95,0.092,55.88,357.37,0.00684155,0.8025,0.8154,1.17,0.0549,0.132,24.6,2.56,0.278,1.18,0.0035532,15.01,224.67,2.28,1.03,0.00262162,21.89,5323.28,25.06,0.3829,0.0992,78.98,2.578,0.4891,0.429,428.4,9.62
2024-06-14,586.16,3.47,4.33,0.1613,0.1614,20.09,10932.64,13.15,0.0944,53.08,358.25,0.00688237,0.8464,0.8291,1.16,0.0526,0.1355,23.84,2.62,0.2894,1.2,0.00339483,14.84,225.8,2.37,0.9842,0.0025889,20.69,5086.46,20.26,0.314,0.0896,73.37,2.277,0.4797,0.3595,381.1,7.887
2024-06-21,567.73,3.39,4.24,0.1595,0.1503,18.74,9677.07,11.79,0.0901,52.09,347.58,0.00749097,0.8441,0.8256,1.16,0.0541,0.1349,21.35,2.75,0.2467,1.15,0.00341999,13.69,209.19,2.35,1.03,0.00266535,21.28,5359.8,23.53,0.3564,0.0913,75.31,2.086,0.4761,0.3539,394.0,8.171
2024-06-28,525.23,3.41,4.41,0.1604,0.1471,16.56,10139.69,11.33,0.0881,52.61,351.44,0.00692829,0.8248,0.7484,1.11,0.0489,0.1304,20.19,2.73,0.2265,1.19,0.00373341,11.9,172.78,2.05,0.8803,0.00277242,22.2,5025.52,18.62,0.2837,0.0839,62.05,1.708,0.4195,0.2974,312.7,6.922
2024-07-05,499.89,3.04,4.23,0.157,0.1341,15.62,9579.19,11.08,0.0882,50.21,389.93,0.00544056,0.766,0.6324,1.04,0.0465,0.1358,18.58,2.75,0.2241,1.11,0.00359927,11.01,164.27,2.19,0.9052,0.00279496,21.77,5055.61,21.64,0.3151,0.1046,69.92,2.104,0.5205,0.3194,376.6,8.623
2024-07-12,451.94,2.93,4.0,0.157,0.1254,15.08,9006.78,10.22,0.0837,48.25,370.66,0.00511326,0.6397,0.5909,1.01,0.0443,0.1242,17.58,2.57,0.2106,1.07,0.00380394,10.14,150.18,2.26,0.9014,0.0027062,21.61,4605.52,27.47,0.4177,0.1054,73.98,2.324,0.5984,0.3601,401.3,10.722
2024-07-19,412.31,2.62,3.59,0.1522,0.1266,14.46,9031.01,10.24,0.0811,48.7,383.15,0.00528127,0.7106,0.5735,0.8949,0.0437,0.1163,17.17,2.42,0.1997,1.07,0.0035612,9.5,151.26,2.12,0.886,0.00276638,22.51,4466.6,24.22,0.373,0.1003,71.07,2.01,0.6012,0.3364,416.8,9.346
2024-07-26,406.27,2.67,3.72,0.1278,0.133,14.6,9186.95,9.8,0.0742,48.99,376.65,0.00533889,0.7334,0.5416,0.8808,0.043,0.1093,16.99,2.42,0.1947,1.05,0.00333921,8.6,153.59,2.03,0.8892,0.00281123,20.41,4611.93,17.65,0.2821,0.0882,62.46,1.613,0.5228,0.2816,332.5,7.328
2024-08-02,414.28,2.73,3.73,0.1368,0.1332,15.57,9029.22,9.47,0.0684,47.51,389.45,0.00573195,0.735,0.5506,0.8355,0.0403,0.1067,17.01,2.57,0.184,1.09,0.00332638,8.32,174.78,2.03,0.9857,0.00286548,18.65,4925.14,17.66,0.2789,0.0978,59.73,1.554,0.5528,0.315,330.2,6.826
2024-08-09,402.26,2.55,3.5,0.1272,0.1327,16.21,9188.48,9.38,0.0662,50.31,349.11,0.00601817,0.766,0.5722,0.8118,0.0406,0.0966,17.87,2.48,0.1973,1.15,0.00324824,9.26,176.13,2.02,0.9808,0.00288491,20.15,4921.39,17.85,0.2866,0.0935,66.33,1.631,0.5631,0.2934,333.1,7.149
2024-08-16,358.3,2.46,3.55,0.1295,0.126,17.1,9438.63,10.44,0.0637,49.3,351.72,0.00587886,0.7915,0.6063,0.7936,0.0402,0.0901,19.12,2.35,0.1831,1.08,0.00348798,6.64,213.89,2.11,0.8898,0.00285546,17.46,4880.99,22.37,0.3737,0.1009,64.82,1.763,0.6,0.3241,356.3,8.513
2024-08-23,329.11,2.36,3.59,0.1232,0.1058,16.97,10056.18,9.89,0.0611,48.01,358.29,0.00594384,0.7244,0.6342,0.8132,0.0393,0.0921,21.56,2.42,0.1788,0.9882,0.00359817,6.84,198.05,2.07,0.9149,0.00267972,17.75,4886.7,16.43,0.298,0.0899,63.59,1.592,0.5472,0.2654,312.7,7.191
2024-08-30,326.89,2.48,3.21,0.1176,0.0993,16.37,9986.29,10.04,0.0607,49.19,329.61,0.00583233,0.7265,0.6058,0.8345,0.0378,0.0911,20.97,2.39,0.1827,0.9524,0.00380379,7.25,178.4,1.86,0.8873,0.00260321,18.35,5196.03,16.25,0.3216,0.0899,60.95,1.429,0.5295,0.2633,305.4,7.413
2024-09-06,341.28,2.6,3.04,0.1176,0.0899,16.83,9830.31,10.46,0.055,50.34,305.57,0.00594206,0.7402,0.6403,0.8452,0.0405,0.0933,20.57,2.37,0.1939,0.9734,0.00365827,6.56,177.22,1.76,0.9148,0.00259754,18.45,5248.09,18.66,0.3287,0.0951,63.24,1.525,0.5706,0.2691,316.4,8.326
2024-09-13,352.88,2.48,3.04,0.1151,0.084,16.96,9599.57,11.18,0.0564,50.9,303.57,0.0066103,0.7547,0.6745,0.8181,0.0394,0.0981,21.28,2.37,0.2019,1.03,0.003582,6.6,155.98,1.72,0.9425,0.00251518,20.19,5328.84,21.69,0.377,0.0961,68.68,1.592,0.5871,0.3176,342.6,8.248
2024-09-20,369.98,2.71,3.35,0.124,0.0866,19.37,9241.6,11.78,0.0569,51.49,288.36,0.00679636,0.8436,0.688,0.7677,0.0372,0.0929,21.09,2.47,0.2269,0.9973,0.00342494,7.41,181.82,1.98,0.9588,0.00248627,20.25,5314.39,23.24,0.3878,0.1017,69.27,1.89,0.6412,0.3562,352.6,9.537
2024-09-27,385.34,2.9,3.19,0.128,0.0931,20.59,9605.49,11.82,0.0582,51.28,273.53,0.00808043,0.8468,0.7378,0.8561,0.0377,0.0916,22.09,2.5,0.253,1.04,0.00316234,7.13,177.41,2.14,1.01,0.00248629,20.82,5712.27,20.76,0.339,0.0923,67.02,1.67,0.5336,0.3436,324.6,8.522
2024-10-04,394.05,2.82,3.36,0.1361,0.0962,23.34,9864.17,12.23,0.0557,57.67,274.4,0.00856832,0.9409,0.8659,0.8734,0.0384,0.0879,23.94,2.56,0.2863,1.09,0.00316755,7.95,197.85,2.28,1.11,0.00257161,22.92,6333.47,20.33,0.3662,0.0905,64.8,1.56,0.5321,0.3308,321.3,7.921
2024-10-11,388.16,2.95,3.66,0.148,0.1023,22.3,10725.74,13.17,0.0497,64.74,296.5,0.00948377,1.03,0.9324,0.9793,0.0411,0.0816,27.63,2.75,0.2758,1.15,0.00325012,8.83,189.46,2.49,1.05,0.00287454,22.79,6879.67,22.17,0.3615,0.0972,74.3,1.701,0.5482,0.3554,369.9,8.348
2024-10-18,417.7,3.14,3.39,0.1427,0.1081,26.1,11434.43,14.81,0.0458,63.63,319.14,0.0112,1.04,1.05,1.07,0.0427,0.0847,31.04,2.79,0.3078,1.21,0.00335736,8.82,210.67,2.8,1.21,0.00295476,23.77,7144.26,18.99,0.3113,0.0943,71.06,1.502,0.5168,0.3105,352.2,7.797
2024-10-25,428.78,3.29,4.0,0.1503,0.1283,29.31,12581.57,14.9,0.0441,64.3,316.88,0.0122,1.14,1.12,1.13,0.0441,0.0789,32.56,2.92,0.3306,1.25,0.00374489,10.07,210.44,3.16,1.15,0.00316224,24.92,7127.36,16.88,0.2906,0.0906,66.86,1.292,0.503,0.2753,340.1,7.184
2024-11-01,432.53,3.7,3.94,0.1513,0.1354,31.2,14033.91,15.93,0.0431,72.65,323.49,0.0131,1.25,1.15,1.21,0.0479,0.0788,34.6,3.12,0.3758,1.16,0.00364031,11.11,235.89,3.8,1.24,0.00318707,27.93,7832.75,25.75,0.3801,0.1084,76.58,1.652,0.5884,0.3355,441.3,9.001
2024-11-08,421.35,4.17,4.51,0.1533,0.1468,36.02,14441.62,16.56,0.0402,64.48,330.51,0.0152,1.21,1.21,1.33,0.0441,0.0792,41.99,3.42,0.3874,1.21,0.00360526,10.65,269.16,3.93,1.29,0.0032326,28.96,7695.4,24.55,0.3809,0.1964,87.2,1.461,1.0543,0.3421,433.1,8.986
2024-11-15,469.1,4.54,4.3,0.1655,0.1391,37.05,15476.32,18.88,0.0418,66.49,362.25,0.0171,1.32,1.24,1.38,0.0439,0.0819,43.11,3.67,0.4278,1.26,0.00322612,11.72,310.83,4.06,1.38,0.00329199,31.89,7254.31,28.43,0.5111,0.5362,96.92,1.588,1.4331,0.4147,515.2,11.642
2024-11-22,462.59,4.39,4.7,0.1432,0.1512,42.11,16143.76,19.23,0.0385,65.7,385.01,0.0183,1.32,1.28,1.46,0.0458,0.0765,49.71,3.98,0.4652,1.29,0.0031734,13.71,284.65,4.12,1.38,0.00374996,32.71,7742.27,29.99,0.55,0.5607,119.55,2.2,2.2937,0.4978,532.0,12.771
2024-11-29,492.12,4.27,4.7,0.1359,0.161,40.56,16424.39,22.09,0.0397,67.57,426.6,0.00366802,1.39,1.32,1.48,0.0471,0.0701,56.59,4.27,0.4327,1.4,0.00323583,13.93,290.47,4.27,1.45,0.0037622,34.22,7903.54,33.27,0.6462,0.4931,134.91,2.305,2.6013,0.5119,622.3,14.573
2024-12-06,478.39,4.51,4.86,0.1406,0.1716,45.16,16657.63,21.74,0.0397,66.17,477.76,0.00346802,1.37,1.22,1.64,0.0514,0.0727,54.09,4.23,0.4375,1.44,0.00339081,14.47,296.68,4.57,1.55,0.00390293,36.47,8007.29,28.59,0.5424,0.4304,121.11,2.155,2.4469,0.4267,546.2,13.194
2024-12-13,486.91,4.56,5.03,0.1457,0.1765,47.51,16119.56,20.97,0.0379,69.33,496.48,0.00344539,1.42,1.22,1.65,0.0506,0.0729,56.63,4.33,0.4171,1.5,0.00339167,17.3,301.12,4.79,1.43,0.00421296,37.97,7760.43,20.42,0.3854,0.3564,99.78,1.839,2.2031,0.3525,445.8,9.928
2024-12-20,479.42,5.01,5.09,0.1298,0.1531,45.13,15489.79,21.41,0.0339,68.36,487.89,0.00329816,1.41,1.38,1.59,0.0448,0.0765,61.38,4.41,0.4562,1.38,0.00322646,18.92,324.24,4.3,1.52,0.00427867,38.3,7740.5,20.31,0.3779,0.3382,98.51,1.916,2.0942,0.3607,439.1,10.154
2024-12-27,490.41,4.88,5.66,0.1263,0.1484,45.38,14198.43,22.77,0.0322,73.03,479.21,0.00323117,1.4,1.38,1.65,0.0442,0.0783,63.73,4.05,0.4525,1.42,0.00288541,17.42,316.71,4.63,1.58,0.00425798,40.4,7815.93,25.41,0.4129,0.4407,115.72,2.0,2.3994,0.4309,470.9,12.121
2025-01-03,494.81,5.01,5.34,0.1333,0.1613,47.4,15395.81,22.75,0.0277,79.23,475.12,0.00348439,1.43,1.27,1.6,0.0473,0.0776,59.76,4.02,0.4418,1.48,0.00264186,15.36,331.05,4.84,1.32,0.00452775,38.63,7714.86,20.84,0.3473,0.4224,102.34,1.88,2.5046,0.4019,447.9,10.229
2025-01-10,475.98,4.84,5.44,0.1404,0.1502,47.38,15050.78,23.29,0.0244,68.78,498.67,0.00333823,1.52,1.28,1.62,0.0507,0.0775,58.25,3.77,0.4488,1.53,0.00245493,15.5,357.6,5.02,1.38,0.004812,38.23,7532.97,20.69,0.3255,0.4332,115.57,1.76,2.9587,0.3427,427.7,9.893
2025-01-17,523.66,4.5,5.08,0.123,0.148,49.29,15411.89,24.54,0.0234,69.09,479.02,0.00328683,1.63,1.27,1.58,0.0506,0.0867,51.97,3.8,0.4053,1.63,0.00252879,15.09,360.81,5.42,1.38,0.00481748,39.66,8152.39,20.14,0.3458,0.4063,117.11,1.61,3.0223,0.331,425.2,8.807
2025-01-24,516.52,4.09,5.01,0.1205,0.1352,52.43,14675.8,25.56,0.0208,66.72,481.34,0.0032157,1.67,1.34,1.62,0.047,0.0832,49.21,3.6,0.398,1.62,0.0025475,14.43,319.79,5.52,1.46,0.00466323,38.8,7409.99,15.52,0.2364,0.354,109.12,1.323,2.58,0.2678,360.4,7.487
2025-01-31,457.97,3.81,4.25,0.1145,0.129,50.27,14612.6,26.17,0.0199,64.22,491.97,0.00344443,1.79,1.14,1.7,0.0466,0.0718,46.81,3.85,0.3781,1.59,0.00243536,14.47,316.6,5.16,1.46,0.00442485,35.19,7563.88,13.72,0.2187,0.314,107.2,1.094,2.3928,0.2505,324.5,6.95
2025-02-07,449.88,4.02,4.06,0.1146,0.1178,45.0,14474.73,23.2,0.0199,62.78,506.97,0.003575,1.78,1.15,1.63,0.0452,0.0661,46.2,3.86,0.3812,1.51,0.00227623,13.45,345.99,5.28,1.35,0.00414564,36.48,7514.23,14.9,0.2389,0.3426,125.71,1.277,2.7283,0.3971,326.3,6.996
2025-02-14,495.71,4.03,3.92,0.1043,0.1202,44.52,15053.87,19.85,0.0183,60.6,483.56,0.00325448,1.7,1.03,1.62,0.0465,0.0681,49.32,3.9,0.3923,1.49,0.00217331,13.36,263.63,4.88,1.35,0.00415144,33.92,7157.64,16.14,0.2444,0.3331,129.85,1.196,2.5763,0.3639,327.8,7.065
2025-02-21,499.08,3.64,3.56,0.0999,0.116,40.46,15013.11,19.48,0.0172,59.52,526.11,0.00339061,1.7,0.9653,1.5,0.0451,0.0624,54.87,3.92,0.4173,1.5,0.00204179,12.29,263.69,5.11,1.27,0.00411112,33.51,6586.03,14.34,0.2424,0.3511,127.89,0.961,2.9396,0.3506,334.2,7.228
2025-02-28,501.29,3.66,3.74,0.0959,0.125,41.0,16020.46,16.96,0.0164,59.99,522.67,0.00350269,1.7,0.927,1.54,0.0442,0.0549,45.97,4.16,0.4175,1.49,0.00201663,11.89,225.33,4.1,1.28,0.00429046,32.46,5383.1,9.47,0.1723,0.263,94.62,0.8288,2.1387,0.2686,357.5,5.427
2025-03-07,466.55,3.74,3.45,0.0982,0.1193,37.53,14796.59,16.3,0.0157,57.8,540.04,0.00351913,1.58,0.8857,1.51,0.0446,0.0539,43.13,4.02,0.4111,1.42,0.00180768,11.51,236.45,4.52,1.22,0.0041977,31.73,5267.57,9.59,0.1831,0.2625,90.22,0.7791,2.2938,0.2808,332.9,5.568
2025-03-14,497.44,4.01,3.45,0.0958,0.1167,39.84,14951.92,14.56,0.0141,58.63,590.32,0.00351652,1.43,0.8902,1.67,0.0434,0.0522,41.96,3.99,0.3999,1.46,0.00188039,10.94,226.46,4.61,1.2,0.00437403,31.46,4691.18,9.95,0.1955,0.2831,91.48,0.7808,2.4393,0.28,325.4,5.834
2025-03-21,549.12,3.93,3.48,0.0892,0.1138,37.67,14818.82,13.99,0.0133,56.54,569.11,0.00333791,1.43,0.8688,1.59,0.0415,0.0534,40.8,3.98,0.3803,1.5,0.00203027,10.63,230.79,5.21,1.16,0.00447151,28.18,4494.93,8.69,0.1711,0.2669,86.1,0.7059,2.1369,0.2578,299.2,5.27
2025-03-28,574.73,4.03,3.25,0.0849,0.0987,36.5,15291.14,14.33,0.014,53.97,550.62,0.00313358,1.13,0.8411,1.67,0.0414,0.0473,39.45,3.72,0.3394,1.4,0.00199147,10.42,222.91,4.47,1.14,0.00460911,29.49,4613.73,7.07,0.1411,0.2263,70.62,0.6213,1.9218,0.2185,272.2,4.587
2025-04-04,538.43,3.9,3.11,0.0815,0.0966,32.3,14880.1,14.4,0.0141,51.08,528.11,0.00300978,1.18,0.8288,1.67,0.0426,0.0457,41.29,3.83,0.3387,1.32,0.00196144,10.51,242.25,3.76,1.13,0.00442398,30.34,4373.69,8.0,0.1609,0.238,77.85,0.5263,2.1196,0.2643,342.8,5.006
2025-04-11,516.14,4.07,3.38,0.0792,0.0882,30.46,14551.48,13.81,0.0141,49.24,547.98,0.00273669,1.13,0.7453,1.6,0.0424,0.0422,39.37,4.14,0.3277,1.28,0.00203339,10.23,229.67,3.92,1.09,0.00417825,28.66,4385.91,8.53,0.17,0.2436,77.79,0.501,2.0787,0.2647,336.1,4.877
2025-04-18,549.46,4.29,3.29,0.0792,0.091,31.2,14903.06,13.73,0.0136,42.09,559.92,0.00289831,1.15,0.7698,1.6,0.0441,0.0412,39.04,4.29,0.3494,1.04,0.00176645,10.88,220.97,4.15,1.11,0.0042873,26.88,4231.13,9.68,0.1884,0.2841,85.39,0.5611,2.252,0.2769,345.5,5.026
2025-04-25,605.66,4.5,3.58,0.0852,0.1003,33.76,15155.26,14.89,0.012,44.08,636.8,0.00279954,1.3,0.7679,1.65,0.047,0.0391,38.29,4.52,0.347,0.9909,0.00178765,11.59,219.25,3.85,1.1,0.00416881,30.16,4458.05,9.28,0.1844,0.2654,85.05,0.5397,2.156,0.2611,356.2,4.605
2025-05-02,582.98,4.41,3.77,0.0808,0.0738,35.16,15176.61,12.55,0.0114,45.55,588.3,0.00278747,1.23,0.762,1.82,0.048,0.0404,35.77,4.21,0.3704,0.9774,0.00171456,10.6,226.44,4.08,1.11,0.0039345,28.42,4412.01,13.16,0.2232,0.3064,100.12,0.6881,2.367,0.2899,408.4,5.763
2025-05-09,576.47,4.74,3.98,0.0844,0.0782,33.62,14800.74,12.65,0.0117,45.69,608.93,0.0028034,1.18,0.7541,1.66,0.0441,0.0357,32.38,4.36,0.4097,1.02,0.00166745,11.67,256.21,4.04,1.14,0.00397959,29.71,4558.34,12.34,0.2003,0.2925,100.94,0.683,2.428,0.2731,406.5,5.333
2025-05-16,595.31,4.9,4.22,0.0841,0.0827,33.72,15031.11,13.12,0.0112,43.68,608.95,0.00265167,1.26,0.7487,1.61,0.0497,0.0356,31.74,4.64,0.4209,1.01,0.00173834,11.33,245.64,4.26,1.15,0.00397701,30.59,4174.66,13.1,0.191,0.2878,95.6,0.6509,2.3417,0.2641,422.7,5.265
2025-05-23,614.15,4.91,4.33,0.0841,0.0894,33.03,14783.23,14.14,0.0108,44.23,648.62,0.00255321,1.24,0.705,1.64,0.0466,0.0366,33.87,4.73,0.4603,0.9818,0.0017416,12.35,239.59,4.53,1.22,0.00397456,33.36,4244.03,12.14,0.1652,0.2674,88.39,0.6015,2.1792,0.2352,403.4,4.937
2025-05-30,675.84,4.76,4.36,0.0795,0.0796,33.1,14452.5,12.87,0.0109,45.32,682.15,0.00226019,1.18,0.7435,1.54,0.0471,0.0346,33.09,4.26,0.4102,1.09,0.00170146,12.21,223.01,4.6,1.23,0.00395954,32.95,4326.75,13.27,0.1588,0.2677,87.18,0.5455,2.267,0.2322,410.8,5.556
2025-06-06,693.45,4.1,4.43,0.0866,0.087,33.25,14519.87,13.64,0.0116,46.89,696.98,0.00221961,1.19,0.702,1.53,0.047,0.0334,33.76,4.32,0.4447,1.07,0.00172119,12.95,228.06,4.59,1.26,0.00445811,34.05,4403.22,11.44,0.1546,0.2587,86.3,0.4886,2.1655,0.2292,460.4,5.516
2025-06-13,689.02,4.29,4.2,0.081,0.0939,36.7,15770.43,14.44,0.0113,49.47,713.13,0.00201554,1.08,0.7446,1.6,0.0485,0.0331,33.7,4.36,0.4437,1.09,0.00168915,12.09,221.53,4.87,1.33,0.00411782,34.66,4729.71,9.71,0.1316,0.2289,80.21,0.4042,2.0172,0.2051,454.9,4.555
2025-06-20,684.12,4.06,4.2,0.0834,0.0925,37.26,16495.42,12.46,0.0108,50.8,768.16,0.00191982,1.11,0.7524,1.68,0.0499,0.0295,29.41,4.33,0.4284,1.24,0.00150727,13.59,223.38,5.46,1.44,0.0041835,34.08,4847.79,11.44,0.1499,0.2403,87.96,0.4368,2.2061,0.2283,504.5,5.081
2025-06-27,621.27,3.98,4.54,0.0793,0.0999,37.1,16618.34,10.91,0.0104,47.09,753.32,0.00189536,1.13,0.7365,1.81,0.0537,0.0272,29.72,4.45,0.4194,1.3,0.00155799,11.06,229.32,5.11,1.33,0.00401688,36.8,4957.41,10.64,0.1448,0.2505,87.35,0.4819,2.2709,0.2269,491.5,4.837
2025-07-04,614.93,4.04,5.02,0.0848,0.1074,38.32,17810.75,11.1,0.0104,50.12,836.61,0.00175472,1.12,0.7866,1.83,0.0566,0.0285,29.11,4.84,0.4204,1.34,0.0014327,11.52,228.61,5.11,1.3,0.00400669,38.1,5258.9,12.41,0.1693,0.4706,94.62,0.525,2.8361,0.2609,508.0,5.456
2025-07-11,646.65,3.96,5.0,0.0815,0.1167,37.22,16351.85,11.01,0.0104,55.96,833.38,0.00173379,1.05,0.8041,1.85,0.0631,0.0271,29.62,4.97,0.43,1.34,0.00127278,12.26,244.39,5.74,1.24,0.00418565,39.54,5285.39,14.99,0.1864,0.4625,116.59,0.5959,3.454,0.2886,548.0,5.977
2025-07-18,701.19,3.92,4.97,0.0835,0.1151,33.44,14841.46,11.69,0.0104,53.46,869.45,0.00177514,1.14,0.7571,2.01,0.057,0.028,30.38,5.18,0.4466,1.33,0.00131588,13.66,238.54,4.63,1.29,0.00436542,39.43,5347.98,15.42,0.1844,0.4442,114.78,0.5689,3.2389,0.311,590.0,5.8
2025-07-25,675.53,3.99,4.98,0.0826,0.1192,36.42,14085.36,11.82,0.00921871,55.52,848.58,0.00164065,1.11,0.7712,1.74,0.0542,0.0262,34.06,5.16,0.4656,1.28,0.00123549,12.61,243.78,4.45,1.32,0.00449766,39.95,5476.79,12.98,0.1485,0.3994,110.39,0.5013,2.948,0.2358,544.2,5.115
2025-08-01,704.43,4.34,4.63,0.0792,0.1368,34.7,14105.97,10.92,0.00861966,56.22,855.96,0.00158355,1.16,0.8213,1.78,0.0591,0.0262,33.91,4.85,0.4681,1.22,0.0012553,13.12,238.49,4.51,1.33,0.00446002,40.22,5480.07,14.39,0.167,0.4446,123.75,0.5649,3.187,0.2681,570.5,5.631
2025-08-08,755.78,4.34,4.95,0.0746,0.1447,33.86,15215.24,10.59,0.00856755,54.41,782.07,0.00151712,1.13,0.8079,1.66,0.045,0.0255,35.26,4.6,0.4505,1.14,0.00121818,13.31,230.29,4.92,1.34,0.00423105,31.23,5710.73,15.47,0.1633,0.4245,120.71,0.5739,3.0877,0.2557,582.0,5.479
2025-08-15,691.05,4.18,4.28,0.0765,0.1437,34.79,15058.0,10.89,0.00876132,55.31,745.0,0.00144879,1.03,0.737,1.65,0.0453,0.0229,40.67,4.52,0.4677,1.17,0.00111185,14.47,232.74,5.3,1.32,0.00417473,32.07,5996.54,14.34,0.16,0.4079,118.19,0.5568,3.0258,0.248,583.2,5.269
2025-08-22,661.69,4.4,4.76,0.0765,0.1372,36.7,15646.98,11.16,0.00862655,51.71,786.25,0.00148728,0.9467,0.7139,1.7,0.0444,0.023,40.54,4.69,0.461,1.21,0.0011441,13.16,239.53,5.63,1.37,0.00450292,33.14,6117.5,12.71,0.186,0.3528,108.89,0.5134,2.7757,0.2345,544.2,4.75
2025-08-29,681.01,4.48,4.59,0.0804,0.1342,34.26,15335.25,11.95,0.00785525,49.46,818.17,0.00150126,0.9116,0.6914,1.67,0.0413,0.0212,41.11,4.75,0.4757,1.2,0.00115075,13.22,228.32,5.58,1.4,0.00468176,33.35,6582.82,13.03,0.1572,0.3616,114.9,0.4719,2.877,0.2344,603.2,4.827
2025-09-05,675.55,4.66,4.41,0.0817,0.1311,36.25,15314.23,12.14,0.00787391,48.29,828.05,0.00144024,0.8552,0.7202,1.45,0.0419,0.0203,43.31,4.39,0.4605,1.22,0.00114357,13.43,252.94,5.46,1.47,0.00468285,32.23,5969.24,14.08,0.1705,0.3896,115.1,0.51,3.0279,0.2438,601.6,4.852
2025-09-12,640.56,5.07,4.06,0.0889,0.1456,32.38,15573.71,12.8,0.00822662,48.15,812.78,0.00139532,0.7813,0.7493,1.37,0.0356,0.0198,41.73,4.63,0.4226,1.27,0.00111659,14.28,252.94,6.15,1.48,0.00460053,35.43,6342.44,13.57,0.1856,0.3797,114.0,0.5336,2.9701,0.2371,593.6,4.702
2025-09-19,594.32,4.64,3.76,0.0829,0.1545,32.63,15633.97,13.23,0.00833748,41.77,789.34,0.00138381,0.855,0.7497,1.35,0.0369,0.019,36.84,4.66,0.4492,1.33,0.00094144,13.35,284.65,6.74,1.44,0.0046974,34.71,6211.43,12.11,0.1651,0.3676,106.88,0.4581,2.8674,0.2217,556.4,4.292
2025-09-26,602.81,4.81,3.56,0.0923,0.1522,31.66,15757.62,12.31,0.00811883,44.13,792.54,0.00141433,0.7858,0.8028,1.32,0.0357,0.0182,36.43,4.28,0.447,1.36,0.00088051,12.09,253.32,6.12,1.53,0.00461725,33.66,6242.31,12.69,0.1601,0.3962,118.85,0.483,2.9697,0.2223,594.2,4.525
2025-10-03,572.21,5.14,3.76,0.0891,0.1583,30.86,16081.39,11.97,0.00726082,38.16,747.46,0.00127742,0.8198,0.8234,1.29,0.037,0.0181,36.8,4.36,0.456,1.35,0.00088378,10.4,260.27,6.07,1.52,0.00443259,30.65,6091.69,9.55,0.1229,0.3415,98.98,0.3919,2.5282,0.1872,540.7,3.5
2025-10-10,563.27,5.24,3.97,0.0879,0.162,29.37,15165.96,11.66,0.00730168,36.64,827.34,0.00130402,0.9001,0.7934,1.31,0.0372,0.0187,35.25,4.11,0.4328,1.44,0.00089911,10.59,249.26,6.97,1.56,0.00452085,31.8,6163.12,8.55,0.1174,0.3179,93.33,0.3847,2.3908,0.179,472.7,3.069
2025-10-17,576.11,5.15,4.01,0.0774,0.1495,29.15,13955.97,10.91,0.00751608,34.62,868.25,0.00125228,0.7954,0.8197,1.31,0.0385,0.0187,34.42,4.4,0.4377,1.32,0.00083047,10.36,252.27,6.18,1.5,0.00459046,30.81,6022.27,9.02,0.1207,0.3304,100.02,0.3759,2.6461,0.1866,559.4,3.293
2025-10-24,616.4,5.0,3.78,0.0795,0.1567,29.53,13620.39,10.89,0.00811011,35.83,888.76,0.00129543,0.8315,0.8169,1.35,0.0387,0.0198,35.34,4.55,0.4281,1.25,0.00089257,11.9,281.1,6.38,1.46,0.00497983,30.35,6308.49,7.83,0.1136,0.3047,99.42,0.3305,2.5267,0.1854,536.9,4.282
2025-10-31,658.25,4.98,3.58,0.0846,0.1729,28.88,13868.54,11.0,0.00842067,35.78,894.59,0.00122712,0.8452,0.815,1.31,0.041,0.0201,32.91,4.55,0.4091,1.37,0.00091823,11.33,263.33,6.08,1.55,0.00421439,29.66,6041.73,7.6,0.1089,0.2858,110.31,0.3046,2.3662,0.2112,503.5,7.558
2025-11-07,656.71,5.32,3.96,0.0851,0.1702,29.78,13685.52,10.83,0.00807185,39.39,871.07,0.00121458,0.8584,0.8834,1.29,0.0425,0.0194,34.4,4.69,0.4056,1.34,0.00087075,11.73,245.8,5.34,1.49,0.00414381,29.95,5978.24,6.48,0.0828,0.254,95.79,0.2483,2.2149,0.2187,483.4,4.788
2025-11-14,621.56,5.47,3.75,0.0936,0.1909,30.8,13824.27,10.26,0.00813499,35.86,857.46,0.00107557,0.8312,0.9385,1.4,0.0438,0.0188,34.79,5.02,0.4034,1.2,0.00080855,12.12,234.4,5.29,1.46,0.00418874,31.15,6226.48,5.36,0.074,0.2473,83.09,0.1929,2.0491,0.1958,539.3,4.05
2025-11-21,621.99,5.94,3.75,0.0959,0.2139,32.43,13386.84,11.54,0.007933,34.99,831.84,0.00103417,0.8091,0.9154,1.41,0.0454,0.0176,33.1,4.82,0.3921,1.17,0.00080058,11.48,247.32,4.55,1.52,0.00454467,30.91,6010.01,5.73,0.0759,0.248,82.38,0.1682,2.155,0.2497,540.8,3.828
2025-11-28,621.96,5.6,3.75,0.0958,0.2162,33.41,13193.27,11.17,0.00750037,34.41,879.6,0.00095697,0.8272,0.9295,1.42,0.0455,0.0176,33.25,4.83,0.4256,1.23,0.00072848,12.46,237.81,4.61,1.57,0.00450942,32.48,6112.72,5.43,0.0702,0.2373,81.43,0.1707,2.0442,0.228,598.5,3.427
2025-12-05,563.24,4.92,3.64,0.0962,0.1988,34.12,14557.45,12.03,0.00687709,36.02,832.61,0.0009215,0.7854,0.9088,1.42,0.0461,0.0171,32.69,4.94,0.4344,1.18,0.00072671,11.31,220.21,4.94,1.51,0.00461811,32.71,5913.15,5.16,0.0655,0.2291,78.96,0.1709,1.9784,0.2081,558.3,3.066
2025-12-12,563.32,5.1,3.9,0.0967,0.2034,36.12,15299.77,11.48,0.00682981,36.45,905.54,0.0009295,0.8272,0.9311,1.44,0.0512,0.0186,33.91,4.66,0.4343,1.11,0.00075202,10.67,207.93,5.18,1.5,0.00468538,32.37,6049.9,4.557,0.0578,0.2165,76.79,0.1439,1.9223,0.2027,591.1,3.057
2025-12-19,536.55,5.11,3.87,0.0984,0.2162,39.12,14078.08,12.24,0.00628648,38.29,852.69,0.00092082,0.8116,0.9159,1.39,0.0569,0.0178,33.39,4.51,0.4519,1.17,0.0007462,10.26,205.39,5.15,1.48,0.00478338,31.45,6119.4,4.759,0.0635,0.2203,78.73,0.1324,1.8654,0.2032,622.4,3.04
2025-12-26,549.66,4.87,3.85,0.0984,0.2139,42.33,13464.86,12.09,0.00627955,40.45,815.74,0.0009345,0.814,0.8561,1.42,0.0559,0.0175,32.33,4.71,0.4268,1.2,0.0006865,9.3,206.05,5.23,1.42,0.00474335,30.98,6199.6,5.184,0.0724,0.233,82.26,0.1444,2.0909,0.2373,639.1,3.27
