date,ZEC_kraken,XMR_kraken,ZEC_okx,XMR_okx
2016-12-29,55.01,18.48,55.01,18.48
2017-01-05,40.03,11.9,40.03,11.9
2017-01-12,43.24,12.25,43.24,12.25
2017-01-19,39.13,11.92,39.13,11.92
2017-01-26,40.39,13.0,40.39,13.0
2017-02-02,34.58,12.63,34.58,12.63
2017-02-09,33.67,13.8,33.67,13.8
2017-02-16,27.0,12.94,27.0,12.94
2017-02-23,41.65,12.3,41.65,12.3
2017-03-02,36.0,12.4,36.0,12.4
2017-03-09,46.3,19.32,46.3,19.32
2017-03-16,66.42,20.39,66.42,20.39
2017-03-23,62.54,21.18,62.54,21.18
2017-03-30,59.99,19.71,59.99,19.71
2017-04-06,62.32,21.89,62.32,21.89
2017-04-13,70.0,20.21,70.0,20.21
2017-04-20,72.49,19.5,72.49,19.5
2017-04-27,92.92,25.55,92.92,25.55
2017-05-04,96.88,30.49,96.88,30.49
2017-05-11,92.96,27.31,92.96,27.31
2017-05-18,232.19,45.0,232.19,45.0
2017-05-25,231.36,41.77,231.36,41.77
2017-06-01,264.65,53.0,264.65,53.0
2017-06-08,384.5,46.21,384.5,46.21
2017-06-15,381.13,48.57,381.13,48.57
2017-06-22,339.0,47.38,339.0,47.38
2017-06-29,281.83,46.06,281.83,46.06
2017-07-06,210.46,40.23,210.46,40.23
2017-07-13,182.0,34.86,182.0,34.86
2017-07-20,187.79,45.7,187.79,45.7
2017-07-27,190.0,43.27,190.0,43.27
2017-08-03,245.05,51.89,245.05,51.89
2017-08-10,216.71,48.53,216.71,48.53
2017-08-17,231.49,92.0,231.49,92.0
2017-08-24,276.98,133.5,276.98,133.5
2017-08-31,252.0,125.0,252.0,125.0
2017-09-07,200.12,111.23,200.12,111.23
2017-09-14,188.8,95.64,188.8,95.64
2017-09-21,285.22,102.57,285.22,102.57
2017-09-28,237.56,89.85,237.56,89.85
2017-10-05,236.24,87.54,236.24,87.54
2017-10-12,229.97,90.0,229.97,90.0
2017-10-19,219.95,88.32,219.95,88.32
2017-10-26,222.82,85.33,222.82,85.33
2017-11-02,251.99,113.11,251.99,113.11
2017-11-09,289.0,120.72,289.0,120.72
2017-11-16,316.8,166.5,316.8,166.5
2017-11-23,299.56,166.57,299.56,166.57
2017-11-30,314.43,257.11,314.43,257.11
2017-12-07,415.2,291.2,415.2,291.2
2017-12-14,663.0,467.77,663.0,467.77
2017-12-21,517.67,377.97,517.67,377.97
2017-12-28,558.26,384.55,558.26,384.55
2018-01-04,717.49,408.71,717.49,408.71
2018-01-11,500.9,321.16,500.9,321.16
2018-01-18,457.34,318.5,457.34,318.5
2018-01-25,393.93,269.6,393.93,269.6
2018-02-01,349.91,205.36,349.91,205.36
2018-02-08,487.04,275.0,487.04,275.0
2018-02-15,422.66,305.39,422.66,305.39
2018-02-22,380.3,284.39,380.3,284.39
2018-03-01,344.71,335.18,344.71,335.18
2018-03-08,248.29,213.13,248.29,213.13
2018-03-15,258.08,216.67,258.08,216.67
2018-03-22,210.22,198.5,210.22,198.5
2018-03-29,181.81,168.38,181.81,168.38
2018-04-05,184.86,168.73,184.86,168.73
2018-04-12,248.4,229.26,248.4,229.26
2018-04-19,284.21,256.07,284.21,256.07
2018-04-26,294.55,248.94,294.55,248.94
2018-05-03,275.76,226.79,275.76,226.79
2018-05-10,367.6,198.91,367.6,198.91
2018-05-17,285.63,170.02,285.63,170.02
2018-05-24,241.19,154.52,241.19,154.52
2018-05-31,234.86,163.97,234.86,163.97
2018-06-07,183.53,121.42,183.53,121.42
2018-06-14,193.33,122.5,193.33,122.5
2018-06-21,167.9,127.82,167.9,127.82
2018-06-28,181.26,137.77,181.26,137.77
2018-07-05,157.68,125.04,157.68,125.04
2018-07-12,208.48,139.48,208.48,139.48
2018-07-19,222.49,142.69,222.49,142.69
2018-07-26,196.52,128.45,196.52,128.45
2018-08-02,160.15,93.86,160.15,93.86
2018-08-09,135.4,89.47,135.4,89.47
2018-08-16,127.65,89.67,127.65,89.67
2018-08-23,152.77,103.65,152.77,103.65
2018-08-30,130.58,114.25,130.58,114.25
2018-09-06,111.13,104.21,111.13,104.21
2018-09-13,112.22,109.5,112.22,109.5
2018-09-20,132.38,114.84,132.38,114.84
2018-09-27,121.23,114.07,121.23,114.07
2018-10-04,122.49,113.09,122.49,113.09
2018-10-11,116.57,105.24,116.57,105.24
2018-10-18,123.93,105.56,123.93,105.56
2018-10-25,115.16,103.83,115.16,103.83
2018-11-01,128.91,110.99,128.91,110.99
2018-11-08,107.05,88.84,107.05,88.84
2018-11-15,84.03,68.0,84.03,68.0
2018-11-22,79.27,63.04,79.27,63.04
2018-11-29,65.15,50.93,65.15,50.93
2018-12-06,54.26,43.15,54.26,43.15
2018-12-13,56.43,45.45,56.43,45.45
2018-12-20,60.03,48.78,60.03,48.78
2018-12-27,60.11,51.91,60.11,51.91
2019-01-03,60.06,52.14,60.06,52.14
2019-01-10,52.62,45.65,52.62,45.65
2019-01-17,51.88,44.65,51.88,44.65
2019-01-24,49.2,43.58,49.2,43.58
2019-01-31,45.78,42.59,45.78,42.59
2019-02-07,52.23,48.5,52.23,48.5
2019-02-14,54.05,51.08,54.05,51.08
2019-02-21,51.64,48.66,51.64,48.66
2019-02-28,49.87,49.29,49.87,49.29
2019-03-07,50.73,50.24,50.73,50.24
2019-03-14,58.4,53.96,58.4,53.96
2019-03-21,56.88,53.13,56.88,53.13
2019-03-28,69.3,65.78,69.3,65.78
2019-04-04,72.18,70.81,72.18,70.81
2019-04-11,71.0,67.26,71.0,67.26
2019-04-18,65.46,67.91,65.46,67.91
2019-04-25,60.46,64.76,60.46,64.76
2019-05-02,57.64,67.53,57.64,67.53
2019-05-09,77.4,94.66,77.4,94.66
2019-05-16,70.16,83.16,70.16,83.16
2019-05-23,85.36,94.1,85.36,94.1
2019-05-30,80.56,85.05,80.56,85.05
2019-06-06,91.82,90.28,91.82,90.28
2019-06-13,111.18,100.35,111.18,100.35
2019-06-20,112.68,103.62,112.68,103.62
2019-06-27,106.32,90.33,106.32,90.33
2019-07-04,97.16,94.95,97.16,94.95
2019-07-11,73.66,76.7,73.66,76.7
2019-07-18,71.02,80.19,71.02,80.19
2019-07-25,67.82,80.74,67.82,80.74
2019-08-01,62.04,97.44,62.04,97.44
2019-08-08,50.24,78.3,50.24,78.3
2019-08-15,49.9,80.65,49.9,80.65
2019-08-22,46.74,71.97,46.74,71.97
2019-08-29,44.85,74.0,44.85,74.0
2019-09-05,44.44,74.16,44.44,74.16
2019-09-12,52.78,81.0,52.78,81.0
2019-09-19,37.15,59.64,37.15,59.64
2019-09-26,37.56,56.0,37.56,56.0
2019-10-03,38.03,57.41,38.03,57.41
2019-10-10,35.77,54.85,35.77,54.85
2019-10-17,32.74,53.16,32.74,53.16
2019-10-24,38.74,58.38,38.74,58.38
2019-10-31,38.85,64.09,38.85,64.09
2019-11-07,36.68,64.84,36.68,64.84
2019-11-14,33.57,57.89,33.57,57.89
2019-11-21,28.45,55.91,28.45,55.91
2019-11-28,26.76,52.73,26.76,52.73
2019-12-05,31.37,52.79,31.37,52.79
2019-12-12,29.15,47.64,29.15,47.64
2019-12-19,27.43,45.91,27.43,45.91
2019-12-26,27.96,45.62,27.96,45.62
2020-01-02,30.9,59.47,30.9,59.47
2020-01-09,54.48,68.21,54.48,68.21
2020-01-16,51.65,64.95,51.65,64.95
2020-01-23,62.54,69.78,62.54,69.78
2020-01-30,70.98,77.92,70.98,77.92
2020-02-06,73.62,95.13,73.62,95.13
2020-02-13,62.18,77.72,62.18,77.72
2020-02-20,51.58,70.55,51.58,70.55
2020-02-27,50.02,65.73,50.02,65.73
2020-03-05,40.09,54.17,40.09,54.17
2020-03-12,30.0,37.19,30.0,37.19
2020-03-19,31.71,47.07,31.71,47.07
2020-03-26,31.36,48.5,31.36,48.5
2020-04-02,37.99,57.92,37.99,57.92
2020-04-09,34.99,53.23,34.99,53.23
2020-04-16,45.42,57.0,45.42,57.0
2020-04-23,47.1,66.25,47.1,66.25
2020-04-30,42.27,57.91,42.27,57.91
2020-05-07,43.08,65.17,43.08,65.17
2020-05-14,48.34,64.32,48.34,64.32
2020-05-21,45.98,64.35,45.98,64.35
2020-05-28,52.74,67.05,52.74,67.05
2020-06-04,55.29,69.81,55.29,69.81
2020-06-11,52.66,65.26,52.66,65.26
2020-06-18,55.44,64.54,55.44,64.54
2020-06-25,51.7,64.65,51.7,64.65
2020-07-02,57.76,66.23,57.76,66.23
2020-07-09,61.14,70.63,61.14,70.63
2020-07-16,64.2,71.63,64.2,71.63
2020-07-23,72.26,79.17,72.26,79.17
2020-07-30,97.72,90.42,97.72,90.42
2020-08-06,83.57,89.57,83.57,89.57
2020-08-13,76.2,91.22,76.2,91.22
2020-08-20,74.92,88.93,74.92,88.93
2020-08-27,75.94,91.27,75.94,91.27
2020-09-03,60.05,84.16,60.05,84.16
2020-09-10,58.33,88.19,58.33,88.19
2020-09-17,51.81,87.1,51.81,87.1
2020-09-24,63.94,108.49,63.94,108.49
2020-10-01,61.23,110.13,61.23,110.13
2020-10-08,68.42,128.54,68.42,128.54
2020-10-15,62.84,121.51,62.84,121.51
2020-10-22,56.93,126.59,56.93,126.59
2020-10-29,54.06,115.89,54.06,115.89
2020-11-05,58.99,113.45,58.99,113.45
2020-11-12,63.73,123.75,63.73,123.75
2020-11-19,78.02,129.41,78.02,129.41
2020-11-26,76.95,127.93,76.95,127.93
2020-12-03,69.5,132.45,69.5,132.45
2020-12-10,73.29,158.67,73.29,158.67
2020-12-17,55.51,150.92,55.51,150.92
2020-12-24,64.35,160.79,64.35,160.79
2020-12-31,64.12,142.51,64.12,142.51
2021-01-07,117.8,171.71,117.8,171.71
2021-01-14,99.14,153.0,99.14,153.0
2021-01-21,78.73,125.53,78.73,125.53
2021-01-28,95.5,155.11,95.5,155.11
2021-02-04,116.5,175.78,116.5,175.78
2021-02-11,168.44,272.1,168.44,272.1
2021-02-18,130.87,204.65,130.87,204.65
2021-02-25,126.55,219.32,126.55,219.32
2021-03-04,140.5,220.6,140.5,220.6
2021-03-11,145.86,235.91,145.86,235.91
2021-03-18,128.34,210.99,128.34,210.99
2021-03-25,158.36,246.3,158.36,246.3
2021-04-01,171.05,257.94,171.05,257.94
2021-04-08,237.48,320.75,237.48,320.75
2021-04-15,237.25,375.06,237.25,375.06
2021-04-22,241.15,413.75,241.15,413.75
2021-04-29,292.15,417.72,292.15,417.72
2021-05-06,279.12,401.0,279.12,401.0
2021-05-13,147.27,205.25,147.27,205.25
2021-05-20,158.71,268.87,158.71,268.87
2021-05-27,164.65,294.26,164.65,294.26
2021-06-03,144.85,274.28,144.85,274.28
2021-06-10,137.32,262.6,137.32,262.6
2021-06-17,111.68,218.5,111.68,218.5
2021-06-24,131.01,223.0,131.01,223.0
2021-07-01,118.42,215.03,118.42,215.03
2021-07-08,104.12,203.12,104.12,203.12
2021-07-15,95.13,196.33,95.13,196.33
2021-07-22,105.9,235.11,105.9,235.11
2021-07-29,118.24,244.65,118.24,244.65
2021-08-05,137.81,268.52,137.81,268.52
2021-08-12,142.51,252.66,142.51,252.66
2021-08-19,163.67,313.9,163.67,313.9
2021-08-26,151.53,303.2,151.53,303.2
2021-09-02,135.43,257.01,135.43,257.01
2021-09-09,140.08,269.12,140.08,269.12
2021-09-16,120.78,245.51,120.78,245.51
2021-09-23,103.29,233.54,103.29,233.54
2021-09-30,125.66,286.52,125.66,286.52
2021-10-07,119.0,274.68,119.0,274.68
2021-10-14,149.79,259.74,149.79,259.74
2021-10-21,148.19,256.01,148.19,256.01
2021-10-28,168.41,265.92,168.41,265.92
2021-11-04,180.2,268.01,180.2,268.01
2021-11-11,159.37,241.49,159.37,241.49
2021-11-18,261.36,243.63,261.36,243.63
2021-11-25,229.64,230.97,229.64,230.97
2021-12-02,178.85,209.85,178.85,209.85
2021-12-09,159.89,188.14,159.89,188.14
2021-12-16,165.17,190.53,165.17,190.53
2021-12-23,146.43,214.5,146.43,214.5
2021-12-30,137.88,206.96,137.88,206.96
2022-01-06,144.42,199.2,144.42,199.2
2022-01-13,126.0,201.62,126.0,201.62
2022-01-20,89.75,148.42,89.75,148.42
2022-01-27,98.32,145.08,98.32,145.08
2022-02-03,125.7,185.83,125.7,185.83
2022-02-10,125.48,179.36,125.48,179.36
2022-02-17,97.54,149.01,97.54,149.01
2022-02-24,125.84,177.46,125.84,177.46
2022-03-03,141.44,188.71,141.44,188.71
2022-03-10,154.1,189.66,154.1,189.66
2022-03-17,182.63,197.42,182.63,197.42
2022-03-24,191.55,221.39,191.55,221.39
2022-03-31,161.16,213.2,161.16,213.2
2022-04-07,153.03,237.09,153.03,237.09
2022-04-14,156.7,266.68,156.7,266.68
2022-04-21,149.26,229.66,149.26,229.66
2022-04-28,134.64,225.24,134.64,225.24
2022-05-05,83.1,140.01,83.1,140.01
2022-05-12,99.67,155.14,99.67,155.14
2022-05-19,95.42,204.07,95.42,204.07
2022-05-26,89.72,198.6,89.72,198.6
2022-06-02,92.34,186.67,92.34,186.67
2022-06-09,67.97,118.21,67.97,118.21
2022-06-16,63.57,110.94,63.57,110.94
2022-06-23,57.25,118.93,57.25,118.93
2022-06-30,58.17,125.33,58.17,125.33
2022-07-07,54.69,124.11,54.69,124.11
2022-07-14,62.52,151.47,62.52,151.47
2022-07-21,61.71,161.72,61.71,161.72
2022-07-28,61.76,157.11,61.76,157.11
2022-08-04,78.74,167.53,78.74,167.53
2022-08-11,74.18,168.3,74.18,168.3
2022-08-18,67.9,150.55,67.9,150.55
2022-08-25,59.67,149.22,59.67,149.22
2022-09-01,59.46,149.27,59.46,149.27
2022-09-08,61.97,149.8,61.97,149.8
2022-09-15,53.61,135.48,53.61,135.48
2022-09-22,55.49,147.27,55.49,147.27
2022-09-29,56.7,146.46,56.7,146.46
2022-10-06,51.83,144.74,51.83,144.74
2022-10-13,50.55,144.88,50.55,144.88
2022-10-20,55.19,146.93,55.19,146.93
2022-10-27,50.31,147.01,50.31,147.01
2022-11-03,34.67,119.72,34.67,119.72
2022-11-10,38.97,132.15,38.97,132.15
2022-11-17,42.97,135.05,42.97,135.05
2022-11-24,43.29,142.31,43.29,142.31
2022-12-01,43.64,143.75,43.64,143.75
2022-12-08,46.56,148.86,46.56,148.86
2022-12-15,41.22,147.31,41.22,147.31
2022-12-22,37.36,146.56,37.36,146.56
2022-12-29,40.7,150.87,40.7,150.87
2023-01-05,44.35,168.8,44.35,168.8
2023-01-12,42.84,162.69,42.84,162.69
2023-01-19,45.48,173.45,45.48,173.45
2023-01-26,47.09,177.85,47.09,177.85
2023-02-02,45.27,165.4,45.27,165.4
2023-02-09,46.21,165.61,46.21,165.61
2023-02-16,47.87,158.08,47.87,158.08
2023-02-23,44.18,152.5,44.18,152.5
2023-03-02,35.72,143.45,35.72,143.45
2023-03-09,33.34,147.0,33.34,147.0
2023-03-16,34.64,148.88,34.64,148.88
2023-03-23,37.18,158.76,37.18,158.76
2023-03-30,37.97,158.06,37.97,158.06
2023-04-06,39.86,162.23,39.86,162.23
2023-04-13,38.21,153.13,38.21,153.13
2023-04-20,36.5,156.81,36.5,156.81
2023-04-27,36.95,154.99,36.95,154.99
2023-05-04,33.2,153.96,33.2,153.96
2023-05-11,33.89,151.52,33.89,151.52
2023-05-18,31.08,150.23,31.08,150.23
2023-05-25,32.1,145.99,32.1,145.99
2023-06-01,28.75,145.09,28.75,145.09
2023-06-08,24.45,133.98,24.45,133.98
2023-06-15,27.31,145.12,27.31,145.12
2023-06-22,28.88,164.64,28.88,164.64
2023-06-29,31.83,166.78,31.83,166.78
2023-07-06,29.18,163.31,29.18,163.31
2023-07-13,31.34,165.85,31.34,165.85
2023-07-20,29.92,162.82,29.92,162.82
2023-07-27,29.65,159.98,29.65,159.98
2023-08-03,29.46,157.3,29.46,157.3
2023-08-10,26.7,154.01,26.7,154.01
2023-08-17,25.57,142.94,25.57,142.94
2023-08-24,26.09,142.08,26.09,142.08
2023-08-31,25.16,141.99,25.16,141.99
2023-09-07,25.38,143.17,25.38,143.17
2023-09-14,26.14,147.96,26.14,147.96
2023-09-21,26.02,146.53,26.02,146.53
2023-09-28,27.17,150.5,27.17,150.5
2023-10-05,25.15,153.93,25.15,153.93
2023-10-12,24.78,149.64,24.78,149.64
2023-10-19,27.32,160.09,27.32,160.09
2023-10-26,28.6,171.4,28.6,171.4
2023-11-02,30.12,167.2,30.12,167.2
2023-11-09,30.38,161.06,30.38,161.06
2023-11-16,28.45,163.12,28.45,163.12
2023-11-23,29.07,166.03,29.07,166.03
2023-11-30,31.18,170.35,31.18,170.35
2023-12-07,30.7,169.06,30.7,169.06
2023-12-14,29.0,174.41,29.0,174.41
2023-12-21,31.82,175.67,31.82,175.67
2023-12-28,25.14,153.94,25.14,153.94
2024-01-04,22.3,148.93,22.3,148.93
2024-01-11,22.9,157.8,22.9,157.8
2024-01-18,21.91,152.71,21.91,152.71
2024-01-25,21.73,163.39,21.73,163.39
2024-02-01,20.88,131.25,20.88,131.25
2024-02-08,21.29,128.24,21.29,128.24
2024-02-15,24.5,123.0,24.5,123.0
2024-02-22,28.39,134.47,28.39,134.47
2024-02-29,32.91,144.24,32.91,144.24
2024-03-07,34.92,149.88,34.92,149.88
2024-03-14,28.38,139.66,28.38,139.66
2024-03-21,30.91,137.68,30.91,137.68
2024-03-28,27.26,128.68,27.26,128.68
2024-04-04,27.03,133.32,27.03,133.32
2024-04-11,21.02,117.16,21.02,117.16
2024-04-18,22.87,118.82,22.87,118.82
2024-04-25,22.24,123.51,22.24,123.51
2024-05-02,23.47,131.75,23.47,131.75
2024-05-09,23.25,134.73,23.25,134.73
2024-05-16,24.72,138.36,24.72,138.36
2024-05-23,26.8,139.63,26.8,139.63
2024-05-30,26.52,163.41,26.52,163.41
2024-06-06,23.51,180.49,23.51,180.49
2024-06-13,19.96,168.26,19.96,168.26
2024-06-20,19.93,164.71,19.93,164.71
2024-06-27,20.57,165.7,20.57,165.7
2024-07-04,23.43,155.8,23.43,155.8
2024-07-11,31.23,160.36,31.23,160.36
2024-07-18,30.25,160.19,30.25,160.19
2024-07-25,33.66,157.56,33.66,157.56
2024-08-01,32.41,145.83,32.41,145.83
2024-08-08,42.36,151.22,42.36,151.22
2024-08-15,41.46,161.47,41.46,161.47
2024-08-22,33.78,158.02,33.78,158.02
2024-08-29,29.64,170.75,29.64,170.75
2024-09-05,29.69,173.37,29.69,173.37
2024-09-12,30.56,171.37,30.56,171.37
2024-09-19,28.2,165.49,28.2,165.49
2024-09-26,25.92,136.68,25.92,136.68
2024-10-03,29.1,147.48,29.1,147.48
2024-10-10,36.98,155.84,36.98,155.84
2024-10-17,37.71,156.62,37.71,156.62
2024-10-24,38.49,161.83,38.49,161.83
2024-10-31,43.19,160.93,43.19,160.93
2024-11-07,38.67,150.78,38.67,150.78
2024-11-14,41.53,160.35,41.53,160.35
2024-11-21,56.51,156.09,56.51,156.09
2024-11-28,69.89,196.22,69.89,196.22
2024-12-05,63.56,200.51,63.56,200.51
2024-12-12,50.55,212.03,50.55,212.03
2024-12-19,73.52,190.71,73.52,190.71
2024-12-26,58.07,195.58,58.07,195.58
2025-01-02,50.21,200.85,50.21,200.85
2025-01-09,55.39,208.14,55.39,208.14
2025-01-16,48.53,222.25,48.53,222.25
2025-01-23,42.3,221.81,42.3,221.81
2025-01-30,32.07,226.95,32.07,226.95
2025-02-06,32.54,227.02,32.54,227.02
2025-02-13,36.37,239.56,36.37,239.56
2025-02-20,36.13,214.01,36.13,214.01
2025-02-27,36.31,227.64,36.31,227.64
2025-03-06,30.25,208.81,30.25,208.81
2025-03-13,34.24,207.71,34.24,207.71
2025-03-20,39.08,223.17,39.08,223.17
2025-03-27,39.2,214.84,39.2,214.84
2025-04-03,38.36,202.61,38.36,202.61
2025-04-10,31.17,218.83,31.17,218.83
2025-04-17,34.18,230.32,34.18,230.32
2025-04-24,36.09,278.95,36.09,278.95
2025-05-01,40.41,283.19,40.41,283.19
2025-05-08,41.97,340.54,41.97,340.54
2025-05-15,42.92,396.35,42.92,396.35
2025-05-22,53.25,346.82,53.25,346.82
2025-05-29,50.18,312.92,50.18,312.92
2025-06-05,50.06,330.49,50.06,330.49
2025-06-12,42.06,315.95,42.06,315.95
2025-06-19,41.32,311.95,41.32,311.95
2025-06-26,38.88,321.26,38.88,321.26
2025-07-03,41.56,325.66,41.56,325.66
2025-07-10,44.14,331.25,44.14,331.25
2025-07-17,41.41,314.14,41.41,314.14
2025-07-24,38.38,308.71,38.38,308.71
2025-07-31,36.07,285.42,36.07,285.42
2025-08-07,39.17,251.29,39.17,251.29
2025-08-14,39.08,256.59,39.08,256.59
2025-08-21,42.27,274.26,42.27,274.26
2025-08-28,41.59,270.02,41.59,270.02
2025-09-04,47.91,268.32,47.91,268.32
2025-09-11,51.21,301.4,51.21,301.4
2025-09-18,58.88,292.76,58.88,292.76
2025-09-25,120.1,312.72,120.1,312.72
2025-10-02,176.92,333.48,176.92,333.48
2025-10-09,229.78,317.15,229.78,317.15
2025-10-16,238.66,311.73,238.66,311.73
2025-10-23,351.44,335.96,351.44,335.96
2025-10-30,478.7,342.23,478.7,342.23
2025-11-06,505.27,388.34,505.27,388.34
2025-11-13,674.0,366.13,674.0,366.13
2025-11-20,527.67,398.45,441.69,398.45
2025-11-27,339.15,407.77,341.06,407.77
2025-12-04,404.55,403.16,403.44,403.16
2025-12-11,376.6,417.65,435.3,417.65
2025-12-18,448.44,434.22,535.36,434.22
2025-12-25,511.62,433.31,507.25,433.31
2026-01-01,469.45,435.6,394.38,435.6
2026-01-08,447.42,711.53,394.64,711.53
2026-01-15,355.47,521.33,360.3,521.33
2026-01-22,370.11,468.57,291.09,468.57
2026-01-29,250.92,380.8,243.26,380.8
2026-02-05,240.46,346.17,296.88,346.17
2026-02-12,264.88,330.53,246.41,330.53
2026-02-19,243.97,344.72,220.45,344.72
2026-02-26,243.75,356.51,196.88,356.51
2026-03-05,212.95,352.25,227.18,352.25
2026-03-12,248.85,346.16,219.91,346.16
2026-03-19,231.68,340.38,214.75,340.38
2026-03-26,251.42,337.59,241.45,337.59
2026-04-02,323.44,327.16,361.66,327.16
2026-04-09,346.0,344.22,324.71,344.22
2026-04-16,316.57,366.8,355.34,366.8
2026-04-23,327.13,376.41,403.96,376.41
2026-04-30,553.69,415.85,596.35,415.85
2026-05-07,524.1,398.06,515.43,398.06
2026-05-14,673.46,404.33,660.31,404.33
2026-05-21,541.05,393.15,552.57,393.15
2026-05-28,622.6,363.1,424.47,363.1
2026-06-04,408.37,335.06,422.55,335.06
2026-06-11,476.68,337.33,453.67,337.33
2026-06-18,416.26,315.15,389.7,315.15
2026-06-25,416.58,308.58,462.98,308.58
2026-07-02,465.85,319.88,531.45,319.88
2026-07-09,569.98,330.34,553.03,330.34
2026-07-16,515.22,352.07,494.77,352.07
2026-07-23,466.96,353.32,471.86,353.32
2026-07-30,521.05,352.44,521.28,352.44
