date,AMD,Salesforce
2006-01-06,33.779998779296875,9.793074607849121
2006-01-13,34.130001068115234,9.370387077331543
2006-01-20,35.70000076293945,9.812735557556152
2006-01-27,39.849998474121094,10.223133087158203
2006-02-03,39.540000915527344,9.394962310791016
2006-02-10,40.099998474121094,8.625768661499023
2006-02-17,40.33000183105469,8.439000129699707
2006-02-24,40.540000915527344,8.303839683532715
2006-03-03,39.5099983215332,9.348270416259766
2006-03-10,36.630001068115234,9.296663284301758
2006-03-17,33.95000076293945,9.621051788330078
2006-03-24,36.130001068115234,9.242598533630371
2006-03-31,33.15999984741211,8.928041458129883
2006-04-07,33.689998626708984,8.47832202911377
2006-04-13,31.799999237060547,8.2841796875
2006-04-21,31.729999542236328,8.13673210144043
2006-04-28,32.349998474121094,8.613482475280762
2006-05-05,34.43000030517578,8.384937286376953
2006-05-12,31.65999984741211,7.6673502922058105
2006-05-19,34.95000076293945,7.016117095947266
2006-05-26,31.6299991607666,7.470752716064453
2006-06-02,30.100000381469727,7.340505599975586
2006-06-09,26.75,6.39683198928833
2006-06-16,25.639999389648438,6.817061424255371
2006-06-23,25.139999389648438,6.83180570602417
2006-06-30,24.420000076293945,6.551652431488037
2006-07-07,23.559999465942383,6.121593475341797
2006-07-14,21.600000381469727,5.411380767822266
2006-07-21,18.260000228881836,5.381890296936035
2006-07-28,19.100000381469727,6.219892501831055
2006-08-04,20.469999313354492,6.426320552825928
2006-08-11,19.780000686645508,6.389459133148193
2006-08-18,23.93000030517578,8.072835922241211
2006-08-25,24.559999465942383,8.247319221496582
2006-09-01,24.65999984741211,8.453746795654297
2006-09-08,25.799999237060547,8.190794944763184
2006-09-15,26.530000686645508,8.601194381713867
2006-09-22,26.209999084472656,8.888720512390137
2006-09-29,24.850000381469727,8.817453384399414
2006-10-06,24.010000228881836,9.918408393859863
2006-10-13,25.229999542236328,10.070770263671875
2006-10-20,20.1200008392334,9.797989845275879
2006-10-27,20.860000610351562,9.85697078704834
2006-11-03,20.8799991607666,9.947896003723145
2006-11-10,21.06999969482422,10.370585441589355
2006-11-17,21.450000762939453,10.25262451171875
2006-11-24,21.799999237060547,10.115004539489746
2006-12-01,20.690000534057617,9.424453735351562
2006-12-08,20.93000030517578,9.468688011169434
2006-12-15,22.1200008392334,9.815191268920898
2006-12-22,20.770000457763672,8.859231948852539
2006-12-29,20.350000381469727,8.95753002166748
2007-01-05,19.709999084472656,9.711977005004883
2007-01-12,18.260000228881836,10.424646377563477
2007-01-19,17.729999542236328,10.225592613220215
2007-01-26,16.219999313354492,10.37795639038086
2007-02-02,15.6899995803833,11.488738059997559
2007-02-09,14.899999618530273,11.552632331848145
2007-02-16,14.9399995803833,12.196495056152344
2007-02-23,14.6899995803833,11.658306121826172
2007-03-02,14.180000305175781,10.478713989257812
2007-03-09,14.199999809265137,10.559810638427734
2007-03-16,14.010000228881836,10.230508804321289
2007-03-23,13.5,10.640908241271973
2007-03-30,13.0600004196167,10.522947311401367
2007-04-05,12.859999656677246,11.056221961975098
2007-04-13,13.569999694824219,10.463969230651855
2007-04-20,14.15999984741211,10.259997367858887
2007-04-27,14.319999694824219,10.346007347106934
2007-05-04,13.529999732971191,10.579469680786133
2007-05-11,14.680000305175781,10.424646377563477
2007-05-18,15.59000015258789,11.255276679992676
2007-05-25,14.760000228881836,11.326545715332031
2007-06-01,14.3100004196167,11.766434669494629
2007-06-08,14.069999694824219,11.365864753723145
2007-06-15,13.630000114440918,11.203672409057617
2007-06-22,14.569999694824219,9.965099334716797
2007-06-29,14.300000190734863,10.532777786254883
2007-07-06,14.390000343322754,10.980039596557617
2007-07-13,15.430000305175781,10.945634841918945
2007-07-20,15.5,10.67776870727539
2007-07-27,13.869999885559082,10.048651695251465
2007-08-03,12.850000381469727,9.815191268920898
2007-08-10,13.010000228881836,10.980039596557617
2007-08-17,11.890000343322754,9.834854125976562
2007-08-24,12.130000114440918,10.181357383728027
2007-08-31,13.0,9.93560791015625
2007-09-07,12.609999656677246,10.618790626525879
2007-09-14,12.6899995803833,11.397811889648438
2007-09-21,13.239999771118164,11.365864753723145
2007-09-28,13.199999809265137,12.611809730529785
2007-10-05,13.630000114440918,13.081189155578613
2007-10-12,13.9399995803833,14.022406578063965
2007-10-19,13.800000190734863,12.847726821899414
2007-10-26,12.890000343322754,12.6412992477417
2007-11-02,13.170000076293945,13.368714332580566
2007-11-09,12.369999885559082,12.287420272827148
2007-11-16,12.640000343322754,14.093672752380371
2007-11-23,10.779999732971191,13.555482864379883
2007-11-30,9.760000228881836,13.941307067871094
2007-12-07,9.050000190734863,14.214088439941406
2007-12-14,8.430000305175781,14.634320259094238
2007-12-21,7.789999961853027,15.666462898254395
2007-12-28,7.320000171661377,15.826199531555176
2008-01-04,6.25,14.464752197265625
2008-01-11,6.25,13.385917663574219
2008-01-18,7.070000171661377,12.739599227905273
2008-01-25,7.150000095367432,13.009921073913574
2008-02-01,8.0,12.71010971069336
2008-02-08,6.340000152587891,12.501222610473633
2008-02-15,6.449999809265137,13.231095314025879
2008-02-22,6.710000038146973,12.862472534179688
2008-02-29,7.210000038146973,14.67609691619873
2008-03-07,6.489999771118164,13.92410659790039
2008-03-14,6.380000114440918,14.216545104980469
2008-03-20,6.110000133514404,13.720134735107422
2008-03-28,5.909999847412109,13.970797538757324
2008-04-04,6.230000019073486,16.003141403198242
2008-04-11,6.010000228881836,15.012772560119629
2008-04-18,6.110000133514404,15.703325271606445
2008-04-25,6.059999942779541,16.733007431030273
2008-05-02,6.159999847412109,16.53887176513672
2008-05-09,6.940000057220459,16.391416549682617
2008-05-16,7.260000228881836,16.882919311523438
2008-05-23,6.880000114440918,16.47005844116211
2008-05-30,6.880000114440918,17.77006721496582
2008-06-06,7.429999828338623,17.453052520751953
2008-06-13,7.519999980926514,17.888029098510742
2008-06-20,6.989999771118164,17.964208602905273
2008-06-27,5.949999809265137,16.863256454467773
2008-07-03,5.300000190734863,16.59539222717285
2008-07-11,4.840000152587891,15.550960540771484
2008-07-18,4.650000095367432,17.384239196777344
2008-07-25,4.360000133514404,15.666462898254395
2008-08-01,4.28000020980835,15.79916763305664
2008-08-08,5.130000114440918,17.101634979248047
2008-08-15,5.639999866485596,16.295576095581055
2008-08-22,5.809999942779541,13.754539489746094
2008-08-29,6.289999961853027,13.766826629638672
2008-09-05,5.960000038146973,13.381001472473145
2008-09-12,5.75,14.056811332702637
2008-09-19,5.420000076293945,13.715219497680664
2008-09-26,5.159999847412109,12.447159767150879
2008-10-03,4.53000020980835,10.2157621383667
2008-10-10,3.809999942779541,8.001570701599121
2008-10-17,4.210000038146973,7.763192176818848
2008-10-24,3.0299999713897705,6.556568145751953
2008-10-31,3.5,7.608371734619141
2008-11-07,3.1600000858306885,7.018574237823486
2008-11-14,2.430000066757202,6.487759113311768
2008-11-21,1.8200000524520874,5.485104560852051
2008-11-28,2.359999895095825,7.033320426940918
2008-12-05,2.130000114440918,7.6575212478637695
2008-12-12,2.2799999713897705,7.851662635803223
2008-12-19,2.2699999809265137,7.937674522399902
2008-12-26,2.180000066757202,7.721416473388672
2009-01-02,2.380000114440918,8.360363006591797
2009-01-09,2.690000057220459,7.748447418212891
2009-01-16,2.2899999618530273,6.912903308868408
2009-01-23,2.069999933242798,6.65732479095459
2009-01-30,2.190000057220459,6.539365768432617
2009-02-06,2.4100000858306885,7.136534690856934
2009-02-13,2.4200000762939453,6.600803375244141
2009-02-20,2.0299999713897705,6.4017462730407715
2009-02-27,2.180000066757202,6.880955696105957
2009-03-06,2.140000104904175,7.389655113220215
2009-03-13,2.5199999809265137,8.058089256286621
2009-03-20,2.6700000762939453,8.542215347290039
2009-03-27,3.369999885559082,8.375105857849121
2009-04-03,3.430000066757202,9.15904426574707
2009-04-09,3.75,9.190990447998047
2009-04-17,3.559999942779541,9.419538497924805
2009-04-24,3.509999990463257,9.871715545654297
2009-05-01,3.819999933242798,10.17644214630127
2009-05-08,3.930000066757202,10.085515022277832
2009-05-15,4.010000228881836,9.879088401794434
2009-05-22,4.260000228881836,8.883808135986328
2009-05-29,4.539999961853027,9.326151847839355
2009-06-05,4.630000114440918,9.616135597229004
2009-06-12,4.46999979019165,10.223133087158203
2009-06-19,3.869999885559082,9.807819366455078
2009-06-26,3.619999885559082,9.562071800231934
2009-07-02,3.7799999713897705,9.377760887145996
2009-07-10,3.490000009536743,9.156587600708008
2009-07-17,4.0,10.03636646270752
2009-07-24,3.7699999809265137,11.09062671661377
2009-07-31,3.6600000858306885,10.650735855102539
2009-08-07,3.700000047683716,11.483823776245117
2009-08-14,3.690000057220459,11.579666137695312
2009-08-21,3.700000047683716,13.189316749572754
2009-08-28,4.46999979019165,12.840354919433594
2009-09-04,4.53000020980835,12.975518226623535
2009-09-11,5.679999828338623,14.233748435974121
2009-09-18,5.699999809265137,14.295185089111328
2009-09-25,5.829999923706055,13.530908584594727
2009-10-02,5.309999942779541,13.395747184753418
2009-10-09,5.880000114440918,14.983282089233398
2009-10-16,5.739999771118164,15.324872970581055
2009-10-23,5.599999904632568,15.511641502380371
2009-10-30,4.599999904632568,13.946224212646484
2009-11-06,5.039999961853027,14.993112564086914
2009-11-13,6.53000020980835,16.251340866088867
2009-11-20,6.949999809265137,15.3740234375
2009-11-27,6.849999904632568,15.543587684631348
2009-12-04,7.860000133514404,16.207111358642578
2009-12-11,8.640000343322754,15.546045303344727
2009-12-18,9.050000190734863,16.681406021118164
2009-12-24,9.90999984741211,17.856082916259766
2009-12-31,9.680000305175781,18.128862380981445
2010-01-08,9.430000305175781,18.222248077392578
2010-01-15,8.84000015258789,16.865713119506836
2010-01-22,7.880000114440918,15.860604286193848
2010-01-29,7.460000038146973,15.61731243133545
2010-02-05,7.349999904632568,15.256063461303711
2010-02-12,7.869999885559082,15.99576473236084
2010-02-19,7.929999828338623,16.936979293823242
2010-02-26,7.909999847412109,16.698604583740234
2010-03-05,8.609999656677246,17.762699127197266
2010-03-12,8.930000305175781,18.60561180114746
2010-03-19,9.109999656677246,18.681793212890625
2010-03-26,9.020000457763672,18.418842315673828
2010-04-01,9.369999885559082,18.563838958740234
2010-04-09,9.300000190734863,19.603351593017578
2010-04-16,9.8100004196167,20.51508140563965
2010-04-23,9.760000228881836,21.665184020996094
2010-04-30,9.069999694824219,21.03606414794922
2010-05-07,8.380000114440918,19.0504150390625
2010-05-14,8.800000190734863,20.819808959960938
2010-05-21,8.399999618530273,20.456100463867188
2010-05-28,8.569999694824219,21.264610290527344
2010-06-04,8.109999656677246,22.028884887695312
2010-06-11,8.119999885559082,23.749128341674805
2010-06-18,8.829999923706055,23.52303695678711
2010-06-25,8.09000015258789,22.515470504760742
2010-07-02,7.170000076293945,21.40714454650879
2010-07-09,7.340000152587891,22.554792404174805
2010-07-16,7.369999885559082,22.621143341064453
2010-07-23,7.820000171661377,24.51831817626953
2010-07-30,7.489999771118164,24.316808700561523
2010-08-06,7.449999809265137,25.147438049316406
2010-08-13,6.489999771118164,23.896577835083008
2010-08-20,6.25,27.7081356048584
2010-08-27,6.079999923706055,27.39603614807129
2010-09-03,6.090000152587891,29.398887634277344
2010-09-10,5.809999942779541,28.85578155517578
2010-09-17,6.119999885559082,28.68866729736328
2010-09-24,6.840000152587891,29.32761573791504
2010-10-01,7.050000190734863,27.523822784423828
2010-10-08,7.050000190734863,26.01738739013672
2010-10-15,7.119999885559082,26.634214401245117
2010-10-22,6.889999866485596,26.526086807250977
2010-10-29,7.340000152587891,28.52402114868164
2010-11-05,8.039999961853027,27.811349868774414
2010-11-12,7.630000114440918,28.263526916503906
2010-11-19,7.46999979019165,33.60364532470703
2010-11-26,7.550000190734863,35.837493896484375
2010-12-03,7.650000095367432,35.095333099365234
2010-12-10,8.069999694824219,36.52067565917969
2010-12-17,8.100000381469727,33.54466247558594
2010-12-23,8.039999961853027,33.28416442871094
2010-12-31,8.180000305175781,32.43879318237305
2011-01-07,8.829999923706055,34.950347900390625
2011-01-14,8.199999809265137,35.99477005004883
2011-01-21,7.539999961853027,32.49776840209961
2011-01-28,7.489999771118164,32.34294891357422
2011-02-04,8.399999618530273,33.900997161865234
2011-02-11,8.279999732971191,34.77585220336914
2011-02-18,9.180000305175781,35.16168975830078
2011-02-25,9.289999961853027,34.11724853515625
2011-03-04,9.229999542236328,31.939926147460938
2011-03-11,8.649999618530273,31.423852920532227
2011-03-18,8.550000190734863,29.492273330688477
2011-03-25,8.880000114440918,31.320634841918945
2011-04-01,8.359999656677246,32.95977783203125
2011-04-08,8.470000267028809,33.09002685546875
2011-04-15,8.270000457763672,32.86393737792969
2011-04-21,8.710000038146973,34.372833251953125
2011-04-29,9.100000381469727,34.060733795166016
2011-05-06,8.920000076293945,32.517433166503906
2011-05-13,8.899999618530273,33.15392303466797
2011-05-20,8.619999885559082,36.0291748046875
2011-05-27,8.489999771118164,37.181739807128906
2011-06-03,7.96999979019165,35.631065368652344
2011-06-10,7.590000152587891,34.47850036621094
2011-06-17,7.0,34.28927993774414
2011-06-24,6.900000095367432,35.15185546875
2011-07-01,7.110000133514404,36.71236038208008
2011-07-08,6.949999809265137,38.501407623291016
2011-07-15,6.429999828338623,37.94355392456055
2011-07-22,7.75,36.96302032470703
2011-07-29,7.340000152587891,35.562259674072266
2011-08-05,6.559999942779541,33.345603942871094
2011-08-12,6.210000038146973,32.949947357177734
2011-08-19,5.980000019073486,27.278076171875
2011-08-26,6.489999771118164,28.875442504882812
2011-09-02,6.320000171661377,30.376962661743164
2011-09-09,6.519999980926514,30.283578872680664
2011-09-16,7.199999809265137,33.55940628051758
2011-09-23,6.170000076293945,29.563535690307617
2011-09-30,5.079999923706055,28.084129333496094
2011-10-07,4.730000019073486,29.72572898864746
2011-10-14,4.920000076293945,32.389644622802734
2011-10-21,4.71999979019165,31.772815704345703
2011-10-28,5.940000057220459,34.19343948364258
2011-11-04,5.670000076293945,32.27414321899414
2011-11-11,5.949999809265137,31.91534996032715
2011-11-18,5.46999979019165,27.875242233276367
2011-11-25,4.989999771118164,25.786380767822266
2011-12-02,5.650000095367432,29.401342391967773
2011-12-09,5.539999961853027,30.44331169128418
2011-12-16,5.130000114440918,26.309825897216797
2011-12-23,5.409999847412109,24.0882568359375
2011-12-30,5.400000095367432,24.93363380432129
2012-01-06,5.429999828338623,24.8353328704834
2012-01-13,5.659999847412109,25.533262252807617
2012-01-20,6.420000076293945,28.06201171875
2012-01-27,6.820000171661377,28.654266357421875
2012-02-03,7.079999923706055,30.497377395629883
2012-02-10,7.050000190734863,31.563926696777344
2012-02-17,7.420000076293945,31.743324279785156
2012-02-24,7.460000038146973,35.29930114746094
2012-03-02,7.460000038146973,35.33616256713867
2012-03-09,7.579999923706055,36.23068618774414
2012-03-16,8.199999809265137,37.20384979248047
2012-03-23,8.09000015258789,37.8206787109375
2012-03-30,8.020000457763672,37.97058868408203
2012-04-05,7.869999885559082,38.59233856201172
2012-04-13,7.730000019073486,39.16492462158203
2012-04-20,7.760000228881836,38.55792999267578
2012-04-27,7.329999923706055,38.49895477294922
2012-05-04,7.179999828338623,37.49875259399414
2012-05-11,6.78000020980835,33.85921859741211
2012-05-18,6.010000228881836,35.776058197021484
2012-05-25,6.21999979019165,36.125022888183594
2012-06-01,5.730000019073486,32.190589904785156
2012-06-08,5.909999847412109,33.542205810546875
2012-06-15,5.869999885559082,33.06790542602539
2012-06-22,5.730000019073486,33.69456481933594
2012-06-29,5.730000019073486,33.977176666259766
2012-07-06,5.75,33.3603515625
2012-07-13,4.900000095367432,32.08245849609375
2012-07-20,4.21999979019165,33.21535873413086
2012-07-27,4.090000152587891,32.31346130371094
2012-08-03,4.090000152587891,31.52215003967285
2012-08-10,4.340000152587891,34.36546325683594
2012-08-17,4.099999904632568,36.181541442871094
2012-08-24,3.940000057220459,36.50347137451172
2012-08-31,3.7200000286102295,35.67775344848633
2012-09-07,3.450000047683716,36.756591796875
2012-09-14,3.9000000953674316,39.17966842651367
2012-09-21,3.5999999046325684,38.14015579223633
2012-09-28,3.369999885559082,37.5233268737793
2012-10-05,3.2200000286102295,38.024654388427734
2012-10-12,2.740000009536743,37.6707763671875
2012-10-19,2.180000066757202,36.61897659301758
2012-10-26,2.069999933242798,36.03900909423828
2012-11-02,2.0999999046325684,36.02671813964844
2012-11-09,2.0299999713897705,34.68492889404297
2012-11-16,1.8600000143051147,35.46149826049805
2012-11-23,1.9500000476837158,39.18457794189453
2012-11-30,2.200000047683716,38.747154235839844
2012-12-07,2.359999895095825,38.50878143310547
2012-12-14,2.390000104904175,40.993289947509766
2012-12-21,2.5899999141693115,41.519195556640625
2012-12-28,2.2799999713897705,40.34697341918945
2013-01-04,2.5899999141693115,41.681396484375
2013-01-11,2.6700000762939453,42.60049057006836
2013-01-18,2.4600000381469727,41.78215026855469
2013-01-25,2.8499999046325684,42.7258186340332
2013-02-01,2.5999999046325684,43.020721435546875
2013-02-08,2.5899999141693115,41.76494598388672
2013-02-15,2.7100000381469727,43.01335144042969
2013-02-22,2.609999895095825,41.91485595703125
2013-03-01,2.4200000762939453,44.72621154785156
2013-03-08,2.559999942779541,45.67234420776367
2013-03-15,2.5999999046325684,43.37459945678711
2013-03-22,2.5399999618530273,43.26646423339844
2013-03-28,2.549999952316284,43.94718933105469
2013-04-05,2.2899999618530273,40.651702880859375
2013-04-12,2.4800000190734863,41.659278869628906
2013-04-19,2.4700000286102295,40.18478012084961
2013-04-26,2.640000104904175,40.017677307128906
2013-05-03,3.5999999046325684,41.52165222167969
2013-05-10,3.950000047683716,43.41883087158203
2013-05-17,4.070000171661377,45.99427795410156
2013-05-24,4.050000190734863,42.51447677612305
2013-05-31,4.0,41.6101188659668
2013-06-07,3.9100000858306885,38.93638229370117
2013-06-14,3.940000057220459,36.92124557495117
2013-06-21,4.0,37.648658752441406
2013-06-28,4.079999923706055,37.53070068359375
2013-07-05,4.070000171661377,38.27777099609375
2013-07-12,4.320000171661377,41.70841598510742
2013-07-19,4.03000020980835,41.7772331237793
2013-07-26,3.819999933242798,42.4849853515625
2013-08-02,3.799999952316284,44.745872497558594
2013-08-09,3.6500000953674316,44.44114303588867
2013-08-16,3.6600000858306885,43.084617614746094
2013-08-23,3.6500000953674316,42.84870147705078
2013-08-30,3.2699999809265137,48.29448318481445
2013-09-06,3.569999933242798,47.64570999145508
2013-09-13,3.8299999237060547,48.79581069946289
2013-09-20,3.8299999237060547,51.86275100708008
2013-09-27,3.859999895095825,51.538360595703125
2013-10-04,3.9100000858306885,51.931556701660156
2013-10-11,3.8299999237060547,50.20148468017578
2013-10-18,3.5299999713897705,53.179954528808594
2013-10-25,3.3399999141693115,53.632137298583984
2013-11-01,3.309999942779541,53.04233932495117
2013-11-08,3.2699999809265137,54.546321868896484
2013-11-15,3.5,56.33536911010742
2013-11-22,3.3399999141693115,53.75992965698242
2013-11-29,3.640000104904175,51.204139709472656
2013-12-06,3.6600000858306885,52.96370315551758
2013-12-13,3.690000057220459,50.26047134399414
2013-12-20,3.690000057220459,52.806427001953125
2013-12-27,3.7799999713897705,53.52400588989258
2014-01-03,4.0,54.182613372802734
2014-01-10,4.170000076293945,55.98149490356445
2014-01-17,4.179999828338623,58.84200668334961
2014-01-24,3.4700000286102295,57.406829833984375
2014-01-31,3.430000066757202,59.5006103515625
2014-02-07,3.4700000286102295,60.503265380859375
2014-02-14,3.690000057220459,61.73200988769531
2014-02-21,3.690000057220459,62.50857162475586
2014-02-28,3.7100000381469727,61.309322357177734
2014-03-07,3.950000047683716,59.7070426940918
2014-03-14,3.8499999046325684,57.17091751098633
2014-03-21,4.039999961853027,56.06013488769531
2014-03-28,3.880000114440918,54.80190658569336
2014-04-04,4.010000228881836,53.48469161987305
2014-04-11,3.6500000953674316,51.97087478637695
2014-04-17,3.690000057220459,55.14594650268555
2014-04-25,4.050000190734863,51.90207290649414
2014-05-02,4.119999885559082,51.54819107055664
2014-05-09,3.869999885559082,49.4249153137207
2014-05-16,4.019999980926514,50.91907501220703
2014-05-23,4.019999980926514,52.50169372558594
2014-05-30,4.0,51.734962463378906
2014-06-06,4.059999942779541,50.91907501220703
2014-06-13,4.28000020980835,53.386390686035156
2014-06-20,4.099999904632568,56.53196716308594
2014-06-27,4.110000133514404,56.40418243408203
2014-07-03,4.239999771118164,57.760704040527344
2014-07-11,4.369999885559082,53.2880859375
2014-07-18,3.8299999237060547,52.590171813964844
2014-07-25,3.759999990463257,53.95652389526367
2014-08-01,3.9700000286102295,52.57050704956055
2014-08-08,4.119999885559082,53.51417922973633
2014-08-15,4.130000114440918,52.71795654296875
2014-08-22,4.25,58.78303146362305
2014-08-29,4.170000076293945,58.08510208129883
2014-09-05,4.150000095367432,58.79286193847656
2014-09-12,3.9600000381469727,58.242374420166016
2014-09-19,3.809999942779541,57.24955749511719
2014-09-26,3.5999999046325684,55.59812927246094
2014-10-03,3.4000000953674316,57.4658088684082
2014-10-10,2.7200000286102295,53.838565826416016
2014-10-17,2.7200000286102295,54.68394088745117
2014-10-24,2.680000066757202,58.55693817138672
2014-10-31,2.799999952316284,62.90176773071289
2014-11-07,2.7799999713897705,62.88210678100586
2014-11-14,2.609999895095825,62.823123931884766
2014-11-21,2.7699999809265137,57.20039749145508
2014-11-28,2.7899999618530273,58.85182571411133
2014-12-05,2.6600000858306885,57.849178314208984
2014-12-12,2.5199999809265137,54.133460998535156
2014-12-19,2.569999933242798,58.84200668334961
2014-12-26,2.6500000953674316,59.766021728515625
2015-01-02,2.6700000762939453,58.23255157470703
2015-01-09,2.630000114440918,57.17091751098633
2015-01-16,2.390000104904175,55.676761627197266
2015-01-23,2.450000047683716,57.62309646606445
2015-01-30,2.569999933242798,55.489990234375
2015-02-06,3.0299999713897705,58.16373825073242
2015-02-13,3.1500000953674316,61.78116226196289
2015-02-20,3.059999942779541,62.65602111816406
2015-02-27,3.109999895095825,68.20011138916016
2015-03-06,2.9200000762939453,63.46207046508789
2015-03-13,2.75,63.50139617919922
2015-03-20,2.799999952316284,66.53884887695312
2015-03-27,2.7200000286102295,65.41824340820312
2015-04-02,2.690000057220459,65.5460205078125
2015-04-10,2.759999990463257,66.48969268798828
2015-04-17,2.5799999237060547,64.69080352783203
2015-04-24,2.299999952316284,66.67646789550781
2015-05-01,2.309999942779541,72.1124267578125
2015-05-08,2.309999942779541,71.16874694824219
2015-05-15,2.319999933242798,71.16874694824219
2015-05-22,2.2799999713897705,73.73436737060547
2015-05-29,2.2799999713897705,71.51278686523438
2015-06-05,2.3299999237060547,72.29918670654297
2015-06-12,2.309999942779541,70.54946899414062
2015-06-19,2.5799999237060547,73.72452545166016
2015-06-26,2.4700000286102295,71.1097640991211
2015-07-02,2.5299999713897705,69.22242736816406
2015-07-10,1.9600000381469727,69.93016815185547
2015-07-17,1.7899999618530273,71.57176971435547
2015-07-24,1.6699999570846558,72.66289520263672
2015-07-31,1.9299999475479126,72.05343627929688
2015-08-07,2.0899999141693115,69.21259307861328
2015-08-14,1.840000033378601,71.74870300292969
2015-08-21,1.7799999713897705,67.97402954101562
2015-08-28,1.850000023841858,69.05532836914062
2015-09-04,1.8200000524520874,65.98836517333984
2015-09-11,2.009999990463257,68.85872650146484
2015-09-18,1.8700000047683716,70.18575286865234
2015-09-25,1.7100000381469727,71.20806884765625
2015-10-02,1.8300000429153442,72.67272186279297
2015-10-09,1.9600000381469727,73.97027587890625
2015-10-16,1.940000057220459,77.4303970336914
2015-10-23,2.2100000381469727,77.22399139404297
2015-10-30,2.119999885559082,76.388427734375
2015-11-06,2.1500000953674316,78.0595474243164
2015-11-13,1.9900000095367432,74.31432342529297
2015-11-20,2.2200000286102295,79.6126480102539
2015-11-27,2.3299999237060547,78.6100082397461
2015-12-04,2.2799999713897705,80.74310302734375
2015-12-11,2.359999895095825,75.562744140625
2015-12-18,2.450000047683716,75.72000885009766
2015-12-24,2.9200000762939453,76.50640869140625
2015-12-31,2.869999885559082,77.06669616699219
2016-01-08,2.140000104904175,71.98463439941406
2016-01-15,2.0299999713897705,69.65493774414062
2016-01-22,2.0199999809265137,70.33320617675781
2016-01-29,2.200000047683716,66.90254974365234
2016-02-05,1.9800000190734863,57.51496505737305
2016-02-12,1.8300000429153442,58.66506576538086
2016-02-19,1.909999966621399,61.083229064941406
2016-02-26,2.069999933242798,68.53433227539062
2016-03-04,2.369999885559082,69.85153198242188
2016-03-11,2.5199999809265137,70.41181182861328
2016-03-18,2.930000066757202,71.41448974609375
2016-03-24,2.7899999618530273,71.20806884765625
2016-04-01,2.8299999237060547,74.4421157836914
2016-04-08,2.740000009536743,73.57708740234375
2016-04-15,2.700000047683716,75.01225280761719
2016-04-22,3.990000009536743,75.17936706542969
2016-04-29,3.549999952316284,74.51093292236328
2016-05-06,3.680000066757202,72.98728942871094
2016-05-13,3.6700000762939453,75.07123565673828
2016-05-20,3.869999885559082,79.64215087890625
2016-05-27,4.599999904632568,82.34537506103516
2016-06-03,4.159999847412109,81.1461410522461
2016-06-10,4.320000171661377,80.4383773803711
2016-06-17,5.260000228881836,79.13098907470703
2016-06-24,4.880000114440918,77.12568664550781
2016-07-01,5.070000171661377,78.4723892211914
2016-07-08,5.099999904632568,79.51435852050781
2016-07-15,5.139999866485596,80.01569366455078
2016-07-22,5.840000152587891,81.1461410522461
2016-07-29,6.860000133514404,80.40888977050781
2016-08-05,6.610000133514404,79.94688415527344
2016-08-12,6.730000019073486,80.24178314208984
2016-08-19,7.619999885559082,76.162353515625
2016-08-26,7.670000076293945,78.66899108886719
2016-09-02,7.510000228881836,73.82281494140625
2016-09-09,5.900000095367432,72.93812561035156
2016-09-16,6.050000190734863,72.04360961914062
2016-09-23,6.550000190734863,69.19292449951172
2016-09-30,6.909999847412109,70.116943359375
2016-10-07,6.75,69.70409393310547
2016-10-14,6.75,73.00694274902344
2016-10-21,6.519999980926514,72.74153137207031
2016-10-28,7.199999809265137,73.8523178100586
2016-11-04,6.559999942779541,73.10523986816406
2016-11-11,6.690000057220459,73.32149505615234
2016-11-18,8.710000038146973,76.44742584228516
2016-11-25,8.770000457763672,72.47612762451172
2016-12-02,8.529999732971191,67.24662017822266
2016-12-09,10.34000015258789,69.95965576171875
2016-12-16,10.65999984741211,68.67194366455078
2016-12-23,11.579999923706055,68.68177032470703
2016-12-30,11.34000015258789,67.29574584960938
2017-01-06,11.319999694824219,72.5449447631836
2017-01-13,10.579999923706055,74.35365295410156
2017-01-20,9.75,74.73700714111328
2017-01-27,10.670000076293945,76.87992858886719
2017-02-03,12.239999771118164,78.84593200683594
2017-02-10,13.579999923706055,79.26861572265625
2017-02-17,13.130000114440918,80.08450317382812
2017-02-24,14.119999885559082,80.38921356201172
2017-03-03,13.029999732971191,80.8217544555664
2017-03-10,13.90999984741211,82.08982849121094
2017-03-17,13.489999771118164,81.61796569824219
2017-03-24,13.699999809265137,80.22212219238281
2017-03-31,14.550000190734863,81.087158203125
2017-04-07,13.520000457763672,82.94501495361328
2017-04-13,12.3100004196167,81.71627044677734
2017-04-21,13.0,82.36503601074219
2017-04-28,13.300000190734863,84.65542602539062
2017-05-05,10.1899995803833,85.49095916748047
2017-05-12,11.260000228881836,87.5257568359375
2017-05-19,11.40999984741211,85.91365051269531
2017-05-26,11.0,89.28532409667969
2017-06-02,10.899999618530273,89.31481170654297
2017-06-09,12.279999732971191,85.78585815429688
2017-06-16,11.4399995803833,84.5374526977539
2017-06-23,14.170000076293945,87.11289978027344
2017-06-30,12.479999542236328,85.12726593017578
2017-07-07,13.359999656677246,86.4248046875
2017-07-14,13.920000076293945,88.46943664550781
2017-07-21,13.880000114440918,88.16470336914062
2017-07-28,13.949999809265137,89.07889556884766
2017-08-04,13.119999885559082,88.91178131103516
2017-08-11,12.229999542236328,86.78851318359375
2017-08-18,12.369999885559082,89.21651458740234
2017-08-25,12.430000305175781,92.49970245361328
2017-09-01,13.1899995803833,94.37722778320312
2017-09-08,12.25,94.79008483886719
2017-09-15,12.520000457763672,93.02069091796875
2017-09-22,13.300000190734863,93.32543182373047
2017-09-29,12.75,91.83126068115234
2017-10-06,13.229999542236328,94.68194580078125
2017-10-13,14.220000267028809,95.29141998291016
2017-10-20,13.8100004196167,97.21807861328125
2017-10-27,11.84000015258789,98.98746490478516
2017-11-03,11.119999885559082,100.96327209472656
2017-11-10,11.260000228881836,103.45026397705078
2017-11-17,11.380000114440918,105.75045013427734
2017-11-24,11.380000114440918,105.3277816772461
2017-12-01,10.729999542236328,102.06423950195312
2017-12-08,9.9399995803833,101.68087768554688
2017-12-15,10.289999961853027,103.68618774414062
2017-12-22,10.539999961853027,100.88463592529297
2017-12-29,10.279999732971191,100.491455078125
2018-01-05,11.880000114440918,106.26162719726562
2018-01-12,12.020000457763672,108.36522674560547
2018-01-19,12.59000015258789,110.02648162841797
2018-01-26,12.949999809265137,111.7663803100586
2018-02-02,12.449999809265137,108.89604949951172
2018-02-09,11.3100004196167,105.1606674194336
2018-02-16,11.819999694824219,110.94068145751953
2018-02-23,12.069999694824219,113.00495910644531
2018-03-02,11.8100004196167,119.84658813476562
2018-03-09,11.699999809265137,125.24322509765625
2018-03-16,11.470000267028809,123.82771301269531
2018-03-23,10.630000114440918,112.48397827148438
2018-03-29,10.050000190734863,114.3221664428711
2018-04-06,9.609999656677246,114.12557220458984
2018-04-13,9.930000305175781,116.986083984375
2018-04-20,9.989999771118164,120.73127746582031
2018-04-27,11.109999656677246,118.17550659179688
2018-05-04,11.279999732971191,122.9921875
2018-05-11,11.949999809265137,128.40847778320312
2018-05-18,13.0,124.80088806152344
2018-05-25,13.539999961853027,125.78386688232422
2018-06-01,14.399999618530273,128.3003387451172
2018-06-08,15.25,131.25917053222656
2018-06-15,16.34000015258789,136.05613708496094
2018-06-22,15.800000190734863,132.71400451660156
2018-06-29,14.989999771118164,134.08033752441406
2018-07-06,16.360000610351562,138.99530029296875
2018-07-13,16.270000457763672,145.09970092773438
2018-07-20,16.5,144.37229919433594
2018-07-27,18.940000534057617,141.46261596679688
2018-08-03,18.489999771118164,138.6414337158203
2018-08-10,19.059999465942383,143.035400390625
2018-08-17,19.770000457763672,142.55377197265625
2018-08-24,23.979999542236328,149.7099609375
2018-08-31,25.170000076293945,150.08348083496094
2018-09-07,27.3799991607666,147.8717498779297
2018-09-14,32.720001220703125,154.8116912841797
2018-09-21,31.020000457763672,152.8751983642578
2018-09-28,30.889999389648438,156.32546997070312
2018-10-05,27.350000381469727,152.43283081054688
2018-10-12,26.34000015258789,144.2445068359375
2018-10-19,23.65999984741211,138.1007843017578
2018-10-26,17.6299991607666,133.2152862548828
2018-11-02,20.229999542236328,134.4636993408203
2018-11-09,21.030000686645508,134.59149169921875
2018-11-16,20.65999984741211,130.2958221435547
2018-11-23,19.3799991607666,119.9547348022461
2018-11-30,21.299999237060547,140.3321990966797
2018-12-07,19.459999084472656,133.63800048828125
2018-12-14,19.899999618530273,134.70944213867188
2018-12-21,16.93000030517578,120.81977081298828
2018-12-28,17.81999969482422,132.3896026611328
2019-01-04,19.0,135.61383056640625
2019-01-11,20.270000457763672,145.0407257080078
2019-01-18,20.770000457763672,149.91635131835938
2019-01-25,21.93000030517578,147.1934814453125
2019-02-01,24.510000228881836,153.21923828125
2019-02-08,23.049999237060547,154.00563049316406
2019-02-15,23.68000030517578,156.34515380859375
2019-02-22,24.360000610351562,158.56671142578125
2019-03-01,23.68000030517578,161.73193359375
2019-03-08,22.010000228881836,152.42298889160156
2019-03-15,23.290000915527344,158.76332092285156
2019-03-22,26.3700008392334,158.7534942626953
2019-03-29,25.520000457763672,155.67672729492188
2019-04-05,28.979999542236328,155.86349487304688
2019-04-12,27.850000381469727,157.97694396972656
2019-04-18,27.68000030517578,153.3372039794922
2019-04-26,27.8799991607666,163.13766479492188
2019-05-03,28.219999313354492,160.5622100830078
2019-05-10,27.959999084472656,157.2200164794922
2019-05-17,27.5,151.94134521484375
2019-05-24,26.440000534057617,151.88235473632812
2019-05-31,27.40999984741211,148.83506774902344
2019-06-07,32.40999984741211,158.5273895263672
2019-06-14,30.360000610351562,147.4588623046875
2019-06-21,29.100000381469727,154.17271423339844
2019-06-28,30.3700008392334,149.14962768554688
2019-07-05,31.5,151.95115661621094
2019-07-12,33.209999084472656,155.39163208007812
2019-07-19,32.5099983215332,154.08425903320312
2019-07-26,34.02000045776367,157.24952697753906
2019-08-02,29.440000534057617,143.22219848632812
2019-08-09,34.189998626708984,140.93179321289062
2019-08-16,31.18000030517578,141.4429473876953
2019-08-23,29.540000915527344,148.99237060546875
2019-08-30,31.450000762939453,153.4158172607422
2019-09-06,30.559999465942383,148.5008544921875
2019-09-13,30.690000534057617,150.37840270996094
2019-09-20,30.049999237060547,152.5606231689453
2019-09-27,28.719999313354492,145.7386474609375
2019-10-04,29.010000228881836,145.51255798339844
2019-10-11,29.75,146.8297882080078
2019-10-18,30.969999313354492,141.6395721435547
2019-10-25,32.709999084472656,147.9307403564453
2019-11-01,34.88999938964844,157.02340698242188
2019-11-08,36.290000915527344,158.37013244628906
2019-11-15,38.560001373291016,160.43441772460938
2019-11-22,39.150001525878906,160.0412139892578
2019-11-29,39.150001525878906,160.11984252929688
2019-12-06,39.630001068115234,155.3228302001953
2019-12-13,41.150001525878906,158.38983154296875
2019-12-20,44.150001525878906,161.75160217285156
2019-12-27,46.18000030517578,162.17431640625
2020-01-03,48.599998474121094,163.3440399169922
2020-01-10,48.16999816894531,177.13546752929688
2020-01-17,50.93000030517578,179.13095092773438
2020-01-24,50.349998474121094,179.0129852294922
2020-01-31,47.0,179.2095947265625
2020-02-07,49.72999954223633,182.5615997314453
2020-02-14,55.310001373291016,186.71963500976562
2020-02-21,53.279998779296875,186.27732849121094
2020-02-28,45.47999954223633,167.5021514892578
2020-03-06,48.59000015258789,161.2896270751953
2020-03-13,43.900001525878906,145.26681518554688
2020-03-20,39.61000061035156,136.9801788330078
2020-03-27,46.58000183105469,143.51710510253906
2020-04-03,42.59000015258789,132.02586364746094
2020-04-09,48.380001068115234,151.92169189453125
2020-04-17,56.599998474121094,159.85443115234375
2020-04-24,56.18000030517578,151.3613739013672
2020-05-01,49.880001068115234,153.71072387695312
2020-05-08,53.189998626708984,172.90859985351562
2020-05-15,54.20000076293945,168.41632080078125
2020-05-22,55.16999816894531,174.82542419433594
2020-05-29,53.79999923706055,171.8174591064453
2020-06-05,53.099998474121094,170.92294311523438
2020-06-12,53.5,172.1320343017578
2020-06-19,54.22999954223633,183.77066040039062
2020-06-26,50.099998474121094,180.05496215820312
2020-07-02,52.34000015258789,189.25576782226562
2020-07-10,55.880001068115234,195.497802734375
2020-07-17,55.040000915527344,184.58656311035156
2020-07-24,69.4000015258789,185.28448486328125
2020-07-31,77.43000030517578,191.53634643554688
2020-08-07,84.8499984741211,197.63088989257812
2020-08-14,81.30000305175781,190.1699981689453
2020-08-21,83.80999755859375,204.00067138671875
2020-08-28,85.55000305175781,266.4895935058594
2020-09-04,82.01000213623047,250.36849975585938
2020-09-11,76.33999633789062,238.9657745361328
2020-09-18,74.93000030517578,238.65121459960938
2020-09-25,78.05999755859375,238.6118927001953
2020-10-02,81.80000305175781,243.63497924804688
2020-10-09,83.0999984741211,261.4566650390625
2020-10-16,83.16999816894531,254.15298461914062
2020-10-23,81.95999908447266,246.25958251953125
2020-10-30,75.29000091552734,228.31996154785156
2020-11-06,85.87999725341797,255.7257843017578
2020-11-13,81.43000030517578,245.2667694091797
2020-11-20,84.63999938964844,253.65170288085938
2020-11-27,87.19000244140625,243.4187469482422
2020-12-04,94.04000091552734,222.01895141601562
2020-12-11,91.6500015258789,218.63746643066406
2020-12-18,95.91999816894531,223.562255859375
2020-12-24,91.80999755859375,221.94029235839844
2020-12-31,91.70999908447266,218.74557495117188
2021-01-08,94.58000183105469,218.26394653320312
2021-01-15,88.20999908447266,209.51528930664062
2021-01-22,92.79000091552734,221.9304656982422
2021-01-29,85.63999938964844,221.7240753173828
2021-02-05,87.9000015258789,234.82736206054688
2021-02-12,93.7699966430664,236.28221130371094
2021-02-19,89.58000183105469,242.36692810058594
2021-02-26,84.51000213623047,212.81814575195312
2021-03-05,78.5199966430664,207.17575073242188
2021-03-12,81.05000305175781,208.60108947753906
2021-03-19,79.05999755859375,208.59127807617188
2021-03-26,77.41000366210938,205.53414916992188
2021-04-01,81.08999633789062,215.00038146972656
2021-04-09,82.76000213623047,227.34677124023438
2021-04-16,82.1500015258789,227.96609497070312
2021-04-23,82.76000213623047,229.53883361816406
2021-04-30,81.62000274658203,226.4031219482422
2021-05-07,78.80999755859375,212.81814575195312
2021-05-14,74.58999633789062,213.9584197998047
2021-05-21,77.16999816894531,218.7947540283203
2021-05-28,80.08000183105469,234.0508270263672
2021-06-04,81.58000183105469,233.4413299560547
2021-06-11,81.30999755859375,236.2232208251953
2021-06-18,84.6500015258789,238.65121459960938
2021-06-25,85.62000274658203,237.75668334960938
2021-07-02,94.69999694824219,243.97901916503906
2021-07-09,90.9000015258789,240.89242553710938
2021-07-16,85.88999938964844,234.37518310546875
2021-07-23,92.1500015258789,244.02818298339844
2021-07-30,106.19000244140625,237.8156280517578
2021-08-06,110.11000061035156,246.32838439941406
2021-08-13,110.55000305175781,247.2819061279297
2021-08-20,104.6500015258789,251.774169921875
2021-08-27,111.4000015258789,261.997314453125
2021-09-03,109.91999816894531,262.5379638671875
2021-09-10,105.19999694824219,252.8259735107422
2021-09-17,103.87999725341797,256.0993347167969
2021-09-24,105.80000305175781,280.7724914550781
2021-10-01,102.44999694824219,270.5788269042969
2021-10-08,105.05999755859375,267.84613037109375
2021-10-15,112.12000274658203,286.699951171875
2021-10-22,119.81999969482422,287.58465576171875
2021-10-29,120.2300033569336,294.59332275390625
2021-11-05,136.33999633789062,302.02484130859375
2021-11-12,147.88999938964844,301.43499755859375
2021-11-19,155.41000366210938,296.04827880859375
2021-11-26,154.80999755859375,279.37664794921875
2021-12-03,144.00999450683594,253.92694091796875
2021-12-10,138.5500030517578,261.5058288574219
2021-12-17,137.75,248.62860107421875
2021-12-23,146.13999938964844,248.8350372314453
2021-12-31,143.89999389648438,249.80819702148438
2022-01-07,132.0,224.42726135253906
2022-01-14,136.8800048828125,227.2976531982422
2022-01-21,118.80999755859375,214.91192626953125
2022-01-28,105.23999786376953,218.3524169921875
2022-02-04,123.5999984741211,215.50169372558594
2022-02-11,113.18000030517578,204.36439514160156
2022-02-18,113.83000183105469,193.49249267578125
2022-02-25,121.05999755859375,204.55116271972656
2022-03-04,108.41000366210938,199.55752563476562
2022-03-11,104.29000091552734,194.5344696044922
2022-03-18,113.45999908447266,215.0790252685547
2022-03-25,119.66999816894531,207.44117736816406
2022-04-01,108.19000244140625,208.64041137695312
2022-04-08,101.0,193.81686401367188
2022-04-14,93.05999755859375,186.18885803222656
2022-04-22,88.13999938964844,168.51461791992188
2022-04-29,85.5199966430664,172.94790649414062
2022-05-06,95.33999633789062,166.8140106201172
2022-05-13,95.12000274658203,164.07150268554688
2022-05-20,93.5,156.9349365234375
2022-05-27,102.26000213623047,162.2922821044922
2022-06-03,106.30000305175781,181.76536560058594
2022-06-10,94.81999969482422,175.4152374267578
2022-06-17,81.56999969482422,160.4835662841797
2022-06-24,87.08000183105469,182.75816345214844
2022-07-01,73.66999816894531,165.3395233154297
2022-07-08,79.3499984741211,172.51539611816406
2022-07-15,81.11000061035156,164.5334930419922
2022-07-22,88.0999984741211,179.3668670654297
2022-07-29,94.47000122070312,180.89053344726562
2022-08-05,102.30999755859375,186.9359130859375
2022-08-12,100.83000183105469,186.66065979003906
2022-08-19,95.94999694824219,180.6447296142578
2022-08-26,91.18000030517578,162.42005920410156
2022-09-02,80.23999786376953,151.0762939453125
2022-09-09,85.44999694824219,159.824951171875
2022-09-16,76.51000213623047,148.93338012695312
2022-09-23,67.95999908447266,144.5098876953125
2022-09-30,63.36000061035156,141.39382934570312
2022-10-07,58.439998626708984,147.73414611816406
2022-10-14,55.939998626708984,139.8013916015625
2022-10-21,58.81999969482422,157.44610595703125
2022-10-28,62.0099983215332,160.24765014648438
2022-11-04,62.189998626708984,137.39303588867188
2022-11-11,72.37000274658203,155.04759216308594
2022-11-18,73.56999969482422,145.52236938476562
2022-11-25,75.13999938964844,150.74209594726562
2022-12-02,74.9800033569336,142.10159301757812
2022-12-09,68.58999633789062,128.88031005859375
2022-12-16,65.41000366210938,126.0886001586914
2022-12-23,64.5199966430664,127.23869323730469
2022-12-30,64.7699966430664,130.3351287841797
2023-01-06,63.959999084472656,138.12046813964844
2023-01-13,71.0,146.96737670898438
2023-01-20,70.06999969482422,148.6778106689453
2023-01-27,75.4000015258789,161.72210693359375
2023-02-03,86.08999633789062,168.13124084472656
2023-02-10,81.4800033569336,164.189453125
2023-02-17,78.5,162.36109924316406
2023-02-24,78.08999633789062,159.44158935546875
2023-03-03,81.5199966430664,183.25950622558594
2023-03-10,82.66999816894531,170.23484802246094
2023-03-17,97.83999633789062,181.70639038085938
2023-03-24,97.94999694824219,186.82778930664062
2023-03-31,98.01000213623047,196.3824920654297
2023-04-06,92.47000122070312,189.27545166015625
2023-04-14,91.75,191.33970642089844
2023-04-21,88.43000030517578,195.64523315429688
2023-04-28,89.37000274658203,194.99647521972656
2023-05-05,89.83999633789062,194.22972106933594
2023-05-12,95.26000213623047,198.3779754638672
2023-05-19,105.81999969482422,206.78256225585938
2023-05-26,127.02999877929688,211.7761993408203
2023-06-02,117.86000061035156,209.4071502685547
2023-06-09,124.91999816894531,211.6483917236328
2023-06-16,120.08000183105469,208.1587371826172
2023-06-23,110.01000213623047,206.5171356201172
2023-06-30,113.91000366210938,207.66726684570312
2023-07-07,113.16999816894531,206.02565002441406
2023-07-14,115.94000244140625,225.42996215820312
2023-07-21,110.94999694824219,224.18154907226562
2023-07-28,112.95999908447266,221.76336669921875
2023-08-04,115.81999969482422,210.9405975341797
2023-08-11,107.56999969482422,205.1508026123047
2023-08-18,105.44999694824219,201.34661865234375
2023-08-25,102.25,205.90768432617188
2023-09-01,109.44999694824219,217.76258850097656
2023-09-08,106.08999633789062,220.9376678466797
2023-09-15,101.48999786376953,210.9602813720703
2023-09-22,96.19999694824219,202.91940307617188
2023-09-29,102.81999969482422,199.33148193359375
2023-10-06,107.23999786376953,203.83358764648438
2023-10-13,105.08999633789062,201.11068725585938
2023-10-20,101.80999755859375,200.2653350830078
2023-10-27,96.43000030517578,193.22708129882812
2023-11-03,112.25,203.9416961669922
2023-11-10,118.58999633789062,209.9969482421875
2023-11-17,120.62000274658203,217.4578857421875
2023-11-24,122.30999755859375,220.5641326904297
2023-12-01,121.38999938964844,255.5784149169922
2023-12-08,128.9199981689453,246.54466247558594
2023-12-15,139.14999389648438,257.1511535644531
2023-12-22,139.60000610351562,261.810546875
2023-12-29,147.41000366210938,258.6650390625
2024-01-05,138.5800018310547,246.84934997558594
2024-01-12,146.55999755859375,267.3054504394531
2024-01-19,174.22999572753906,276.10333251953125
2024-01-26,177.25,275.17926025390625
2024-02-02,177.66000366210938,280.80194091796875
2024-02-09,172.47999572753906,286.3460388183594
2024-02-16,173.8699951171875,284.79296875
2024-02-23,176.52000427246094,287.820556640625
2024-03-01,202.63999938964844,311.4910583496094
2024-03-08,207.38999938964844,300.0883483886719
2024-03-15,191.05999755859375,289.70245361328125
2024-03-22,179.64999389648438,302.93115234375
2024-03-28,180.49000549316406,296.4447326660156
2024-04-05,170.4199981689453,297.1632995605469
2024-04-12,163.27999877929688,289.6926574707031
2024-04-19,146.63999938964844,266.1191711425781
2024-04-26,157.39999389648438,269.9775390625
2024-05-03,150.60000610351562,269.35748291015625
2024-05-10,151.9199981689453,272.32012939453125
2024-05-17,164.47000122070312,281.11956787109375
2024-05-24,166.36000061035156,268.0090026855469
2024-05-31,166.89999389648438,230.7540740966797
2024-06-07,167.8699951171875,238.04759216308594
2024-06-14,159.6300048828125,228.2933807373047
2024-06-21,161.22999572753906,241.20709228515625
2024-06-28,162.2100067138672,253.057861328125
2024-07-05,171.89999389648438,259.05206298828125
2024-07-12,181.61000061035156,250.36614990234375
2024-07-19,151.5800018310547,244.11611938476562
2024-07-26,139.99000549316406,258.9820861816406
2024-08-02,132.5,240.50804138183594
2024-08-09,134.27000427246094,248.94656372070312
2024-08-16,148.55999755859375,259.17926025390625
2024-08-23,154.97999572753906,260.25384521484375
2024-08-30,148.55999755859375,249.3113250732422
2024-09-06,134.35000610351562,240.50804138183594
2024-09-13,152.30999755859375,250.9576416015625
2024-09-20,155.9499969482422,263.427001953125
2024-09-27,164.35000610351562,273.1426086425781
2024-10-04,170.89999389648438,284.1121520996094
2024-10-11,167.88999938964844,284.45770263671875
2024-10-18,155.97000122070312,289.2365417480469
2024-10-25,156.22999572753906,286.7878723144531
2024-11-01,141.86000061035156,290.9940490722656
2024-11-08,147.9499969482422,317.8797607421875
2024-11-15,134.89999389648438,321.1479187011719
2024-11-22,138.35000610351562,337.696044921875
2024-11-29,137.17999267578125,325.818115234375
2024-12-06,138.58999633789062,357.41357421875
2024-12-13,126.91000366210938,349.8306884765625
2024-12-20,119.20999908447266,339.69256591796875
2024-12-27,125.19000244140625,334.5524597167969
2025-01-03,125.37000274658203,329.06634521484375
2025-01-10,116.04000091552734,314.189697265625
2025-01-17,121.45999908447266,320.82244873046875
2025-01-24,122.83999633789062,330.03509521484375
2025-01-31,115.94999694824219,337.7650451660156
2025-02-07,107.55999755859375,322.0777587890625
2025-02-14,113.0999984741211,322.7796325683594
2025-02-21,110.83999633789062,306.23236083984375
2025-02-28,99.86000061035156,294.41998291015625
2025-03-07,100.30999755859375,279.63226318359375
2025-03-14,100.97000122070312,276.1824951171875
2025-03-21,106.44000244140625,277.388427734375
2025-03-28,103.22000122070312,266.8610534667969
2025-04-04,85.76000213623047,237.98744201660156
2025-04-11,93.4000015258789,252.45950317382812
2025-04-17,87.5,244.79661560058594
2025-04-25,96.6500015258789,265.1815185546875
2025-05-02,98.80000305175781,272.3394470214844
2025-05-09,102.83999633789062,272.67608642578125
2025-05-16,117.16999816894531,288.24932861328125
2025-05-23,110.30999755859375,270.40887451171875
2025-05-30,110.7300033569336,262.7262268066406
2025-06-06,116.19000244140625,271.7751159667969
2025-06-13,116.16000366210938,255.8256072998047
2025-06-20,128.24000549316406,258.4425964355469
2025-06-27,143.80999755859375,271.1252746582031
2025-07-03,137.91000366210938,269.86590576171875
2025-07-11,146.4199981689453,255.90408325195312
2025-07-18,156.99000549316406,260.17791748046875
2025-07-25,166.47000122070312,266.8514099121094
2025-08-01,171.6999969482422,248.6356201171875
2025-08-08,172.75999450683594,238.491455078125
2025-08-15,177.50999450683594,240.4052734375
2025-08-22,167.75999450683594,246.2061767578125
2025-08-29,162.6300048828125,254.09934997558594
2025-09-05,151.13999938964844,248.65542602539062
2025-09-12,158.57000732421875,240.7225799560547
2025-09-19,157.38999938964844,245.44288635253906
2025-09-26,159.4600067138672,241.80728149414062
2025-10-03,164.6699981689453,238.75775146484375
2025-10-10,214.89999389648438,240.06893920898438
2025-10-17,233.0800018310547,241.45962524414062
2025-10-24,252.9199981689453,253.1313018798828
2025-10-31,256.1199951171875,258.6741027832031
2025-11-07,233.5399932861328,238.28097534179688
2025-11-14,246.80999755859375,242.0357666015625
2025-11-21,203.77999877929688,225.5960693359375
2025-11-28,217.52999877929688,229.0032196044922
2025-12-05,217.97000122070312,258.83306884765625
2025-12-12,210.77999877929688,260.4819641113281
2025-12-19,213.42999267578125,258.59417724609375
2025-12-26,214.99000549316406,264.73291015625
2026-01-02,223.47000122070312,252.33599853515625
2026-01-09,203.1699981689453,258.6239929199219
2026-01-16,231.8300018310547,225.96022033691406
2026-01-23,259.67999267578125,226.8954620361328
2026-01-30,236.72999572753906,211.21524047851562
2026-02-06,208.44000244140625,190.3812713623047
2026-02-13,207.32000732421875,188.759521484375
2026-02-20,200.14999389648438,184.22259521484375
2026-02-27,200.2100067138672,193.80384826660156
2026-03-06,192.42999267578125,201.0867919921875
2026-03-13,193.38999938964844,191.85377502441406
2026-03-20,201.3300018310547,194.39085388183594
2026-03-27,201.99000549316406,178.4022216796875
2026-04-02,217.5,186.23236083984375
2026-04-10,245.0399932861328,164.53533935546875
2026-04-17,278.3900146484375,181.67111206054688
2026-04-24,347.80999755859375,177.70135498046875
2026-05-01,360.5400085449219,183.3468017578125
2026-05-08,455.19000244140625,181.35194396972656
2026-05-15,424.1000061035156,173.06332397460938
2026-05-22,467.510009765625,179.6064453125
2026-05-29,516.0999755859375,190.60804748535156
2026-06-05,466.3800048828125,185.1820526123047
2026-06-12,511.57000732421875,165.88999938964844
2026-06-18,537.3699951171875,151.77999877929688
2026-06-26,521.5800170898438,158.3699951171875
2026-07-02,517.8200073242188,166.11000061035156
2026-07-10,557.8900146484375,163.32000732421875
2026-07-17,495.760009765625,170.77000427246094
2026-07-24,521.9500122070312,163.66000366210938
2026-07-31,476.1499938964844,184.02000427246094
