date,贵州茅台,恒瑞医药
2005-01-07,7.92406702041626,0.34529969096183777
2005-01-14,8.143106460571289,0.3612968623638153
2005-01-21,8.138808250427246,0.3612968623638153
2005-01-28,8.394353866577148,0.3733699321746826
2005-02-04,8.516758918762207,0.3923856317996979
2005-02-11,8.516758918762207,0.3923856317996979
2005-02-18,8.43086051940918,0.38091573119163513
2005-02-25,9.22970962524414,0.3957056701183319
2005-03-04,9.276956558227539,0.3818213641643524
2005-03-11,9.959840774536133,0.4165326952934265
2005-03-18,10.12304973602295,0.40928852558135986
2005-03-25,10.153111457824707,0.4144197702407837
2005-04-01,10.516030311584473,0.4433957040309906
2005-04-08,10.715741157531738,0.45939284563064575
2005-04-15,10.479521751403809,0.45395997166633606
2005-04-22,10.333497047424316,0.4563753008842468
2005-04-29,11.381449699401855,0.47146669030189514
2005-05-06,11.381449699401855,0.47146669030189514
2005-05-13,10.46234130859375,0.4436981678009033
2005-05-20,10.554686546325684,0.44943270087242126
2005-05-27,9.620546340942383,0.3688426911830902
2005-06-03,9.060063362121582,0.373974084854126
2005-06-10,10.097278594970703,0.38091573119163513
2005-06-17,10.415098190307617,0.36964190006256104
2005-06-24,11.276223182678223,0.3809633255004883
2005-07-01,11.244011878967285,0.3898378610610962
2005-07-08,11.145232200622559,0.3864719867706299
2005-07-15,11.379300117492676,0.3944275975227356
2005-07-22,11.181737899780273,0.4091155230998993
2005-07-29,11.415807723999023,0.4112575054168701
2005-08-05,12.130653381347656,0.440632700920105
2005-08-12,12.2268648147583,0.42686277627944946
2005-08-19,12.245070457458496,0.4262513518333435
2005-08-26,12.590916633605957,0.4580741822719574
2005-09-02,13.14738655090332,0.47031453251838684
2005-09-09,12.949764251708984,0.4807177782058716
2005-09-16,13.254005432128906,0.4960181713104248
2005-09-23,12.720932006835938,0.47888243198394775
2005-09-30,12.86135196685791,0.48530834913253784
2005-10-07,12.86135196685791,0.48530834913253784
2005-10-14,11.842013359069824,0.48316648602485657
2005-10-21,12.039639472961426,0.4804120659828186
2005-10-28,12.36728572845459,0.4706202745437622
2005-11-04,12.286674499511719,0.4403270184993744
2005-11-11,12.060443878173828,0.4580741822719574
2005-11-18,11.779603004455566,0.4525664150714874
2005-11-25,11.8394136428833,0.44614046812057495
2005-12-02,11.576777458190918,0.43971458077430725
2005-12-09,11.150320053100586,0.4164595603942871
2005-12-16,11.303739547729492,0.43053531646728516
2005-12-23,11.462360382080078,0.4467528760433197
2005-12-30,11.862813949584961,0.45134255290031433
2006-01-06,11.761401176452637,0.4375726282596588
2006-01-13,12.346479415893555,0.45195499062538147
2006-01-20,11.956428527832031,0.46052286028862
2006-01-25,12.284074783325195,0.4443051815032959
2006-02-10,13.659659385681152,0.4492005407810211
2006-02-17,15.149663925170898,0.4262513518333435
2006-02-24,16.19240379333496,0.4192129671573639
2006-03-03,16.19240379333496,0.4443051815032959
2006-03-10,16.19240379333496,0.42839330434799194
2006-03-17,16.19240379333496,0.4544026851654053
2006-03-24,16.19240379333496,0.4807177782058716
2006-03-31,16.19240379333496,0.55109703540802
2006-04-07,16.19240379333496,0.5566047430038452
2006-04-14,16.19240379333496,0.5942422151565552
2006-04-21,23.12494659423828,0.6588069796562195
2006-04-28,23.769840240478516,0.6811449527740479
2006-05-12,23.769840240478516,0.6811449527740479
2006-05-19,23.84810447692871,0.8243513703346252
2006-05-26,20.87082862854004,0.8191491961479187
2006-06-02,24.58677101135254,0.8191491961479187
2006-06-09,22.232990264892578,0.8191491961479187
2006-06-16,24.39366340637207,0.8191491961479187
2006-06-23,24.36235237121582,0.9179855585098267
2006-06-30,24.758989334106445,0.9045981764793396
2006-07-07,24.00223731994629,0.9133959412574768
2006-07-14,23.261137008666992,0.8709391951560974
2006-07-21,23.18807029724121,0.8898888230323792
2006-07-28,23.746505737304688,0.9438685774803162
2006-08-04,22.27996253967285,0.8548021912574768
2006-08-11,23.00540542602539,0.8763940334320068
2006-08-18,23.03150177001953,0.8659838438034058
2006-08-25,22.984527587890625,0.9296020865440369
2006-09-01,23.5220890045166,0.9182665944099426
2006-09-08,23.2037296295166,0.9232785701751709
2006-09-15,23.923952102661133,0.9132542014122009
2006-09-22,24.43019676208496,0.9162623286247253
2006-09-29,24.7537784576416,1.0706429481506348
2006-10-13,25.578380584716797,1.0440775156021118
2006-10-20,25.88630485534668,1.0876846313476562
2006-10-27,28.193103790283203,1.0992132425308228
2006-11-03,28.58452796936035,1.0952039957046509
2006-11-10,30.061508178710938,0.9999685287475586
2006-11-17,33.693946838378906,0.9924499988555908
2006-11-24,33.349491119384766,1.0275366306304932
2006-12-01,36.01118469238281,1.203471302986145
2006-12-08,36.03728103637695,1.2180070877075195
2006-12-15,41.29804229736328,1.3884273767471313
2006-12-22,42.18526840209961,1.5047146081924438
2006-12-29,45.83858108520508,1.6169918775558472
2007-01-05,45.024410247802734,1.4656177759170532
2007-01-12,50.60353469848633,1.5593492984771729
2007-01-19,57.06990432739258,2.0951719284057617
2007-01-26,56.82981491088867,1.9493123292922974
2007-02-02,52.71202087402344,1.7944300174713135
2007-02-09,49.147438049316406,1.922245979309082
2007-02-16,52.27885055541992,2.119232177734375
2007-03-02,51.03672409057617,1.7362868785858154
2007-03-09,52.19534683227539,1.7874126434326172
2007-03-16,50.94278335571289,1.778892159461975
2007-03-23,49.57539367675781,1.701701045036316
2007-03-30,49.31966018676758,1.753328800201416
2007-04-06,49.058712005615234,1.9547377824783325
2007-04-13,53.72972869873047,2.0405240058898926
2007-04-20,49.356204986572266,1.9370567798614502
2007-04-27,48.94389724731445,1.99402916431427
2007-05-04,49.7998161315918,1.9966483116149902
2007-05-11,48.01490783691406,2.2906782627105713
2007-05-18,51.3707389831543,2.2972254753112793
2007-05-25,55.52506637573242,2.5729196071624756
2007-06-01,57.63877487182617,2.551309108734131
2007-06-08,55.79646301269531,2.6063168048858643
2007-06-15,65.69692993164062,2.9939911365509033
2007-06-22,63.06133270263672,2.8820104598999023
2007-06-29,62.461143493652344,2.962557554244995
2007-07-06,61.521724700927734,2.778543472290039
2007-07-13,60.12042999267578,2.661979913711548
2007-07-20,62.98232650756836,2.7274656295776367
2007-07-27,62.75125503540039,2.771996021270752
2007-08-03,72.51314544677734,2.836825370788574
2007-08-10,73.4951171875,2.888559103012085
2007-08-17,70.97455596923828,2.8152148723602295
2007-08-24,82.5218505859375,2.984822988510132
2007-08-31,83.981689453125,3.0123257637023926
2007-09-07,75.85813903808594,2.9782745838165283
2007-09-14,77.92184448242188,2.782472610473633
2007-09-21,76.06294250488281,2.641024589538574
2007-09-28,79.01408386230469,2.7379417419433594
2007-10-12,93.89585876464844,2.63905930519104
2007-10-19,94.60477447509766,2.7117486000061035
2007-10-26,102.41846466064453,2.811286449432373
2007-11-02,96.65796661376953,2.68424391746521
2007-11-09,90.06776428222656,2.6685283184051514
2007-11-16,94.51548767089844,2.771996021270752
2007-11-23,91.37006378173828,3.0902531147003174
2007-11-30,91.10224151611328,3.0817408561706543
2007-12-07,101.36824798583984,3.1694915294647217
2007-12-14,113.42487335205078,3.4163706302642822
2007-12-21,110.81507873535156,3.6128275394439697
2007-12-28,120.77650451660156,3.7352852821350098
2008-01-04,113.02580261230469,3.6298534870147705
2008-01-11,113.43539428710938,3.6756930351257324
2008-01-18,112.8840103149414,3.682241439819336
2008-01-25,114.94246673583984,3.945493221282959
2008-02-01,106.3410873413086,3.411787509918213
2008-02-05,109.94861602783203,3.6835525035858154
2008-02-15,105.59016418457031,3.6933743953704834
2008-02-22,105.33808898925781,3.7313554286956787
2008-02-29,102.39747619628906,3.392141103744507
2008-03-07,111.93883514404297,3.4818568229675293
2008-03-14,107.66962432861328,3.0784659385681152
2008-03-21,101.7043228149414,3.1459171772003174
2008-03-28,97.97598266601562,2.888559103012085
2008-04-03,93.47578430175781,2.87611722946167
2008-04-11,92.23646545410156,3.0636982917785645
2008-04-18,89.30109405517578,2.685657262802124
2008-04-25,93.3759994506836,3.0195937156677246
2008-04-30,96.16433715820312,3.056610107421875
2008-05-09,93.33399200439453,3.2283031940460205
2008-05-16,96.06459045410156,3.2826461791992188
2008-05-23,90.31982421875,3.2220027446746826
2008-05-30,88.2928695678711,3.2101891040802
2008-06-06,86.02438354492188,2.9274463653564453
2008-06-13,78.49948120117188,2.89673113822937
2008-06-20,75.99431610107422,2.6352529525756836
2008-06-27,74.06685638427734,2.771505117416382
2008-07-04,74.6054916381836,2.8352997303009033
2008-07-11,76.3111572265625,2.86916446685791
2008-07-18,83.41368103027344,2.966825246810913
2008-07-25,85.28304290771484,3.0321953296661377
2008-08-01,83.98399353027344,3.0495221614837646
2008-08-08,80.54097747802734,3.054248094558716
2008-08-15,80.15023040771484,3.1188299655914307
2008-08-22,76.71249389648438,2.8786163330078125
2008-08-29,73.92428588867188,2.6793572902679443
2008-09-05,69.30896759033203,2.7045607566833496
2008-09-12,70.23310089111328,2.480099678039551
2008-09-19,70.18029022216797,2.84002423286438
2008-09-26,69.6469497680664,2.7659921646118164
2008-10-10,58.82681655883789,2.7077105045318604
2008-10-17,51.69260787963867,2.6352529525756836
2008-10-24,51.898555755615234,2.441507577896118
2008-10-31,48.68790817260742,2.4816741943359375
2008-11-07,45.29770278930664,2.4454455375671387
2008-11-14,52.06226348876953,2.597449779510498
2008-11-21,53.08671951293945,2.60768723487854
2008-11-28,53.75736999511719,2.7140111923217773
2008-12-05,60.96549987792969,2.6935341358184814
2008-12-12,58.6156005859375,2.8746776580810547
2008-12-19,62.11668014526367,3.107015609741211
2008-12-26,58.119197845458984,2.9739139080047607
2008-12-31,57.40102005004883,3.0329830646514893
2009-01-09,56.65645217895508,2.9817893505096436
2009-01-16,53.60422134399414,2.92193341255188
2009-01-23,54.49665832519531,2.8943679332733154
2009-02-06,58.72648239135742,2.9195706844329834
2009-02-13,64.64613342285156,3.107015609741211
2009-02-20,66.05079650878906,3.249568462371826
2009-02-27,62.53913497924805,3.0605485439300537
2009-03-06,62.42824935913086,3.127492666244507
2009-03-13,60.104732513427734,3.1440320014953613
2009-03-20,62.24870300292969,3.110165596008301
2009-03-27,60.18923568725586,3.05503511428833
2009-04-03,61.556922912597656,3.1243412494659424
2009-04-10,63.067195892333984,3.110165596008301
2009-04-17,63.98075485229492,3.166872262954712
2009-04-24,64.48772430419922,3.162933588027954
2009-04-30,61.440757751464844,3.2164571285247803
2009-05-08,62.053314208984375,3.078134059906006
2009-05-15,61.26119613647461,3.196560859680176
2009-05-22,60.42158126831055,3.0174999237060547
2009-05-27,60.60640335083008,3.068659782409668
2009-06-05,66.56831359863281,3.218351364135742
2009-06-12,68.97100830078125,3.2496156692504883
2009-06-19,72.30313110351562,3.3917272090911865
2009-06-26,72.34536743164062,3.329197883605957
2009-07-03,77.66230010986328,3.345304012298584
2009-07-10,80.98870849609375,3.501626968383789
2009-07-17,78.7214126586914,3.420149326324463
2009-07-24,78.23711395263672,3.37277889251709
2009-07-31,79.84442901611328,3.3187758922576904
2009-08-07,87.22105407714844,3.5755255222320557
2009-08-14,83.97449493408203,3.3083548545837402
2009-08-21,83.29857635498047,3.6181583404541016
2009-08-28,84.76752471923828,3.7564802169799805
2009-09-04,82.69183349609375,3.986701250076294
2009-09-11,88.75919342041016,4.013228416442871
2009-09-18,86.6355972290039,3.9885966777801514
2009-09-25,87.54571533203125,4.039755821228027
2009-09-30,87.74263763427734,3.9620680809020996
2009-10-09,89.60543060302734,4.084283828735352
2009-10-16,85.1453857421875,3.9023823738098145
2009-10-23,84.7887954711914,3.9914379119873047
2009-10-30,83.884033203125,4.081442832946777
2009-11-06,85.70955657958984,4.2946085929870605
2009-11-13,89.7171859741211,4.367558002471924
2009-11-20,89.87153625488281,4.535249710083008
2009-11-27,87.92892456054688,4.505880832672119
2009-12-04,90.9572982788086,4.741786479949951
2009-12-11,93.09152221679688,4.661256790161133
2009-12-18,87.9555435180664,4.474617958068848
2009-12-25,90.71246337890625,4.89810848236084
2009-12-31,90.38248443603516,4.973902225494385
2010-01-08,86.22049713134766,4.6707305908203125
2010-01-15,90.40911102294922,4.7294697761535645
2010-01-22,87.35413360595703,4.532408237457275
2010-01-29,89.70124816894531,4.5267229080200195
2010-02-05,91.1435546875,4.430089473724365
2010-02-12,92.12286376953125,4.594937801361084
2010-02-26,88.79646301269531,4.657466411590576
2010-03-05,87.5031509399414,4.49072265625
2010-03-12,86.17789459228516,4.361874580383301
2010-03-19,84.49608612060547,4.489201545715332
2010-03-26,84.97506713867188,4.357032299041748
2010-04-02,81.23353576660156,4.669225215911865
2010-04-09,79.37606811523438,4.737588882446289
2010-04-16,78.7586898803711,5.159162998199463
2010-04-23,76.5499496459961,5.341467380523682
2010-04-30,68.6729965209961,4.87431526184082
2010-05-07,69.19461059570312,5.083962917327881
2010-05-14,71.82379150390625,5.074848175048828
2010-05-21,71.4299545288086,4.944957733154297
2010-05-28,70.22179412841797,5.320955753326416
2010-06-04,73.51094818115234,5.3460235595703125
2010-06-11,73.82495880126953,5.583016395568848
2010-06-18,70.39209747314453,4.946097373962402
2010-06-25,69.4660415649414,4.5883283615112305
2010-07-02,67.95452880859375,4.259045124053955
2010-07-09,70.4068832397461,4.443624019622803
2010-07-16,71.88420867919922,4.363867282867432
2010-07-23,75.59097290039062,4.677201271057129
2010-07-30,74.49507141113281,4.759236812591553
2010-08-06,79.61466979980469,4.825322151184082
2010-08-13,80.79117584228516,5.091939449310303
2010-08-20,79.98535919189453,4.715939521789551
2010-08-27,81.15109252929688,4.902799606323242
2010-09-03,87.36127471923828,5.014461040496826
2010-09-10,91.05191802978516,5.407551288604736
2010-09-17,86.9261245727539,5.485029697418213
2010-09-21,89.22000885009766,5.692398548126221
2010-09-30,90.64363861083984,5.559089183807373
2010-10-08,93.22224426269531,5.698095321655273
2010-10-15,85.94303131103516,5.03952693939209
2010-10-22,90.31055450439453,5.324375629425049
2010-10-29,87.66746520996094,5.3870415687561035
2010-11-05,88.09187316894531,5.698095321655273
2010-11-12,95.37107849121094,6.159548282623291
2010-11-19,94.09789276123047,6.903571605682373
2010-11-26,111.33161163330078,6.944589138031006
2010-12-03,107.32939910888672,6.379451751708984
2010-12-10,106.21736907958984,6.6597418785095215
2010-12-17,109.81668090820312,6.3236212730407715
2010-12-24,101.3824691772461,6.263233184814453
2010-12-31,98.80389404296875,6.786214828491211
2011-01-07,96.54756927490234,6.380590438842773
2011-01-14,96.80005645751953,5.78240966796875
2011-01-21,94.49004364013672,5.414387226104736
2011-01-28,93.12016296386719,5.627453804016113
2011-02-01,96.84840393066406,5.629732131958008
2011-02-11,99.34644317626953,5.736834526062012
2011-02-18,97.76167297363281,5.870142936706543
2011-02-25,96.49384307861328,6.053584575653076
2011-03-04,94.51155853271484,5.624034881591797
2011-03-11,96.71944427490234,5.520351409912109
2011-03-18,102.68791198730469,5.3870415687561035
2011-03-25,98.5406265258789,5.441732406616211
2011-04-01,96.40788269042969,5.242338180541992
2011-04-08,94.36649322509766,5.259430885314941
2011-04-15,92.60443878173828,5.384762287139893
2011-04-22,94.6297378540039,5.527186870574951
2011-04-29,97.93894958496094,5.274796485900879
2011-05-06,99.81922149658203,5.631016731262207
2011-05-13,100.81300354003906,5.545387268066406
2011-05-20,107.88809204101562,5.62587833404541
2011-05-27,104.07926940917969,5.206293106079102
2011-06-03,113.67922973632812,5.3878278732299805
2011-06-10,108.81747436523438,5.199443340301514
2011-06-17,112.07837677001953,4.97509241104126
2011-06-24,110.90185546875,5.038458824157715
2011-07-01,114.4786376953125,5.122375965118408
2011-07-08,115.94226837158203,5.343300819396973
2011-07-15,116.58148193359375,5.807413101196289
2011-07-22,123.23048400878906,5.6875319480896
2011-07-29,123.47543334960938,5.5659379959106445
2011-08-05,121.34869384765625,5.403241157531738
2011-08-12,129.4971466064453,5.660130500793457
2011-08-19,125.3930435180664,5.368988990783691
2011-08-26,127.17326354980469,5.375839710235596
2011-09-02,126.56394958496094,5.163476943969727
2011-09-09,123.70836639404297,5.180603504180908
2011-09-16,121.22321319580078,5.137789249420166
2011-09-23,115.92434692382812,4.9956440925598145
2011-09-30,113.85736083984375,4.976803779602051
2011-10-14,114.36515045166016,4.985367298126221
2011-10-21,116.12742614746094,4.750742435455322
2011-10-28,122.47177124023438,5.0555830001831055
2011-11-04,124.1146240234375,5.228555679321289
2011-11-11,121.85050201416016,5.278222560882568
2011-11-18,119.81935119628906,5.151489734649658
2011-11-25,125.4408187866211,5.334737300872803
2011-12-02,127.86024475097656,5.437492370605469
2011-12-09,119.37129211425781,5.406666278839111
2011-12-16,120.5422134399414,5.050446033477783
2011-12-23,119.93284606933594,5.166903495788574
2011-12-30,115.47628784179688,5.0418829917907715
2012-01-06,111.4976577758789,4.546943187713623
2012-01-13,112.7223129272461,4.589758396148682
2012-01-20,111.09737396240234,4.569207668304443
2012-02-03,111.40206909179688,4.519540786743164
2012-02-10,113.8095474243164,4.560643196105957
2012-02-17,114.36515045166016,4.692513465881348
2012-02-24,118.3318099975586,4.726767063140869
2012-03-02,120.0164794921875,4.557218551635742
2012-03-09,119.43699645996094,4.591470718383789
2012-03-16,124.0130615234375,4.853497505187988
2012-03-23,126.65951538085938,4.702789783477783
2012-03-30,117.6627426147461,4.49213981628418
2012-04-06,124.24008178710938,4.49213981628418
2012-04-13,127.26285552978516,4.586331844329834
2012-04-20,126.94628143310547,4.666825294494629
2012-04-27,134.15084838867188,4.618872165679932
2012-05-04,139.79022216796875,4.807257175445557
2012-05-11,136.02069091796875,4.848361015319824
2012-05-18,130.1841278076172,4.778143405914307
2012-05-25,130.57839965820312,4.730190753936768
2012-06-01,143.5956268310547,5.0858259201049805
2012-06-08,142.7652587890625,5.099055290222168
2012-06-15,145.39378356933594,5.391996383666992
2012-06-21,143.2431640625,5.229461669921875
2012-06-29,142.86680603027344,5.426015377044678
2012-07-06,157.75425720214844,5.467594146728516
2012-07-13,159.39854431152344,5.664148330688477
2012-07-20,147.4937744140625,5.747304439544678
2012-07-27,151.35888671875,5.41278600692749
2012-08-03,149.84805297851562,5.54508113861084
2012-08-10,150.60647583007812,5.788882732391357
2012-08-17,139.32662963867188,5.437355041503906
2012-08-24,140.6979217529297,5.717065811157227
2012-08-31,133.34385681152344,5.675487518310547
2012-09-07,146.595703125,5.9457478523254395
2012-09-14,148.5131378173828,5.91172981262207
2012-09-21,139.91517639160156,5.607449531555176
2012-09-28,149.14413452148438,5.728405952453613
2012-10-12,147.7546844482422,5.769984245300293
2012-10-19,153.5128936767578,5.752974987030029
2012-10-26,146.28627014160156,5.630128860473633
2012-11-02,150.69752502441406,5.6698174476623535
2012-11-09,142.4757537841797,5.565871715545654
2012-11-16,136.15927124023438,5.475153923034668
2012-11-23,134.84259033203125,5.439245700836182
2012-11-30,131.06846618652344,5.265371322631836
2012-12-07,120.6198959350586,5.374987602233887
2012-12-14,126.15971374511719,5.456254959106445
2012-12-21,131.42649841308594,5.254030227661133
2012-12-28,128.81735229492188,5.666038513183594
2013-01-04,125.5650863647461,5.382547378540039
2013-01-11,128.18630981445312,5.552641868591309
2013-01-18,123.63554382324219,5.974098205566406
2013-01-25,114.7099380493164,6.181991100311279
2013-02-01,108.59976959228516,6.01189661026001
2013-02-08,113.9878921508789,6.195220947265625
2013-02-22,112.6104965209961,6.325627326965332
2013-03-01,105.46883392333984,6.39933443069458
2013-03-08,111.72463989257812,6.304836750030518
2013-03-15,107.38014221191406,6.234909534454346
2013-03-22,102.57455444335938,6.331295490264893
2013-03-29,102.45925903320312,6.352086067199707
2013-04-03,99.4193344116211,5.8380208015441895
2013-04-12,104.50406646728516,5.752974987030029
2013-04-19,108.75145721435547,5.752974987030029
2013-04-26,105.57197570800781,5.760533809661865
2013-05-03,104.6375503540039,5.864482879638672
2013-05-10,119.60052490234375,6.042134761810303
2013-05-17,118.87239074707031,6.134743690490723
2013-05-24,121.91839599609375,5.6452484130859375
2013-05-31,119.59442901611328,5.923069477081299
2013-06-07,122.99995422363281,5.823764324188232
2013-06-14,121.59609985351562,5.980093479156494
2013-06-21,119.80995178222656,5.688279151916504
2013-06-28,120.56202697753906,5.494431495666504
2013-07-05,123.5389404296875,5.907139778137207
2013-07-12,118.3309097290039,6.1593499183654785
2013-07-19,110.30889892578125,6.782580375671387
2013-07-26,109.65708923339844,7.232807159423828
2013-08-02,110.3214111328125,7.0639729499816895
2013-08-09,108.31592559814453,7.539211750030518
2013-08-16,109.29988861083984,6.592901706695557
2013-08-23,108.41619873046875,7.068141460418701
2013-08-30,105.77769470214844,6.672108173370361
2013-09-06,94.18339538574219,6.8867998123168945
2013-09-13,95.27387237548828,6.778411865234375
2013-09-18,88.93148040771484,6.7763285636901855
2013-09-27,84.01799774169922,7.455836296081543
2013-09-30,85.19625091552734,7.580899238586426
2013-10-11,86.18645477294922,7.270325660705566
2013-10-18,89.60833740234375,6.813845634460449
2013-10-25,85.69133758544922,6.674192428588867
2013-11-01,84.71991729736328,6.728386402130127
2013-11-08,85.32157897949219,6.311511039733887
2013-11-15,89.8966293334961,6.649180889129639
2013-11-22,86.7818374633789,6.963922023773193
2013-11-29,88.6431884765625,7.061888217926025
2013-12-06,86.95730590820312,7.0577192306518555
2013-12-13,85.4845199584961,7.503776550292969
2013-12-20,79.37401580810547,7.687201976776123
2013-12-27,79.09198760986328,7.797674655914307
2014-01-03,77.70065307617188,8.087404251098633
2014-01-10,74.74881744384766,7.866458415985107
2014-01-17,75.39435577392578,7.741396903991699
2014-01-24,84.92047882080078,7.610081195831299
2014-01-30,82.85230255126953,7.810181617736816
2014-02-07,83.91146087646484,7.724721431732178
2014-02-14,89.55819702148438,7.956087589263916
2014-02-21,93.43132781982422,7.730975151062012
2014-02-28,94.02044677734375,7.526704788208008
2014-03-07,103.71582794189453,7.130671977996826
2014-03-14,102.70050811767578,7.305760383605957
2014-03-21,107.4197006225586,7.172359943389893
2014-03-28,95.66244506835938,6.8888840675354
2014-04-04,102.81958770751953,6.945162296295166
2014-04-11,110.3527603149414,7.222383975982666
2014-04-18,109.87016296386719,7.151516437530518
2014-04-25,103.21442413330078,6.807592868804932
2014-04-30,102.70677185058594,6.951416492462158
2014-05-09,100.6636734008789,7.101491451263428
2014-05-16,97.24178314208984,7.103444576263428
2014-05-23,95.44937133789062,7.34252405166626
2014-05-30,96.02595520019531,7.445972919464111
2014-06-06,96.25782012939453,7.558615684509277
2014-06-13,95.76899719238281,7.6689605712890625
2014-06-20,96.00086212158203,7.572409152984619
2014-06-27,99.43574523925781,7.498846054077148
2014-07-04,101.51824188232422,7.549420356750488
2014-07-11,100.49117279052734,7.337926864624023
2014-07-18,114.02741241455078,7.301145076751709
2014-07-25,116.08158874511719,7.422983169555664
2014-08-01,115.44406127929688,7.72873067855835
2014-08-08,114.84906768798828,7.609189987182617
2014-08-15,114.4240951538086,7.845972061157227
2014-08-22,112.816162109375,7.917235374450684
2014-08-29,112.07949829101562,7.7816057205200195
2014-09-05,118.65281677246094,7.910337924957275
2014-09-12,115.06864929199219,7.795397758483887
2014-09-19,113.93531036376953,8.524130821228027
2014-09-26,114.9695053100586,8.673556327819824
2014-09-30,114.84197998046875,8.521832466125488
2014-10-10,112.63906860351562,8.901142120361328
2014-10-17,112.18572235107422,8.79769515991211
2014-10-24,112.5399169921875,8.742525100708008
2014-10-31,110.9815673828125,8.954017639160156
2014-11-07,104.8615951538086,8.760913848876953
2014-11-14,111.41365814208984,8.777007102966309
2014-11-21,108.46698760986328,8.560914993286133
2014-11-28,110.3865737915039,8.199995040893555
2014-12-05,121.06825256347656,8.61148738861084
2014-12-12,125.0844497680664,8.655167579650879
2014-12-19,128.0807342529297,8.595396041870117
2014-12-26,132.8619842529297,8.457465171813965
2014-12-31,134.31407165527344,8.616086959838867
2015-01-09,134.80279541015625,9.00918960571289
2015-01-16,131.82778930664062,8.944822311401367
2015-01-23,128.222412109375,9.622982025146484
2015-01-30,125.50239562988281,9.35861587524414
2015-02-06,123.67488861083984,9.241374015808105
2015-02-13,129.26364135742188,9.324131965637207
2015-02-17,129.07241821289062,9.508039474487305
2015-02-27,135.32696533203125,9.278154373168945
2015-03-06,130.06405639648438,9.73102855682373
2015-03-13,134.51947021484375,9.850569725036621
2015-03-20,136.81448364257812,10.135626792907715
2015-03-27,137.80613708496094,10.225281715393066
2015-04-03,139.406982421875,11.209190368652344
2015-04-10,141.8223876953125,11.767807006835938
2015-04-17,164.72984313964844,12.526430130004883
2015-04-24,183.09693908691406,13.094247817993164
2015-04-30,178.66278076171875,13.10573959350586
2015-05-08,180.0369415283203,13.034476280212402
2015-05-15,173.6619110107422,12.887349128723145
2015-05-22,195.4006805419922,13.758612632751465
2015-05-29,186.8794403076172,14.425278663635254
2015-06-05,179.8031768798828,14.016084671020508
2015-06-12,188.41650390625,14.360910415649414
2015-06-19,166.6777801513672,12.538915634155273
2015-06-26,171.7352752685547,11.98814868927002
2015-07-03,176.94859313964844,12.467076301574707
2015-07-10,188.12606811523438,13.571602821350098
2015-07-17,181.02293395996094,13.867938041687012
2015-07-24,173.822998046875,13.344112396240234
2015-07-31,164.06173706054688,13.451871871948242
2015-08-07,164.08554077148438,13.999645233154297
2015-08-14,166.50401306152344,14.026582717895508
2015-08-21,147.750732421875,13.077709197998047
2015-08-28,152.7621612548828,13.305197715759277
2015-09-02,154.3163604736328,12.544902801513672
2015-09-11,152.96836853027344,13.652420997619629
2015-09-18,158.1383819580078,13.604528427124023
2015-09-25,153.4044647216797,13.802085876464844
2015-09-30,150.90667724609375,13.826034545898438
2015-10-09,156.17185974121094,14.427684783935547
2015-10-16,159.1771697998047,14.083454132080078
2015-10-23,167.29698181152344,14.661162376403809
2015-10-30,169.58067321777344,15.729768753051758
2015-11-06,173.19651794433594,15.409486770629883
2015-11-13,170.5718536376953,15.092198371887207
2015-11-20,169.46966552734375,15.25084114074707
2015-11-27,164.7278289794922,14.795860290527344
2015-12-04,170.73046875,15.313700675964355
2015-12-11,167.63795471191406,14.855727195739746
2015-12-18,171.9754180908203,14.888652801513672
2015-12-25,178.01766967773438,14.774908065795898
2015-12-31,173.01419067382812,14.703067779541016
2016-01-08,162.26171875,14.263052940368652
2016-01-15,157.7974395751953,12.877159118652344
2016-01-22,160.7630615234375,12.966958045959473
2016-01-29,159.10577392578125,13.170500755310059
2016-02-05,161.65908813476562,13.54765510559082
2016-02-19,161.05641174316406,13.6284761428833
2016-02-26,171.94371032714844,13.769160270690918
2016-03-04,189.3410186767578,14.209175109863281
2016-03-11,180.83267211914062,13.939779281616211
2016-03-18,179.20712280273438,14.263052940368652
2016-03-25,194.25733947753906,14.182233810424805
2016-04-01,194.3445587158203,14.233121871948242
2016-04-08,198.12692260742188,14.170262336730957
2016-04-15,194.19390869140625,14.260062217712402
2016-04-22,196.17626953125,14.026582717895508
2016-04-29,199.18948364257812,13.972704887390137
2016-05-06,199.99832153320312,14.044543266296387
2016-05-13,198.99916076660156,14.014610290527344
2016-05-20,199.23707580566406,13.912837982177734
2016-05-27,200.1727752685547,13.424930572509766
2016-06-03,225.11109924316406,13.981684684753418
2016-06-08,217.4909210205078,13.97569751739502
2016-06-17,220.6467742919922,14.16140365600586
2016-06-24,217.08641052246094,14.175801277160645
2016-07-01,231.819580078125,14.506978988647461
2016-07-08,251.05072021484375,14.600573539733887
2016-07-15,257.2154541015625,15.55090618133545
2016-07-22,249.43870544433594,15.162134170532227
2016-07-29,253.6754150390625,15.72369384765625
2016-08-05,247.82666015625,15.78488826751709
2016-08-12,256.7698669433594,16.116064071655273
2016-08-19,248.272216796875,16.004474639892578
2016-08-26,244.19752502441406,15.892878532409668
2016-09-02,247.70510864257812,16.026071548461914
2016-09-09,246.77354431152344,15.55090618133545
2016-09-14,242.67457580566406,15.363718032836914
2016-09-23,241.14353942871094,16.011674880981445
2016-09-30,241.3297882080078,15.856882095336914
2016-10-14,247.5593719482422,16.5300350189209
2016-10-21,246.41714477539062,16.774816513061523
2016-10-28,256.83465576171875,16.638029098510742
2016-11-04,255.02821350097656,16.468843460083008
2016-11-11,255.2388153076172,16.432842254638672
2016-11-18,251.12368774414062,16.389646530151367
2016-11-25,256.705078125,16.778419494628906
2016-12-02,260.6582336425781,16.933208465576172
2016-12-09,273.6680603027344,16.886411666870117
2016-12-16,265.36480712890625,16.771221160888672
2016-12-23,259.24871826171875,16.317651748657227
2016-12-30,270.6869812011719,16.378847122192383
2017-01-06,284.14239501953125,16.55523681640625
2017-01-13,279.3710021972656,16.43644142150879
2017-01-20,287.5689392089844,16.918807983398438
2017-01-26,279.00653076171875,17.217586517333984
2017-02-03,280.9749450683594,17.599163055419922
2017-02-10,279.5411376953125,17.21038818359375
2017-02-17,283.9803466796875,17.667556762695312
2017-02-24,293.7498779296875,18.488296508789062
2017-03-03,288.8245849609375,17.926734924316406
2017-03-10,299.606689453125,18.459501266479492
2017-03-17,306.5976867675781,18.70428466796875
2017-03-24,313.353759765625,19.251445770263672
2017-03-31,312.9810485839844,19.557424545288086
2017-04-07,318.2546691894531,19.737411499023438
2017-04-14,320.3446960449219,19.438634872436523
2017-04-21,324.45989990234375,20.259376525878906
2017-04-28,334.9503479003906,19.30544090270996
2017-05-05,337.1456298828125,19.669017791748047
2017-05-12,334.9422302246094,20.144180297851562
2017-05-19,357.09783935546875,21.141313552856445
2017-05-26,366.08966064453125,21.19890785217285
2017-06-02,362.355224609375,21.6827449798584
2017-06-09,377.2849426269531,22.14168357849121
2017-06-16,374.765625,22.2369327545166
2017-06-23,382.9473571777344,21.70439338684082
2017-06-30,382.2344970703125,21.903549194335938
2017-07-07,366.728271484375,21.137210845947266
2017-07-14,375.313232421875,21.08958625793457
2017-07-21,389.1199035644531,21.6091365814209
2017-07-28,397.9351806640625,22.033443450927734
2017-08-04,389.4817199707031,21.70439338684082
2017-08-11,398.05029296875,23.007606506347656
2017-08-18,402.64703369140625,23.254396438598633
2017-08-25,405.3935241699219,23.678693771362305
2017-09-01,407.1944274902344,24.107328414916992
2017-09-08,390.0820007324219,25.730939865112305
2017-09-15,402.8032531738281,25.21138572692871
2017-09-22,411.1004333496094,25.17241668701172
2017-09-29,425.66363525390625,25.94742202758789
2017-10-13,457.33111572265625,27.237646102905273
2017-10-20,472.2807922363281,28.133880615234375
2017-10-27,534.2011108398438,28.523544311523438
2017-11-03,525.5997314453125,31.151622772216797
2017-11-10,557.4891357421875,30.965452194213867
2017-11-17,567.6036376953125,29.320194244384766
2017-11-24,518.0918579101562,28.24645233154297
2017-12-01,511.768310546875,28.614465713500977
2017-12-08,515.822509765625,28.328710556030273
2017-12-15,537.6220092773438,29.246591567993164
2017-12-22,561.5759887695312,30.83989143371582
2017-12-29,573.5571899414062,29.865726470947266
2018-01-05,607.1651611328125,30.445898056030273
2018-01-12,648.330322265625,32.30330276489258
2018-01-19,616.8850708007812,32.195064544677734
2018-01-26,639.1204833984375,33.40302658081055
2018-02-02,608.8427734375,32.160423278808594
2018-02-09,561.9954223632812,29.250919342041016
2018-02-14,590.79296875,31.142967224121094
2018-02-23,610.5531616210938,31.727462768554688
2018-03-02,605.5617065429688,31.939613342285156
2018-03-09,598.810546875,34.372859954833984
2018-03-16,608.3904418945312,35.481239318847656
2018-03-23,584.716064453125,36.63725280761719
2018-03-30,562.151611328125,37.67203140258789
2018-04-04,570.695556640625,36.41644287109375
2018-04-13,564.8159790039062,35.10456848144531
2018-04-20,551.16552734375,36.381813049316406
2018-04-27,544.8090209960938,36.143680572509766
2018-05-04,545.0885620117188,35.69339370727539
2018-05-11,590.4393920898438,38.74144744873047
2018-05-18,607.9546508789062,39.94508743286133
2018-05-25,589.4853515625,42.15752410888672
2018-06-01,612.7158813476562,41.65658187866211
2018-06-08,639.7208251953125,45.67533493041992
2018-06-15,644.9452514648438,42.74851608276367
2018-06-22,639.2741088867188,44.44832229614258
2018-06-29,610.0263671875,42.641571044921875
2018-07-06,595.5651245117188,39.38829803466797
2018-07-13,622.9781494140625,42.20817947387695
2018-07-20,618.0908813476562,41.515872955322266
2018-07-27,615.947509765625,39.624698638916016
2018-08-03,566.2671508789062,37.42394256591797
2018-08-10,573.097412109375,39.416439056396484
2018-08-17,529.46337890625,36.51776123046875
2018-08-24,550.6799926757812,38.25696563720703
2018-08-31,549.7542114257812,37.232582092285156
2018-09-07,542.8988647460938,36.93425750732422
2018-09-14,536.1686401367188,32.71851348876953
2018-09-21,583.7975463867188,34.232582092285156
2018-09-28,608.8087768554688,35.74102783203125
2018-10-12,557.1017456054688,32.251346588134766
2018-10-19,558.7695922851562,31.85735321044922
2018-10-26,508.81396484375,32.53277587890625
2018-11-02,500.30743408203125,38.0487060546875
2018-11-09,468.6992492675781,36.286991119384766
2018-11-16,467.0314025878906,35.07123947143555
2018-11-23,464.4459533691406,35.2513427734375
2018-11-30,471.2012634277344,36.83858108520508
2018-12-07,489.54888916015625,32.85922622680664
2018-12-14,494.5195007324219,33.15190505981445
2018-12-21,473.21112060546875,28.19319725036621
2018-12-28,492.0592346191406,29.690380096435547
2019-01-04,502.0587158203125,30.5909366607666
2019-01-11,530.3140869140625,31.491504669189453
2019-01-18,570.1202392578125,33.30387878417969
2019-01-25,566.8591918945312,33.20256423950195
2019-02-01,577.6760864257812,34.232582092285156
2019-02-15,604.455322265625,36.1856803894043
2019-02-22,605.4810791015625,37.31700134277344
2019-03-01,658.2639770507812,40.52524948120117
2019-03-08,615.0635986328125,39.208187103271484
2019-03-15,648.2561645507812,40.255088806152344
2019-03-22,662.1837768554688,41.16127395629883
2019-03-29,712.2144165039062,44.31715393066406
2019-04-04,721.3966064453125,44.80489730834961
2019-04-12,762.2617797851562,43.77520751953125
2019-04-19,794.4203491210938,43.6600456237793
2019-04-26,788.115234375,42.223907470703125
2019-05-10,756.5240478515625,43.43650436401367
2019-05-17,756.2488403320312,42.51520538330078
2019-05-24,732.6554565429688,40.692928314208984
2019-05-31,742.2461547851562,42.108741760253906
2019-06-06,719.0031127929688,39.27711486816406
2019-06-14,761.4278564453125,41.51261520385742
2019-06-21,814.2190551757812,44.64231872558594
2019-06-28,832.793212890625,44.710060119628906
2019-07-05,846.18212890625,45.658447265625
2019-07-12,834.5619506835938,45.01490020751953
2019-07-19,808.985595703125,44.72360610961914
2019-07-26,816.7380981445312,45.26554870605469
2019-08-02,807.7839965820312,44.73715591430664
2019-08-09,814.1991577148438,45.30619430541992
2019-08-16,892.5443725585938,46.82362365722656
2019-08-23,956.4426879882812,51.89076614379883
2019-08-30,966.513916015625,54.22788619995117
2019-09-06,966.9286499023438,54.268531799316406
2019-09-12,930.1216430664062,53.24561309814453
2019-09-20,979.564453125,55.21015167236328
2019-09-27,994.2313232421875,54.90530776977539
2019-09-30,973.2848510742188,54.654659271240234
2019-10-11,994.1045532226562,56.490482330322266
2019-10-18,995.1117553710938,57.08661651611328
2019-10-25,991.3539428710938,59.30179214477539
2019-11-01,1002.9064331054688,62.66183090209961
2019-11-08,1019.8330688476562,61.848915100097656
2019-11-15,1036.6751708984375,62.797306060791016
2019-11-22,1010.5234375,60.277286529541016
2019-11-29,955.51171875,58.190826416015625
2019-12-06,990.2113037109375,59.00372314453125
2019-12-13,984.287109375,58.83437728881836
2019-12-20,970.1533813476562,57.513397216796875
2019-12-27,984.287109375,57.161128997802734
2020-01-03,912.82275390625,58.22469711303711
2020-01-10,941.547119140625,59.27470016479492
2020-01-17,937.3154907226562,61.41536331176758
2020-01-23,891.0208740234375,59.60663604736328
2020-02-07,910.6559448242188,60.73116683959961
2020-02-14,920.8118896484375,62.018272399902344
2020-02-21,941.8685913085938,61.1037483215332
2020-02-28,894.5755615234375,56.96467971801758
2020-03-06,977.9395141601562,62.49246597290039
2020-03-13,941.1494140625,57.37791061401367
2020-03-20,876.1930541992188,54.302398681640625
2020-03-27,910.2328491210938,61.571170806884766
2020-04-03,964.6436157226562,63.495059967041016
2020-04-10,985.9797973632812,65.17506408691406
2020-04-17,1037.6060791015625,65.43927764892578
2020-04-24,1058.39208984375,64.54505920410156
2020-04-30,1071.20556640625,63.00054168701172
2020-05-08,1112.599609375,65.7441177368164
2020-05-15,1111.2371826171875,64.2402114868164
2020-05-22,1124.101318359375,64.95153045654297
2020-05-29,1156.6007080078125,64.12986755371094
2020-06-05,1206.0267333984375,67.06339263916016
2020-06-12,1198.722900390625,69.94800567626953
2020-06-19,1218.5863037109375,75.76612854003906
2020-06-24,1250.0906982421875,75.74169158935547
2020-07-03,1320.1124267578125,74.86979675292969
2020-07-10,1467.433837890625,80.95682525634766
2020-07-17,1411.0947265625,78.49594116210938
2020-07-24,1365.9288330078125,77.24104309082031
2020-07-31,1436.892578125,76.90694427490234
2020-08-07,1396.4959716796875,74.315673828125
2020-08-14,1422.1826171875,72.93040466308594
2020-08-21,1435.0260009765625,74.8045883178711
2020-08-28,1504.3798828125,77.7299575805664
2020-09-04,1515.5107421875,76.1980209350586
2020-09-11,1483.8304443359375,74.812744140625
2020-09-18,1451.294189453125,72.50668334960938
2020-09-25,1400.0150146484375,72.07479095458984
2020-09-30,1428.604248046875,73.191162109375
2020-10-09,1452.150146484375,74.92683410644531
2020-10-16,1465.849853515625,75.86392974853516
2020-10-23,1468.7010498046875,71.8303451538086
2020-10-30,1429.9056396484375,72.3926010131836
2020-11-06,1456.1060791015625,72.433349609375
2020-11-13,1459.8564453125,69.67095184326172
2020-11-20,1472.6654052734375,70.81991577148438
2020-11-27,1488.0260009765625,70.85250854492188
2020-12-04,1535.2977294921875,74.41345977783203
2020-12-11,1558.3214111328125,72.93040466308594
2020-12-18,1579.7271728515625,86.0986328125
2020-12-25,1566.8836669921875,93.71760559082031
2020-12-31,1710.7288818359375,90.82483673095703
2021-01-08,1789.5010986328125,92.25899505615234
2021-01-15,1782.6513671875,89.49661254882812
2021-01-22,1780.896240234375,91.75379180908203
2021-01-29,1811.9168701171875,84.55038452148438
2021-02-05,1980.4383544921875,87.43500518798828
2021-02-10,2227.02978515625,88.9832534790039
2021-02-19,2106.302978515625,85.69119262695312
2021-02-26,1817.5682373046875,82.95326232910156
2021-03-05,1763.908935546875,81.73095703125
2021-03-12,1734.703125,75.12239074707031
2021-03-19,1721.003662109375,71.74885559082031
2021-03-26,1723.572265625,74.33197021484375
2021-04-02,1851.1490478515625,75.52166748046875
2021-04-09,1729.5657958984375,74.315673828125
2021-04-16,1759.516357421875,65.69441223144531
2021-04-23,1805.7178955078125,67.6337890625
2021-04-30,1718.24658203125,68.53013610839844
2021-05-07,1629.387939453125,65.18103790283203
2021-05-14,1720.8751220703125,68.31013488769531
2021-05-21,1748.4881591796875,66.95745849609375
2021-05-28,1909.3720703125,69.95616149902344
2021-06-04,1927.781005859375,67.34858703613281
2021-06-11,1865.542236328125,71.51302337646484
2021-06-18,1790.3060302734375,70.0231704711914
2021-06-25,1808.0814208984375,66.710205078125
2021-07-02,1739.802978515625,65.58301544189453
2021-07-09,1704.4625244140625,60.868404388427734
2021-07-16,1690.452392578125,58.90806579589844
2021-07-23,1642.1390380859375,60.270503997802734
2021-07-30,1451.1236572265625,53.301509857177734
2021-08-06,1444.2181396484375,53.71318054199219
2021-08-13,1469.31689453125,55.40886688232422
2021-08-20,1337.9110107421875,47.49891662597656
2021-08-27,1379.422607421875,45.136714935302734
2021-09-03,1433.1724853515625,45.18571853637695
2021-09-10,1436.940673828125,46.50894546508789
2021-09-17,1457.18212890625,46.01886749267578
2021-09-24,1464.0963134765625,48.812339782714844
2021-09-30,1581.6390380859375,49.23381423950195
2021-10-08,1589.9361572265625,53.11528015136719
2021-10-15,1656.8057861328125,49.05738067626953
2021-10-22,1643.0032958984375,50.282588958740234
2021-10-29,1578.2510986328125,48.263450622558594
2021-11-05,1572.9444580078125,50.7824821472168
2021-11-12,1533.0491943359375,51.50779724121094
2021-11-19,1580.264892578125,50.95890808105469
2021-11-26,1677.583251953125,51.311767578125
2021-12-03,1704.2635498046875,48.2242431640625
2021-12-10,1806.352783203125,50.243385314941406
2021-12-17,1772.386474609375,48.7927360534668
2021-12-24,1896.316162109375,49.12599182128906
2021-12-31,1771.781494140625,49.70429229736328
2022-01-07,1678.43896484375,49.87092590332031
2022-01-14,1613.617431640625,45.724815368652344
2022-01-21,1715.594482421875,44.04872512817383
2022-01-28,1630.9033203125,40.13786315917969
2022-02-11,1598.8988037109375,40.441707611083984
2022-02-18,1648.18896484375,40.14765930175781
2022-02-25,1554.898193359375,39.31452178955078
2022-03-04,1538.8570556640625,38.99106216430664
2022-03-11,1528.9263916015625,36.8739013671875
2022-03-18,1476.01513671875,36.756282806396484
2022-03-25,1460.6392822265625,35.64868927001953
2022-04-01,1538.4334716796875,36.050559997558594
2022-04-08,1541.8819580078125,33.257080078125
2022-04-15,1560.8875732421875,33.413909912109375
2022-04-22,1532.3748779296875,32.345523834228516
2022-04-29,1580.239013671875,28.895336151123047
2022-05-06,1549.66064453125,28.758113861083984
2022-05-13,1536.9036865234375,29.385421752929688
2022-05-20,1555.71923828125,29.64026641845703
2022-05-27,1516.956298828125,29.189388275146484
2022-06-02,1543.610595703125,29.248197555541992
2022-06-10,1642.657470703125,30.9340877532959
2022-06-17,1686.2174072265625,32.708187103271484
2022-06-24,1736.3544921875,32.85521697998047
2022-07-01,1772.6014404296875,38.167724609375
2022-07-08,1746.349365234375,37.83448028564453
2022-07-15,1703.1055908203125,36.64384841918945
2022-07-22,1700.9215087890625,38.375675201416016
2022-07-29,1658.4989013671875,34.72506332397461
2022-08-05,1680.7933349609375,37.421199798583984
2022-08-12,1684.3228759765625,36.84064483642578
2022-08-19,1655.5025634765625,35.32530212402344
2022-08-26,1658.11474609375,34.21338653564453
2022-09-02,1638.021728515625,33.35731887817383
2022-09-09,1611.6298828125,34.223228454589844
2022-09-16,1624.043701171875,34.27242660522461
2022-09-23,1602.5791015625,32.40284729003906
2022-09-30,1635.837646484375,34.53810501098633
2022-10-14,1517.99609375,37.38184356689453
2022-10-21,1418.7451171875,39.33014678955078
2022-10-28,1188.1116943359375,38.32647705078125
2022-11-04,1324.89306640625,41.1308479309082
2022-11-11,1335.009521484375,38.5921516418457
2022-11-18,1369.062744140625,39.625343322753906
2022-11-25,1329.6453857421875,38.99558639526367
2022-12-02,1427.3763427734375,39.85165786743164
2022-12-09,1511.3477783203125,38.198551177978516
2022-12-16,1561.030029296875,37.39168167114258
2022-12-23,1547.166015625,36.16169357299805
2022-12-30,1527.944091796875,37.91319274902344
2023-01-06,1595.865478515625,38.68070983886719
2023-01-13,1669.50244140625,38.641353607177734
2023-01-20,1645.6231689453125,42.84299850463867
2023-02-03,1608.455322265625,42.11484146118164
2023-02-10,1601.37744140625,42.902034759521484
2023-02-17,1610.9149169921875,43.46290588378906
2023-02-24,1581.9130859375,42.49859619140625
2023-03-03,1608.4908447265625,42.705238342285156
2023-03-10,1548.2930908203125,41.18988800048828
2023-03-17,1541.21533203125,40.166534423828125
2023-03-24,1573.6142578125,41.032447814941406
2023-03-31,1610.2247314453125,42.134521484375
2023-04-07,1584.5584716796875,44.427223205566406
2023-04-14,1515.9293212890625,46.956077575683594
2023-04-21,1526.59033203125,46.56248474121094
2023-04-28,1557.6007080078125,47.871192932128906
2023-05-05,1548.2930908203125,46.710086822509766
2023-05-12,1509.7186279296875,44.781455993652344
2023-05-19,1503.6138916015625,48.343509674072266
2023-05-26,1495.7042236328125,47.62519836425781
2023-06-02,1478.044677734375,45.29313278198242
2023-06-09,1473.9749755859375,45.215980529785156
2023-06-16,1590.4862060546875,46.904544830322266
2023-06-21,1535.7562255859375,45.81833267211914
2023-06-30,1519.0615234375,47.299530029296875
2023-07-07,1518.190185546875,47.783382415771484
2023-07-14,1574.7574462890625,46.92428970336914
2023-07-21,1591.19677734375,45.354225158691406
2023-07-28,1704.11572265625,48.43510818481445
2023-08-04,1700.944580078125,40.55514907836914
2023-08-11,1647.521484375,38.708587646484375
2023-08-18,1619.30517578125,39.449188232421875
2023-08-25,1639.4185791015625,40.209537506103516
2023-09-01,1662.8377685546875,41.00938034057617
2023-09-08,1633.59765625,40.071292877197266
2023-09-15,1600.7998046875,43.053428649902344
2023-09-22,1660.9962158203125,43.50767135620117
2023-09-28,1615.6759033203125,44.37663269042969
2023-10-13,1572.9608154296875,44.09027099609375
2023-10-20,1477.7386474609375,42.18446350097656
2023-10-27,1506.224365234375,44.830867767333984
2023-11-03,1627.0755615234375,46.91441345214844
2023-11-10,1595.2750244140625,47.783382415771484
2023-11-17,1575.134521484375,46.54905319213867
2023-11-24,1596.317138671875,46.3416862487793
2023-12-01,1581.2972412109375,45.99607849121094
2023-12-08,1531.566162109375,45.01848602294922
2023-12-15,1477.7386474609375,44.10014343261719
2023-12-22,1518.096923828125,43.458290100097656
2023-12-29,1568.392578125,44.66299819946289
2024-01-05,1511.472412109375,41.42411422729492
2024-01-12,1493.0262451171875,40.584774017333984
2024-01-19,1485.7022705078125,40.89088439941406
2024-01-26,1487.8101806640625,39.794795989990234
2024-02-02,1450.263427734375,35.499332427978516
2024-02-08,1550.2188720703125,41.345115661621094
2024-02-23,1557.570068359375,41.85859680175781
2024-03-01,1531.191162109375,41.98697280883789
2024-03-08,1518.8057861328125,41.3648681640625
2024-03-15,1560.6597900390625,46.539180755615234
2024-03-22,1545.99365234375,45.354225158691406
2024-03-29,1547.40185546875,45.39372253417969
2024-04-03,1558.4970703125,44.19888687133789
2024-04-12,1484.82080078125,43.537288665771484
2024-04-19,1496.279296875,41.15750503540039
2024-04-26,1553.3359375,45.03823471069336
2024-04-30,1549.310302734375,45.58134078979492
2024-05-10,1580.1873779296875,45.8973274230957
2024-05-17,1558.3970947265625,44.18901443481445
2024-05-24,1523.939697265625,41.9079704284668
2024-05-31,1497.9239501953125,41.828975677490234
2024-06-07,1471.3267822265625,41.62160873413086
2024-06-14,1413.00732421875,41.3747444152832
2024-06-21,1364.36474609375,39.53805923461914
2024-06-28,1361.0166015625,37.977867126464844
2024-07-05,1378.036376953125,37.967994689941406
2024-07-12,1371.617919921875,40.95438766479492
2024-07-19,1415.0252685546875,41.90704345703125
2024-07-26,1319.093017578125,40.755916595458984
2024-08-02,1285.0164794921875,41.847503662109375
2024-08-09,1332.6441650390625,42.09558868408203
2024-08-16,1327.449951171875,42.79023361206055
2024-08-23,1312.4150390625,43.28641128540039
2024-08-30,1338.57080078125,43.79251480102539
2024-09-06,1296.65673828125,44.060447692871094
2024-09-13,1209.591552734375,44.42761993408203
2024-09-20,1172.29638671875,42.38337326049805
2024-09-27,1511.0965576171875,48.307716369628906
2024-09-30,1621.28466796875,51.90003204345703
2024-10-11,1488.6417236328125,49.81609344482422
2024-10-18,1429.290283203125,50.09394836425781
2024-10-25,1445.8463134765625,47.63291549682617
2024-11-01,1422.56591796875,47.196285247802734
2024-11-08,1493.2606201171875,49.1214485168457
2024-11-15,1445.985595703125,47.33521270751953
2024-11-22,1398.515625,47.90085220336914
2024-11-29,1415.1365966796875,50.30234146118164
2024-12-06,1410.7496337890625,49.15121841430664
2024-12-13,1408.88525390625,46.23370361328125
2024-12-20,1433.744140625,45.89630126953125
2024-12-27,1440.3099365234375,45.7474479675293
2025-01-03,1389.4696044921875,44.020755767822266
2025-01-10,1352.7310791015625,42.34367752075195
2025-01-17,1370.393798828125,42.51237869262695
2025-01-24,1352.7310791015625,44.298614501953125
2025-01-27,1351.779541015625,44.30854034423828
2025-02-07,1352.7310791015625,44.94364547729492
2025-02-14,1389.4696044921875,45.152034759521484
2025-02-21,1401.91357421875,47.9107780456543
2025-02-28,1413.76416015625,45.608516693115234
2025-03-07,1432.8021240234375,45.330657958984375
2025-03-14,1533.6070556640625,46.184085845947266
2025-03-21,1482.4932861328125,44.50700759887695
2025-03-28,1493.288818359375,48.23825454711914
2025-04-03,1477.9056396484375,50.6496696472168
2025-04-11,1478.0,48.010013580322266
2025-04-18,1475.13623046875,47.63291549682617
2025-04-25,1460.1204833984375,49.88555908203125
2025-04-30,1457.29443359375,50.70920944213867
2025-05-09,1498.9127197265625,52.406131744384766
2025-05-16,1520.531982421875,53.43817901611328
2025-05-23,1481.4100341796875,54.2784538269043
2025-05-30,1433.744140625,54.51748275756836
2025-06-06,1419.039306640625,53.581298828125
2025-06-13,1344.2059326171875,53.67093276977539
2025-06-20,1345.816650390625,51.549591064453125
2025-06-27,1347.7032470703125,51.73882293701172
2025-07-04,1366.078125,53.043495178222656
2025-07-11,1370.6695556640625,56.668701171875
2025-07-18,1380.274658203125,58.52113723754883
2025-07-25,1397.564208984375,56.17073440551758
2025-08-01,1361.064208984375,61.06077575683594
2025-08-08,1364.8775634765625,60.7420768737793
2025-08-15,1365.943603515625,63.142276763916016
2025-08-22,1406.1607666015625,64.71585845947266
2025-08-29,1421.5772705078125,65.96077728271484
2025-09-05,1424.4588623046875,72.17540740966797
2025-09-12,1456.15625,68.72947692871094
2025-09-19,1410.022216796875,69.36687469482422
2025-09-26,1378.3536376953125,69.79512023925781
2025-09-30,1386.9888916015625,71.25914764404297
2025-10-10,1373.551025390625,67.92276000976562
2025-10-17,1397.564208984375,64.83536529541016
2025-10-24,1392.761474609375,65.2337417602539
2025-10-31,1373.5606689453125,63.88922882080078
2025-11-07,1376.7496337890625,61.32967758178711
2025-11-14,1399.1009521484375,62.644309997558594
2025-11-21,1408.706298828125,59.25812911987305
2025-11-28,1393.2418212890625,61.82764434814453
2025-12-05,1373.5606689453125,61.369510650634766
2025-12-12,1364.5701904296875,63.022762298583984
2025-12-19,1377.4002685546875,60.60264205932617
2025-12-26,1381.4346923828125,60.811790466308594
2025-12-31,1345.339111328125,59.32784652709961
2026-01-09,1386.289794921875,63.520729064941406
2026-01-16,1350.047607421875,61.688209533691406
2026-01-23,1306.0880126953125,58.750205993652344
2026-01-30,1368.6082763671875,57.92357635498047
2026-02-06,1479.982421875,57.07703399658203
2026-02-13,1450.9593505859375,57.99329376220703
2026-02-27,1421.37939453125,56.330081939697266
2026-03-06,1369.585205078125,55.33414840698242
2026-03-13,1380.9560546875,54.8859748840332
2026-03-20,1411.591064453125,54.91585159301758
2026-03-27,1383.281005859375,54.955692291259766
2026-04-03,1426.2442626953125,56.150814056396484
2026-04-10,1420.3438720703125,56.82804870605469
2026-04-17,1374.7039794921875,56.101016998291016
2026-04-24,1424.7691650390625,55.8221549987793
2026-04-30,1352.773193359375,53.66097640991211
2026-05-08,1341.245849609375,52.585365295410156
2026-05-15,1302.131591796875,53.770530700683594
2026-05-22,1260.3699951171875,50.26483917236328
2026-05-29,1295.34228515625,50.189998626708984
2026-06-05,1243.430908203125,47.08000183105469
2026-06-12,1262.04052734375,48.4900016784668
2026-06-18,1186.90869140625,48.41999816894531
2026-06-26,1168.6300048828125,48.66999816894531
2026-07-03,1194.449951171875,54.45000076293945
2026-07-10,1204.97998046875,55.75
2026-07-17,1253.0,53.189998626708984
2026-07-24,1297.4100341796875,53.45000076293945
2026-07-31,1350.5999755859375,54.08000183105469
