date,可口可乐,强生
2006-01-06,11.120637893676758,34.66289138793945
2006-01-13,11.093783378601074,34.23097229003906
2006-01-20,10.766151428222656,33.66619873046875
2006-01-27,11.271029472351074,32.50891876220703
2006-02-03,10.97830867767334,31.772478103637695
2006-02-10,11.05350399017334,32.33172607421875
2006-02-17,11.222684860229492,32.70824432373047
2006-02-24,11.340853691101074,32.16403579711914
2006-03-03,11.22537612915039,32.0025520324707
2006-03-10,11.485864639282227,32.87681198120117
2006-03-17,11.575135231018066,33.60072708129883
2006-03-24,11.539969444274902,33.628578186035156
2006-03-31,11.326264381408691,32.97705078125
2006-04-07,11.185603141784668,32.20302963256836
2006-04-13,11.161256790161133,32.24755859375
2006-04-21,11.320857048034668,32.50372314453125
2006-04-28,11.350613594055176,32.637367248535156
2006-05-05,11.553497314453125,32.68749237060547
2006-05-12,11.680632591247559,32.75986862182617
2006-05-19,11.807775497436523,33.3557014465332
2006-05-26,12.035005569458008,34.005401611328125
2006-06-02,11.872697830200195,34.033416748046875
2006-06-09,11.780717849731445,34.39203643798828
2006-06-16,11.773019790649414,34.560115814208984
2006-06-23,11.647686004638672,34.358402252197266
2006-06-30,11.721251487731934,33.57396697998047
2006-07-07,11.764842987060547,33.96617889404297
2006-07-14,11.620442390441895,33.87653732299805
2006-07-21,11.961014747619629,34.588130950927734
2006-07-28,12.129945755004883,35.25489807128906
2006-08-04,11.947393417358398,35.59668731689453
2006-08-11,11.922868728637695,35.56308364868164
2006-08-18,12.07272720336914,36.09538269042969
2006-08-25,12.129945755004883,36.445716857910156
2006-09-01,12.27978801727295,36.4738883972168
2006-09-08,12.151738166809082,35.837066650390625
2006-09-15,12.236446380615234,35.949790954589844
2006-09-22,12.069082260131836,36.04558181762695
2006-09-29,12.258393287658691,36.59787368774414
2006-10-06,12.280349731445312,36.66550064086914
2006-10-13,12.077322006225586,36.394989013671875
2006-10-20,12.826316833496094,38.67179489135742
2006-10-27,12.859247207641602,38.418174743652344
2006-11-03,12.757734298706055,38.21529769897461
2006-11-10,12.749502182006836,37.35866928100586
2006-11-17,12.9662446975708,37.894081115722656
2006-11-24,12.872962951660156,37.3203010559082
2006-12-01,12.862354278564453,37.38835144042969
2006-12-08,13.50865364074707,37.37700653076172
2006-12-15,13.51417350769043,37.5696907043457
2006-12-22,13.362265586853027,37.206974029541016
2006-12-29,13.326362609863281,37.416664123535156
2007-01-05,13.329123497009277,37.756717681884766
2007-01-12,13.409214973449707,37.768043518066406
2007-01-19,13.329123497009277,38.402828216552734
2007-01-26,13.210357666015625,37.44501495361328
2007-02-02,13.323600769042969,37.734046936035156
2007-02-09,13.191025733947754,37.17863082885742
2007-02-16,13.221409797668457,37.12762451171875
2007-02-23,13.052928924560547,36.56854248046875
2007-03-02,12.674543380737305,35.3144416809082
2007-03-09,13.13854694366455,35.422725677490234
2007-03-16,13.132237434387207,34.49357604980469
2007-03-23,13.365897178649902,34.49357604980469
2007-03-30,13.351993560791016,34.3510627746582
2007-04-05,13.774795532226562,35.08641815185547
2007-04-13,13.874939918518066,35.54244613647461
2007-04-20,14.489690780639648,37.12148666381836
2007-04-27,14.481342315673828,36.579933166503906
2007-05-04,14.80123233795166,36.756649017333984
2007-05-11,14.656585693359375,35.49685287475586
2007-05-18,14.63989543914795,36.15239715576172
2007-05-25,14.434052467346191,36.25709915161133
2007-06-01,14.687189102172852,36.38331985473633
2007-06-08,14.372856140136719,35.648895263671875
2007-06-15,14.443856239318848,36.01610565185547
2007-06-22,14.45505428314209,34.845584869384766
2007-06-29,14.648276329040527,35.35626983642578
2007-07-06,14.729483604431152,35.648895263671875
2007-07-13,14.872294425964355,36.394813537597656
2007-07-20,14.90029525756836,35.453819274902344
2007-07-27,14.639869689941406,34.29478073120117
2007-08-03,14.919898986816406,34.74232864379883
2007-08-10,15.395944595336914,35.08658218383789
2007-08-17,15.247529983520508,35.58578872680664
2007-08-24,15.121511459350586,35.74428176879883
2007-08-31,15.059913635253906,35.69230270385742
2007-09-07,15.286735534667969,35.628753662109375
2007-09-14,15.890658378601074,36.50675964355469
2007-09-21,15.932913780212402,37.61582946777344
2007-09-28,16.192129135131836,37.95085525512695
2007-10-05,16.361173629760742,38.26857376098633
2007-10-12,16.285106658935547,38.08949661254883
2007-10-19,16.555587768554688,37.10173416137695
2007-10-26,17.347299575805664,37.14216232299805
2007-11-02,17.048643112182617,37.419429779052734
2007-11-09,17.138805389404297,37.63893508911133
2007-11-16,17.64313316345215,39.13502883911133
2007-11-23,17.552968978881836,38.872737884521484
2007-11-30,17.591596603393555,39.372615814208984
2007-12-07,17.889036178588867,39.33773422241211
2007-12-14,18.076005935668945,39.285423278808594
2007-12-21,17.86637306213379,39.54118728637695
2007-12-28,17.639753341674805,39.16337203979492
2008-01-04,17.520774841308594,38.26826858520508
2008-01-11,18.06467056274414,39.4539794921875
2008-01-18,17.20633888244629,38.52983093261719
2008-01-25,16.546302795410156,36.3036994934082
2008-02-01,16.787080764770508,36.82680892944336
2008-02-08,16.78425407409668,36.053794860839844
2008-02-15,16.64544677734375,36.5594482421875
2008-02-22,16.50380516052246,36.965782165527344
2008-02-29,16.56045913696289,36.25198745727539
2008-03-07,16.670940399169922,35.988677978515625
2008-03-14,16.401817321777344,36.65568161010742
2008-03-20,17.402517318725586,38.252967834472656
2008-03-28,17.37401008605957,37.55087661743164
2008-04-04,17.17728614807129,38.457740783691406
2008-04-11,17.188697814941406,38.61570739746094
2008-04-18,17.13737678527832,38.914119720458984
2008-04-25,16.91499137878418,39.3821907043457
2008-05-02,16.755340576171875,39.93803405761719
2008-05-09,16.008380889892578,38.93751907348633
2008-05-16,16.27066993713379,39.01356506347656
2008-05-23,16.715429306030273,38.251522064208984
2008-05-30,16.324840545654297,39.32387924194336
2008-06-06,15.908587455749512,38.746463775634766
2008-06-13,15.904437065124512,39.04694747924805
2008-06-20,15.399362564086914,37.744808197021484
2008-06-27,14.877053260803223,37.45608901977539
2008-07-03,14.773737907409668,38.3693733215332
2008-07-11,14.426494598388672,39.04106903076172
2008-07-18,14.357616424560547,39.960235595703125
2008-07-25,14.94018840789795,40.67316818237305
2008-08-01,15.250126838684082,40.12520980834961
2008-08-08,15.901565551757812,42.157989501953125
2008-08-15,15.801132202148438,42.02836227416992
2008-08-22,15.603113174438477,42.35472106933594
2008-08-29,14.943058013916016,41.76761245727539
2008-09-05,14.902880668640137,41.909942626953125
2008-09-12,15.751649856567383,41.86251449584961
2008-09-19,15.237195014953613,41.506683349609375
2008-09-26,15.167825698852539,41.156795501708984
2008-10-03,15.19384765625,39.235347747802734
2008-10-10,11.994376182556152,33.12114715576172
2008-10-17,12.774739265441895,37.15377426147461
2008-10-24,12.026174545288086,36.05073165893555
2008-10-31,12.734272956848145,36.376914978027344
2008-11-07,13.367231369018555,35.71270751953125
2008-11-14,13.01172924041748,35.611881256103516
2008-11-21,12.716924667358398,34.891300201416016
2008-11-28,13.661613464355469,35.02884292602539
2008-12-05,13.40219497680664,34.81956100463867
2008-12-12,12.991202354431152,34.233558654785156
2008-12-19,12.950399398803711,35.1843147277832
2008-12-26,12.994123458862305,35.016883850097656
2009-01-02,13.378873825073242,36.26662826538086
2009-01-09,12.999947547912598,35.30988693237305
2009-01-16,12.778424263000488,34.3471565246582
2009-01-23,12.30040454864502,33.4681396484375
2009-01-30,12.451973915100098,34.49665069580078
2009-02-06,12.693900108337402,34.98698043823242
2009-02-13,12.781341552734375,34.14384460449219
2009-02-20,12.48694896697998,32.9498405456543
2009-02-27,11.906907081604004,30.146236419677734
2009-03-06,11.396821022033691,28.92229652404785
2009-03-13,12.141878128051758,30.53211212158203
2009-03-20,12.560153007507324,31.153118133544922
2009-03-27,13.284782409667969,31.85249900817871
2009-04-03,13.246488571166992,31.44251251220703
2009-04-09,13.25238037109375,30.996355056762695
2009-04-17,13.261211395263672,31.985151290893555
2009-04-24,12.604340553283691,30.700916290283203
2009-05-01,12.510079383850098,31.70781135559082
2009-05-08,12.642630577087402,33.1487922668457
2009-05-15,13.243542671203613,33.40804672241211
2009-05-22,13.93281364440918,33.31435012817383
2009-05-29,14.480704307556152,33.55158233642578
2009-06-05,14.563185691833496,34.01993942260742
2009-06-12,14.524182319641113,34.099002838134766
2009-06-19,14.500415802001953,34.117271423339844
2009-06-26,14.298406600952148,34.4274787902832
2009-07-02,14.521209716796875,34.050357818603516
2009-07-10,14.35188102722168,34.62820053100586
2009-07-17,14.948997497558594,36.027191162109375
2009-07-24,14.663814544677734,37.414031982421875
2009-07-31,14.806406021118164,37.03691864013672
2009-08-07,14.657868385314941,36.434730529785156
2009-08-14,14.399413108825684,36.544212341308594
2009-08-21,14.827202796936035,37.422916412353516
2009-08-28,14.574684143066406,36.96916198730469
2009-09-04,14.839090347290039,36.987552642822266
2009-09-11,15.42758560180664,37.048885345458984
2009-09-18,16.10147476196289,37.26962661743164
2009-09-25,15.86486530303955,37.17151641845703
2009-10-02,16.134416580200195,36.62577819824219
2009-10-09,16.368032455444336,37.85828399658203
2009-10-16,16.475854873657227,37.07339859008789
2009-10-23,15.945733070373535,37.12245559692383
2009-10-30,15.96669864654541,36.208797454833984
2009-11-06,16.320110321044922,36.97529602050781
2009-11-13,16.91014862060547,37.6682014465332
2009-11-20,17.21564292907715,38.510066986083984
2009-11-27,17.24748420715332,38.86852264404297
2009-12-04,17.340986251831055,39.77703857421875
2009-12-11,17.829635620117188,40.07987976074219
2009-12-18,17.16905403137207,39.783226013183594
2009-12-24,17.325904846191406,39.98716735839844
2009-12-31,17.19318199157715,39.80793380737305
2010-01-08,16.635160446166992,39.68434143066406
2010-01-15,16.979022979736328,39.90065002441406
2010-01-22,16.360671997070312,39.06010818481445
2010-01-29,16.36368751525879,38.849971771240234
2010-02-05,16.013795852661133,38.71401596069336
2010-02-12,16.28224754333496,38.76344299316406
2010-02-19,16.807086944580078,39.7388801574707
2010-02-26,15.902191162109375,39.23443603515625
2010-03-05,16.49942970275879,39.88210678100586
2010-03-12,16.223922729492188,39.96929931640625
2010-03-19,16.649673461914062,40.548465728759766
2010-03-26,16.619253158569336,40.09385299682617
2010-04-01,16.816923141479492,40.95950698852539
2010-04-09,16.601015090942383,40.56715393066406
2010-04-16,16.71657371520996,40.49241256713867
2010-04-23,16.385103225708008,40.50487518310547
2010-04-30,16.254335403442383,40.04403305053711
2010-05-07,16.017133712768555,39.42747497558594
2010-05-14,16.220884323120117,39.83851623535156
2010-05-21,15.688702583312988,37.91415786743164
2010-05-28,15.630928039550781,36.639034271240234
2010-06-04,15.591392517089844,36.456790924072266
2010-06-11,15.839828491210938,36.739601135253906
2010-06-18,16.0422420501709,37.19208526611328
2010-06-25,15.413549423217773,36.890419006347656
2010-07-02,15.349148750305176,37.12925338745117
2010-07-09,16.06983757019043,38.04679870605469
2010-07-16,16.06062889099121,37.35548782348633
2010-07-23,16.790525436401367,36.21797180175781
2010-07-30,16.900928497314453,36.50707244873047
2010-08-06,17.403879165649414,37.68229293823242
2010-08-13,17.0910701751709,36.544769287109375
2010-08-20,16.959192276000977,36.91555404663086
2010-08-27,17.22294044494629,36.540504455566406
2010-09-03,17.65229034423828,37.38423538208008
2010-09-10,17.946691513061523,38.05035400390625
2010-09-17,17.7860164642334,39.05901336669922
2010-09-24,18.113550186157227,39.42061233520508
2010-10-01,18.26805305480957,39.17320251464844
2010-10-08,18.357664108276367,40.11208724975586
2010-10-15,18.521434783935547,40.327781677246094
2010-10-22,19.03746795654297,40.48003005981445
2010-10-29,18.947847366333008,40.435630798339844
2010-11-05,19.337190628051758,41.01290512084961
2010-11-12,19.44225311279297,40.391204833984375
2010-11-19,19.874847412109375,40.49272918701172
2010-11-26,19.809961318969727,39.86221694946289
2010-12-03,20.068204879760742,40.02857208251953
2010-12-10,20.11487579345703,39.61268615722656
2010-12-17,20.44156837463379,40.01578140258789
2010-12-23,20.404224395751953,39.830230712890625
2010-12-31,20.463350296020508,39.57429122924805
2011-01-07,19.57660675048828,40.0541877746582
2011-01-14,19.641944885253906,40.02218246459961
2011-01-21,19.529943466186523,40.09255599975586
2011-01-28,19.35569953918457,38.39697265625
2011-02-04,19.46460723876953,38.92804718017578
2011-02-11,19.778846740722656,38.83847427368164
2011-02-18,20.083755493164062,39.10081481933594
2011-02-25,20.00908660888672,38.505348205566406
2011-03-04,20.289106369018555,39.42213821411133
2011-03-11,20.310863494873047,38.537628173828125
2011-03-18,19.649614334106445,37.81452941894531
2011-03-25,20.43935775756836,38.079227447509766
2011-04-01,21.066139221191406,38.408512115478516
2011-04-08,21.081804275512695,38.389137268066406
2011-04-15,21.313711166381836,39.099327087402344
2011-04-21,21.272981643676758,41.36548614501953
2011-04-29,21.14134979248047,42.4307746887207
2011-05-06,20.965850830078125,42.14025115966797
2011-05-13,21.366992950439453,43.0118408203125
2011-05-20,21.40460205078125,42.411415100097656
2011-05-27,20.84362030029297,43.48258590698242
2011-06-03,20.536500930786133,43.03974151611328
2011-06-10,20.492631912231445,43.03974151611328
2011-06-17,20.713594436645508,43.16999435424805
2011-06-24,20.49579429626465,42.36896896362305
2011-07-01,21.493268966674805,43.8277473449707
2011-07-08,21.67951202392578,44.003562927246094
2011-07-15,21.316499710083008,43.925411224365234
2011-07-22,22.010950088500977,43.450008392333984
2011-07-29,21.468019485473633,42.19314956665039
2011-08-05,21.076601028442383,40.83858108520508
2011-08-12,21.193401336669922,41.261871337890625
2011-08-19,21.18077278137207,41.11862564086914
2011-08-26,21.62270164489746,42.23395538330078
2011-09-02,22.01410675048828,42.09597396850586
2011-09-09,21.89731788635254,41.81346130371094
2011-09-16,22.63779640197754,42.43762969970703
2011-09-23,21.426937103271484,40.46653366088867
2011-09-30,21.47142791748047,41.84629821777344
2011-10-07,20.943862915039062,41.47837829589844
2011-10-14,21.5635929107666,42.523033142089844
2011-10-21,21.671655654907227,41.90543746948242
2011-10-28,21.906822204589844,43.10124206542969
2011-11-04,21.54134178161621,42.12884521484375
2011-11-11,21.649402618408203,42.87127685546875
2011-11-18,21.417404174804688,41.95143508911133
2011-11-25,20.575193405151367,40.629886627197266
2011-12-02,21.24965476989746,42.08877944946289
2011-12-09,21.63060188293457,42.79169464111328
2011-12-16,21.5889892578125,42.63916015625
2011-12-23,22.38929557800293,43.75322723388672
2011-12-30,22.398889541625977,43.48797607421875
2012-01-06,22.065969467163086,42.990623474121094
2012-01-13,21.444929122924805,43.27576446533203
2012-01-20,21.79705810546875,43.28239440917969
2012-01-27,21.5889892578125,43.474708557128906
2012-02-03,21.793867111206055,43.52776336669922
2012-02-10,21.74905014038086,42.838104248046875
2012-02-17,22.104385375976562,43.096717834472656
2012-02-24,22.088376998901367,43.12284469604492
2012-03-02,22.14599609375,43.33021545410156
2012-03-09,22.251638412475586,43.310150146484375
2012-03-16,22.624204635620117,43.564369201660156
2012-03-23,23.053081512451172,43.18305206298828
2012-03-30,23.865699768066406,44.126319885253906
2012-04-05,23.69156837463379,43.7115364074707
2012-04-13,23.198190689086914,42.50737762451172
2012-04-20,23.904386520385742,42.621097564697266
2012-04-27,24.71055793762207,43.37705612182617
2012-05-04,24.82986068725586,43.310150146484375
2012-05-11,24.981422424316406,43.04255676269531
2012-05-18,23.878591537475586,42.3802604675293
2012-05-25,24.259103775024414,42.22541427612305
2012-06-01,23.56902313232422,41.732295989990234
2012-06-08,24.262319564819336,42.542903900146484
2012-06-15,24.70395278930664,44.58967208862305
2012-06-22,24.330591201782227,45.008480072021484
2012-06-29,25.385765075683594,45.63668441772461
2012-07-06,25.37278175354004,45.69072723388672
2012-07-13,25.09031867980957,46.34596252441406
2012-07-20,25.0091552734375,46.3594856262207
2012-07-27,25.976669311523438,46.960662841796875
2012-08-03,26.242889404296875,46.690467834472656
2012-08-10,25.58056640625,46.36621856689453
2012-08-17,25.6682186126709,45.79880142211914
2012-08-24,24.97993278503418,46.078643798828125
2012-08-31,24.285146713256836,45.9627685546875
2012-09-07,24.609804153442383,46.269500732421875
2012-09-14,24.920907974243164,46.67167663574219
2012-09-21,24.862075805664062,47.07382583618164
2012-09-28,24.79669952392578,46.97160339355469
2012-10-05,25.221643447875977,47.47602081298828
2012-10-12,24.992830276489258,46.33085250854492
2012-10-19,24.450223922729492,48.98242950439453
2012-10-26,24.214866638183594,48.32804870605469
2012-11-02,24.24102210998535,48.32804870605469
2012-11-09,23.72455596923828,47.62595748901367
2012-11-16,23.90106773376465,47.162445068359375
2012-11-23,24.79669952392578,47.833961486816406
2012-11-30,24.96025848388672,47.95085525512695
2012-12-07,24.82202911376953,48.44597244262695
2012-12-14,24.789106369018555,48.611000061035156
2012-12-21,24.282278060913086,48.32219314575195
2012-12-28,23.67670440673828,47.77894973754883
2013-01-04,24.789106369018555,49.202415466308594
2013-01-11,24.295438766479492,49.752525329589844
2013-01-18,24.815446853637695,50.35768127441406
2013-01-25,24.387592315673828,50.8321647644043
2013-02-01,24.710126876831055,51.01095199584961
2013-02-08,25.51974868774414,51.90493392944336
2013-02-15,24.631141662597656,52.37254333496094
2013-02-22,25.355194091796875,52.85386276245117
2013-03-01,25.47368812561035,53.1657829284668
2013-03-08,25.815963745117188,54.19858932495117
2013-03-15,25.744264602661133,54.891746520996094
2013-03-22,26.5465087890625,55.27299880981445
2013-03-28,26.811695098876953,56.513763427734375
2013-04-05,26.57302474975586,56.867271423339844
2013-04-12,27.23602867126465,57.35247802734375
2013-04-19,28.283554077148438,58.5655403137207
2013-04-26,27.912282943725586,59.00221633911133
2013-05-03,28.005098342895508,59.43891525268555
2013-05-10,27.945436477661133,59.44584274291992
2013-05-17,28.48908805847168,61.06092071533203
2013-05-24,28.005098342895508,60.632972717285156
2013-05-31,26.513349533081055,58.78927230834961
2013-06-07,27.45481300354004,59.299095153808594
2013-06-14,26.930248260498047,59.299095153808594
2013-06-21,26.54306983947754,58.10486602783203
2013-06-28,26.776710510253906,59.962547302246094
2013-07-05,27.050432205200195,61.36627197265625
2013-07-12,27.39089584350586,62.84684753417969
2013-07-19,27.430940628051758,64.41120910644531
2013-07-26,27.130537033081055,64.83023834228516
2013-08-02,26.85015296936035,65.91969299316406
2013-08-09,26.810087203979492,64.50198364257812
2013-08-16,26.069072723388672,62.413841247558594
2013-08-23,25.715259552001953,62.20860290527344
2013-08-30,25.48828125,60.80133056640625
2013-09-06,25.601776123046875,61.329036712646484
2013-09-13,26.016599655151367,62.321170806884766
2013-09-20,26.494022369384766,63.102210998535156
2013-09-27,25.82159423828125,61.0264778137207
2013-10-04,25.014657974243164,61.43459701538086
2013-10-11,25.397947311401367,62.94038772583008
2013-10-18,26.077116012573242,64.47429656982422
2013-10-25,26.245222091674805,64.7979965209961
2013-11-01,26.635251998901367,65.6986312866211
2013-11-08,26.931108474731445,66.17710876464844
2013-11-15,27.045419692993164,66.41633605957031
2013-11-22,27.186647415161133,67.48939514160156
2013-11-29,27.214570999145508,67.07130432128906
2013-12-06,27.39740562438965,66.91543579101562
2013-12-13,26.564512252807617,64.72602081298828
2013-12-20,27.11300277709961,65.25035095214844
2013-12-27,27.532835006713867,65.43457794189453
2014-01-03,27.39740562438965,65.08029174804688
2014-01-10,27.173948287963867,67.12800598144531
2014-01-17,26.59836196899414,67.35472869873047
2014-01-24,26.300413131713867,64.20167541503906
2014-01-31,25.609722137451172,62.685394287109375
2014-02-07,25.697763442993164,63.79782485961914
2014-02-14,26.36136245727539,65.72506713867188
2014-02-21,25.17635726928711,65.31307983398438
2014-02-28,25.867046356201172,65.74127960205078
2014-03-07,26.104049682617188,66.59765625
2014-03-14,26.051525115966797,66.23368835449219
2014-03-21,26.235797882080078,68.46028900146484
2014-03-28,26.583881378173828,69.53790283203125
2014-04-04,26.085636138916016,70.23726654052734
2014-04-11,26.365478515625,69.13111114501953
2014-04-17,27.791915893554688,70.62264251708984
2014-04-25,27.989852905273438,71.21498107910156
2014-05-02,27.948909759521484,70.8724136352539
2014-05-09,27.89430046081543,72.01424407958984
2014-05-16,27.907958984375,71.77873992919922
2014-05-23,27.696380615234375,72.56645202636719
2014-05-30,27.921600341796875,72.91139221191406
2014-06-06,27.976205825805664,74.14742279052734
2014-06-13,27.76026153564453,73.6803207397461
2014-06-20,28.667949676513672,75.64933776855469
2014-06-27,29.01177215576172,75.44811248779297
2014-07-03,29.039291381835938,75.75714111328125
2014-07-11,28.860490798950195,75.52717590332031
2014-07-18,29.17681312561035,73.15571594238281
2014-07-25,28.1934814453125,73.37846374511719
2014-08-01,27.017608642578125,71.79033660888672
2014-08-08,27.12763786315918,72.63831329345703
2014-08-15,28.11095428466797,72.70297241210938
2014-08-22,28.27598762512207,74.59105682373047
2014-08-29,28.688587188720703,75.04686737060547
2014-09-05,28.77110481262207,75.54605102539062
2014-09-12,28.71749496459961,75.66183471679688
2014-09-19,29.126169204711914,78.12889099121094
2014-09-26,29.230073928833008,77.4850082397461
2014-10-03,29.78420066833496,76.05974578857422
2014-10-10,30.80239486694336,73.23815155029297
2014-10-17,29.701078414916992,71.4077377319336
2014-10-24,28.41965675354004,74.61280059814453
2014-10-31,29.008420944213867,77.97698211669922
2014-11-07,29.313175201416016,78.28083038330078
2014-11-14,29.5971736907959,78.25189971923828
2014-11-21,30.823171615600586,78.5430908203125
2014-11-28,31.266395568847656,78.82706451416016
2014-12-05,30.359710693359375,79.01641082763672
2014-12-12,28.53240394592285,76.04536437988281
2014-12-19,29.257755279541016,76.86092376708984
2014-12-26,29.962167739868164,76.50411987304688
2015-01-02,29.390268325805664,76.11089324951172
2015-01-09,30.0109920501709,76.41676330566406
2015-01-16,29.662260055541992,75.7613525390625
2015-01-23,30.206274032592773,74.42150115966797
2015-01-30,28.713741302490234,72.92142486572266
2015-02-06,28.909027099609375,73.6204833984375
2015-02-13,29.28565216064453,72.54276275634766
2015-02-20,29.27170181274414,73.51984405517578
2015-02-27,30.199296951293945,75.16973876953125
2015-03-06,28.957847595214844,73.4098892211914
2015-03-13,28.065919876098633,72.74989318847656
2015-03-20,28.586322784423828,75.08909606933594
2015-03-27,28.185482025146484,73.57852172851562
2015-04-02,28.607412338256836,73.06522369384766
2015-04-10,28.748065948486328,74.83978271484375
2015-04-17,28.340190887451172,73.02122497558594
2015-04-24,28.75508689880371,74.12117004394531
2015-05-01,28.7691593170166,73.42453002929688
2015-05-08,28.818387985229492,74.40715789794922
2015-05-15,29.198129653930664,75.01576232910156
2015-05-22,28.980125427246094,74.86109161376953
2015-05-29,28.804325103759766,73.96733856201172
2015-06-05,28.19953727722168,72.82246398925781
2015-06-12,28.332921981811523,72.64517211914062
2015-06-19,28.644899368286133,73.76053619384766
2015-06-26,28.36128044128418,73.59803009033203
2015-07-02,27.999691009521484,72.7116470336914
2015-07-10,28.63780975341797,73.5167465209961
2015-07-17,29.247583389282227,73.92302703857422
2015-07-24,28.67326545715332,73.23607635498047
2015-07-31,29.127038955688477,74.01905059814453
2015-08-07,29.616273880004883,73.01448822021484
2015-08-14,29.247583389282227,72.98494720458984
2015-08-21,28.02804183959961,71.12432098388672
2015-08-28,27.97132110595703,70.83406829833984
2015-09-04,27.311912536621094,67.96106719970703
2015-09-11,27.269630432128906,69.16683959960938
2015-09-18,27.877517700195312,69.50923156738281
2015-09-25,28.33523178100586,67.73038482666016
2015-10-02,28.885915756225586,69.91114044189453
2015-10-09,30.051658630371094,70.9829330444336
2015-10-16,30.051658630371094,73.1190414428711
2015-10-23,30.60234832763672,74.65972900390625
2015-10-30,30.28765869140625,75.19561767578125
2015-11-06,30.00874900817871,75.85801696777344
2015-11-13,29.59393882751465,74.33966064453125
2015-11-20,30.344881057739258,76.83712768554688
2015-11-27,31.09646224975586,76.75463104248047
2015-12-04,31.197355270385742,77.18949890136719
2015-12-11,30.462299346923828,76.23726654052734
2015-12-18,30.628053665161133,76.43970489501953
2015-12-24,31.37752914428711,77.7668228149414
2015-12-31,30.959548950195312,77.01703643798828
2016-01-08,29.914587020874023,73.59806823730469
2016-01-15,29.907367706298828,72.72833251953125
2016-01-22,30.310956954956055,72.54088592529297
2016-01-29,30.93071174621582,78.306640625
2016-02-05,30.584794998168945,75.38252258300781
2016-02-12,31.06764030456543,76.34224700927734
2016-02-19,31.543283462524414,78.66271209716797
2016-02-26,31.08924674987793,79.88613891601562
2016-03-04,31.788297653198242,80.4299087524414
2016-03-11,32.82785415649414,81.34371185302734
2016-03-18,33.11836242675781,81.18510437011719
2016-03-24,33.10383224487305,81.79682922363281
2016-04-01,34.011688232421875,82.46141815185547
2016-04-08,34.040733337402344,82.3934326171875
2016-04-15,33.48149871826172,83.20906066894531
2016-04-22,32.348506927490234,85.58040618896484
2016-04-29,32.53733444213867,84.64395141601562
2016-05-06,32.915016174316406,85.14241027832031
2016-05-13,32.936790466308594,85.76168060302734
2016-05-20,31.920011520385742,85.67422485351562
2016-05-27,32.52280807495117,85.99368286132812
2016-06-03,32.71164321899414,87.28669738769531
2016-06-10,33.401615142822266,88.9980697631836
2016-06-17,32.77953338623047,87.83433532714844
2016-06-24,32.150142669677734,87.94843292236328
2016-07-01,33.02104568481445,92.25342559814453
2016-07-08,33.211326599121094,93.43995666503906
2016-07-15,33.39429473876953,93.55406188964844
2016-07-22,33.54065704345703,95.09809112548828
2016-07-29,31.93061065673828,95.25019836425781
2016-08-05,31.820810317993164,94.49720764160156
2016-08-12,32.22332763671875,93.72139739990234
2016-08-19,32.1428337097168,91.81988525390625
2016-08-26,31.703723907470703,91.14611053466797
2016-09-02,31.95254898071289,91.3604736328125
2016-09-09,30.93528175354004,90.5259017944336
2016-09-16,31.09209442138672,90.5412368774414
2016-09-23,31.534791946411133,90.97002410888672
2016-09-30,31.224895477294922,90.44931030273438
2016-10-07,30.789579391479492,91.29922485351562
2016-10-14,30.745317459106445,90.01290130615234
2016-10-21,31.08472442626953,86.85831451416016
2016-10-28,31.158506393432617,88.3054428100586
2016-11-04,30.76007652282715,88.13699340820312
2016-11-11,30.273101806640625,90.70966339111328
2016-11-18,30.1845645904541,88.93876647949219
2016-11-25,30.642017364501953,87.99047088623047
2016-12-02,30.0305233001709,86.3175048828125
2016-12-09,31.250776290893555,86.54876708984375
2016-12-16,31.05731964111328,89.33969116210938
2016-12-23,30.95315170288086,89.40138244628906
2016-12-30,30.848974227905273,88.82313537597656
2017-01-06,31.05731964111328,89.66348266601562
2017-01-13,30.41742706298828,88.35286712646484
2017-01-20,30.744810104370117,88.00594329833984
2017-01-27,30.841548919677734,87.4122543334961
2017-02-03,30.90851402282715,87.61272430419922
2017-02-10,30.194210052490234,88.84626007080078
2017-02-17,30.677841186523438,91.63717651367188
2017-02-24,31.087085723876953,95.24694061279297
2017-03-03,31.607942581176758,96.06954956054688
2017-03-10,31.46656036376953,97.9476318359375
2017-03-17,31.54912757873535,99.38336944580078
2017-03-24,31.61668586730957,97.38111114501953
2017-03-31,31.856889724731445,96.65937042236328
2017-04-07,31.984495162963867,96.9465103149414
2017-04-13,32.1196174621582,97.00082397460938
2017-04-21,32.32978820800781,94.494140625
2017-04-28,32.38984298706055,95.82120513916016
2017-05-05,32.79518127441406,95.85225677490234
2017-05-12,32.72012710571289,95.9531478881836
2017-05-19,32.95282745361328,98.56074523925781
2017-05-26,34.071258544921875,99.15185546875
2017-06-02,34.44657516479492,101.6204833984375
2017-06-09,34.01871109008789,102.75325775146484
2017-06-16,34.29109573364258,104.95626831054688
2017-06-23,34.24569320678711,106.5811996459961
2017-06-30,33.94297790527344,103.34696960449219
2017-07-07,33.594844818115234,103.5422592163086
2017-07-14,33.8143196105957,103.58912658691406
2017-07-21,34.07919692993164,105.70623779296875
2017-07-28,34.82086944580078,103.00322723388672
2017-08-04,34.434898376464844,104.0422134399414
2017-08-11,34.50300979614258,103.97974395751953
2017-08-18,34.563568115234375,103.6125717163086
2017-08-25,34.487884521484375,103.52478790283203
2017-09-01,34.646812438964844,103.01377868652344
2017-09-08,35.04035186767578,102.97447204589844
2017-09-15,35.227622985839844,105.70255279541016
2017-09-22,34.70126724243164,103.29681396484375
2017-09-29,34.335105895996094,102.21188354492188
2017-10-06,34.70126724243164,104.73553466796875
2017-10-13,35.227622985839844,107.25919342041016
2017-10-20,35.38019943237305,111.95269012451172
2017-10-27,35.143714904785156,111.46527099609375
2017-11-03,35.06742858886719,110.12873840332031
2017-11-10,35.50225067138672,109.71992492675781
2017-11-17,34.86909484863281,108.4935073852539
2017-11-24,34.99877166748047,108.50132751464844
2017-12-01,35.35493087768555,110.72403717041016
2017-12-08,34.84732437133789,111.20657348632812
2017-12-15,35.524131774902344,112.68574523925781
2017-12-22,35.06266784667969,110.83480072021484
2017-12-29,35.28571701049805,110.51839447021484
2018-01-05,35.431846618652344,112.09248352050781
2018-01-12,35.493370056152344,115.29602813720703
2018-01-19,36.270137786865234,116.56165313720703
2018-01-26,37.323795318603516,114.95590209960938
2018-02-02,35.93944549560547,108.90475463867188
2018-02-09,33.17072677612305,102.45812225341797
2018-02-16,34.59354019165039,105.32154083251953
2018-02-23,33.87058639526367,104.42771911621094
2018-03-02,33.62449645996094,102.54901885986328
2018-03-09,34.47048568725586,106.51338195800781
2018-03-16,33.719573974609375,106.41787719726562
2018-03-23,32.84284591674805,99.58765411376953
2018-03-29,33.69630432128906,102.0156478881836
2018-04-06,34.076473236083984,101.97586822509766
2018-04-13,34.53424072265625,103.98191833496094
2018-04-20,33.936824798583984,100.82950592041016
2018-04-27,33.60319519042969,102.11114501953125
2018-05-04,32.86610794067383,98.86323547363281
2018-05-11,32.6954231262207,101.29119873046875
2018-05-18,32.72645950317383,98.90301513671875
2018-05-25,32.897159576416016,97.41508483886719
2018-06-01,33.455780029296875,97.24666595458984
2018-06-08,34.099754333496094,99.4921875
2018-06-15,34.53651809692383,98.329345703125
2018-06-22,33.855506896972656,98.51380157470703
2018-06-29,34.3330078125,97.31082916259766
2018-07-06,34.943572998046875,100.84751892089844
2018-07-13,35.02186584472656,100.99188232421875
2018-07-20,35.44456100463867,100.92772674560547
2018-07-27,36.17256164550781,105.49893188476562
2018-08-03,36.493492126464844,105.81973266601562
2018-08-10,36.070796966552734,104.85735321044922
2018-08-17,36.47783660888672,107.84066772460938
2018-08-24,35.71854019165039,109.02758026123047
2018-08-31,34.88877487182617,108.73695373535156
2018-09-07,35.78898239135742,110.86019897460938
2018-09-14,36.30656051635742,112.61205291748047
2018-09-21,36.77232360839844,115.34886169433594
2018-09-28,36.46443557739258,111.54639434814453
2018-10-05,36.2197265625,112.2972183227539
2018-10-12,35.27239227294922,108.07494354248047
2018-10-19,36.57497024536133,112.25686645507812
2018-10-26,36.25129699707031,110.5776138305664
2018-11-02,37.89334487915039,113.57276153564453
2018-11-09,39.21961212158203,117.33484649658203
2018-11-16,39.6064338684082,117.8595962524414
2018-11-23,38.69857406616211,114.82411193847656
2018-11-30,40.1026496887207,119.34944915771484
2018-12-07,39.060279846191406,118.1551513671875
2018-12-14,39.25920486450195,108.05634307861328
2018-12-21,37.85083770751953,104.06721496582031
2018-12-28,37.55643081665039,103.4010238647461
2019-01-04,37.85083770751953,103.85599517822266
2019-01-11,37.66782760620117,105.41588592529297
2019-01-18,37.88267517089844,106.17959594726562
2019-01-25,37.69169616699219,104.18095397949219
2019-02-01,38.749961853027344,109.03132629394531
2019-02-08,39.38652038574219,107.56889343261719
2019-02-15,35.99689865112305,110.8024673461914
2019-02-22,36.02871322631836,110.98121643066406
2019-03-01,36.1082878112793,113.14848327636719
2019-03-08,35.67861557006836,112.91130065917969
2019-03-15,36.35928726196289,112.53511810302734
2019-03-22,36.864952087402344,111.97084045410156
2019-03-29,37.61140060424805,114.32617950439453
2019-04-05,37.29837417602539,111.37374877929688
2019-04-12,37.51507568359375,111.210205078125
2019-04-18,38.10903549194336,112.46966552734375
2019-04-26,38.73508071899414,114.81689453125
2019-05-03,39.104305267333984,116.14178466796875
2019-05-10,38.67890930175781,113.7209701538086
2019-05-17,39.48956298828125,113.36111450195312
2019-05-24,39.818641662597656,114.33441162109375
2019-05-31,39.43338394165039,107.99393463134766
2019-06-07,41.32760238647461,114.08736419677734
2019-06-14,41.504615783691406,115.35545349121094
2019-06-21,41.698753356933594,117.00234985351562
2019-06-28,41.18914031982422,114.68851470947266
2019-07-05,42.15172576904297,115.7507095336914
2019-07-12,42.159820556640625,110.58775329589844
2019-07-19,41.569313049316406,107.30224609375
2019-07-26,43.81806182861328,107.6480941772461
2019-08-02,42.32969284057617,107.92806243896484
2019-08-09,43.21137619018555,108.72677612304688
2019-08-16,44.01219940185547,108.1668472290039
2019-08-23,43.47024154663086,105.1777572631836
2019-08-30,44.52180480957031,106.48854064941406
2019-09-06,44.67549514770508,106.36412048339844
2019-09-13,44.21175765991211,108.49622344970703
2019-09-20,43.92658233642578,109.21794128417969
2019-09-27,44.252506256103516,106.68765258789062
2019-10-04,44.43991470336914,110.885498046875
2019-10-11,43.429527282714844,108.95248413085938
2019-10-18,44.635459899902344,105.9410171508789
2019-10-25,43.796207427978516,106.48026275634766
2019-11-01,43.918426513671875,108.84464263916016
2019-11-08,42.54138946533203,110.3379135131836
2019-11-15,42.91621017456055,111.9473876953125
2019-11-22,43.209537506103516,114.5440673828125
2019-11-29,43.83604049682617,114.8531265258789
2019-12-06,44.67334747314453,117.26734161376953
2019-12-13,44.67334747314453,118.10267639160156
2019-12-20,45.124847412109375,122.01213073730469
2019-12-27,45.43679428100586,121.75318908691406
2020-01-03,44.89499282836914,120.52520751953125
2020-01-10,45.584556579589844,121.17676544189453
2020-01-17,46.74202346801758,124.61009216308594
2020-01-24,47.34949493408203,123.9000473022461
2020-01-31,47.94053268432617,124.35948181152344
2020-02-07,48.589046478271484,126.88228607177734
2020-02-14,49.21292495727539,125.41204833984375
2020-02-21,49.36068344116211,125.24494934082031
2020-02-28,43.909915924072266,113.0550537109375
2020-03-06,45.3629035949707,119.40221405029297
2020-03-13,40.13794708251953,112.89532470703125
2020-03-20,31.716176986694336,100.78951263427734
2020-03-27,35.45092010498047,103.53853607177734
2020-04-03,36.295570373535156,112.79446411132812
2020-04-09,40.576839447021484,118.72968292236328
2020-04-17,39.798431396484375,127.80064392089844
2020-04-24,37.620521545410156,130.1881561279297
2020-05-01,37.76130676269531,124.66488647460938
2020-05-08,38.183631896972656,125.00958251953125
2020-05-15,35.82355880737305,126.47236633300781
2020-05-22,37.28929138183594,122.21075439453125
2020-05-29,38.655662536621094,125.91845703125
2020-06-05,40.65135955810547,124.69107818603516
2020-06-12,38.104366302490234,120.33148956298828
2020-06-19,38.455318450927734,121.7536392211914
2020-06-26,36.408042907714844,116.65763092041016
2020-07-02,37.50271987915039,119.3326416015625
2020-07-10,37.728336334228516,120.51773071289062
2020-07-17,39.12383270263672,126.4263916015625
2020-07-24,40.519317626953125,125.38516235351562
2020-07-31,39.47478103637695,123.38744354248047
2020-08-07,39.94272994995117,125.79153442382812
2020-08-14,40.485877990722656,125.48676300048828
2020-08-21,39.50820541381836,129.31300354003906
2020-08-28,41.6390495300293,130.9235382080078
2020-09-04,42.650146484375,126.62025451660156
2020-09-11,42.6668586730957,125.92994689941406
2020-09-18,42.49839401245117,127.12298583984375
2020-09-25,41.04105758666992,124.12342071533203
2020-10-02,41.58018112182617,124.61766052246094
2020-10-09,42.801639556884766,128.6483154296875
2020-10-16,42.14457702636719,126.20265197753906
2020-10-23,42.55735778808594,123.76551055908203
2020-10-30,40.48508071899414,116.83758544921875
2020-11-06,41.656005859375,121.21760559082031
2020-11-13,45.02553939819336,127.73654174804688
2020-11-20,44.368492126464844,124.71992492675781
2020-11-27,44.39375305175781,123.56156921386719
2020-12-04,45.718177795410156,128.94161987304688
2020-12-11,45.29368591308594,131.24122619628906
2020-12-18,45.62479782104492,132.5797882080078
2020-12-24,45.370094299316406,130.8293914794922
2020-12-31,46.55868148803711,135.04251098632812
2021-01-08,43.36647415161133,137.32493591308594
2021-01-15,41.34587478637695,137.5480499267578
2021-01-22,41.167598724365234,140.33673095703125
2021-01-29,40.878929138183594,139.97634887695312
2021-02-05,42.15242004394531,141.1089630126953
2021-02-12,43.03536605834961,142.93667602539062
2021-02-19,42.5429573059082,139.84767150878906
2021-02-26,41.59207534790039,136.81704711914062
2021-03-05,43.12027359008789,134.77935791015625
2021-03-12,43.1110725402832,137.80133056640625
2021-03-19,43.49629592895508,138.1812286376953
2021-03-26,45.405303955078125,142.4033660888672
2021-04-01,44.95158767700195,140.5901641845703
2021-04-09,45.525150299072266,139.2259979248047
2021-04-16,45.953182220458984,140.0807647705078
2021-04-23,46.62947082519531,142.91278076171875
2021-04-30,46.20999526977539,140.5038604736328
2021-05-07,46.66371154785156,145.4857635498047
2021-05-14,46.852046966552734,146.97084045410156
2021-05-21,46.757869720458984,147.60977172851562
2021-05-28,47.33143615722656,147.0450439453125
2021-06-04,48.14469528198242,144.19532775878906
2021-06-11,48.07621383666992,143.31785583496094
2021-06-18,46.3770637512207,140.7288360595703
2021-06-25,46.851444244384766,142.666259765625
2021-07-02,46.730690002441406,146.8104248046875
2021-07-09,46.97220230102539,147.4794158935547
2021-07-16,48.64545440673828,146.04588317871094
2021-07-23,49.171592712402344,149.2517852783203
2021-07-30,49.188846588134766,149.6080322265625
2021-08-06,48.85246276855469,150.3986053466797
2021-08-13,49.3613395690918,153.1266326904297
2021-08-20,48.85246276855469,155.8981170654297
2021-08-27,47.99857711791992,151.13504028320312
2021-09-03,48.930091857910156,152.97906494140625
2021-09-10,47.96408462524414,145.92620849609375
2021-09-17,47.30931854248047,143.98599243164062
2021-09-24,46.831363677978516,143.64512634277344
2021-10-01,46.075313568115234,140.2454071044922
2021-10-08,47.0312385559082,140.6474151611328
2021-10-15,47.344078063964844,140.97080993652344
2021-10-22,47.31800842285156,143.0857696533203
2021-10-29,48.98652648925781,142.35166931152344
2021-11-05,49.394962310791016,142.83233642578125
2021-11-12,49.195091247558594,144.2132110595703
2021-11-19,47.908958435058594,142.36038208007812
2021-11-26,46.692317962646484,140.04678344726562
2021-12-03,46.88801193237305,140.20518493652344
2021-12-10,49.28758239746094,145.580078125
2021-12-17,50.557437896728516,147.9904022216797
2021-12-23,50.986549377441406,148.0080108642578
2021-12-31,51.853553771972656,150.48870849609375
2022-01-07,52.83441162109375,153.0222625732422
2022-01-14,53.7627067565918,147.64736938476562
2022-01-21,52.93950271606445,145.03465270996094
2022-01-28,53.28104019165039,151.1221160888672
2022-02-04,53.386131286621094,150.9813690185547
2022-02-11,52.799373626708984,147.53297424316406
2022-02-18,54.76982498168945,144.6287841796875
2022-02-25,55.04131317138672,146.96607971191406
2022-03-04,54.79610061645508,150.0470428466797
2022-03-11,50.72382354736328,149.93194580078125
2022-03-18,53.03587341308594,154.79249572753906
2022-03-25,54.297786712646484,156.6339874267578
2022-04-01,55.48029708862305,157.7583770751953
2022-04-08,56.32745361328125,161.23768615722656
2022-04-14,57.37758255004883,159.27230834960938
2022-04-22,57.5805549621582,160.7242431640625
2022-04-29,57.015777587890625,159.76809692382812
2022-05-06,57.130489349365234,156.14703369140625
2022-05-13,57.99531173706055,156.57200622558594
2022-05-20,53.812442779541016,156.68710327148438
2022-05-27,57.07754135131836,161.3560791015625
2022-06-03,55.568538665771484,157.1949920654297
2022-06-10,54.19190216064453,153.74668884277344
2022-06-17,52.82353973388672,150.9934539794922
2022-06-24,56.0322380065918,162.42532348632812
2022-07-01,57.223270416259766,159.95718383789062
2022-07-08,56.121124267578125,158.85226440429688
2022-07-15,55.552268981933594,158.80772399902344
2022-07-22,54.7434196472168,153.36358642578125
2022-07-29,57.03661346435547,155.50204467773438
2022-08-05,56.334434509277344,152.46363830566406
2022-08-12,56.618873596191406,147.28677368164062
2022-08-19,57.92546081542969,150.8597869873047
2022-08-26,56.09445571899414,147.3524627685547
2022-09-02,54.35234069824219,145.9800262451172
2022-09-09,55.392276763916016,148.64418029785156
2022-09-16,53.307151794433594,150.33953857421875
2022-09-23,52.465545654296875,149.55014038085938
2022-09-30,50.1556282043457,146.5361785888672
2022-10-07,48.803707122802734,143.70162963867188
2022-10-14,49.22451400756836,147.5229034423828
2022-10-21,50.10192108154297,151.33518981933594
2022-10-28,54.39942932128906,156.86077880859375
2022-11-04,53.05645751953125,153.81993103027344
2022-11-11,54.900814056396484,151.81961059570312
2022-11-18,54.739646911621094,158.05381774902344
2022-11-25,56.12739562988281,160.01290893554688
2022-12-02,58.022220611572266,161.49351501464844
2022-12-09,56.931217193603516,158.65872192382812
2022-12-16,56.57956314086914,158.59547424316406
2022-12-23,57.54434585571289,160.22959899902344
2022-12-30,57.35499572753906,159.48025512695312
2023-01-06,57.1656494140625,162.73036193847656
2023-01-13,55.38936233520508,156.57327270507812
2023-01-20,54.172115325927734,152.33909606933594
2023-01-27,54.54179382324219,151.878662109375
2023-02-03,53.94669723510742,148.6105194091797
2023-02-10,53.757347106933594,146.3895721435547
2023-02-17,54.20818328857422,145.84213256835938
2023-02-24,53.95571517944336,141.82305908203125
2023-03-03,53.59503936767578,140.04991149902344
2023-03-10,53.387657165527344,137.85848999023438
2023-03-17,54.53313064575195,138.5586700439453
2023-03-24,55.332672119140625,138.80416870117188
2023-03-31,56.359378814697266,140.9410400390625
2023-04-06,57.09532165527344,150.17039489746094
2023-04-14,57.286128997802734,150.79779052734375
2023-04-21,58.19472122192383,147.9335479736328
2023-04-28,58.28556823730469,148.85191345214844
2023-05-05,58.16744613647461,147.92442321777344
2023-05-12,58.24922180175781,146.19677734375
2023-05-19,57.08624267578125,144.4963836669922
2023-05-26,54.75118637084961,141.408935546875
2023-06-02,55.568904876708984,143.8092498779297
2023-06-09,54.94198989868164,146.59437561035156
2023-06-16,56.45902633666992,150.46054077148438
2023-06-23,56.02873611450195,151.60574340820312
2023-06-30,55.13154602050781,151.64239501953125
2023-07-07,54.710411071777344,145.89810180664062
2023-07-14,55.75408172607422,146.4661102294922
2023-07-21,57.1639518737793,155.92088317871094
2023-07-28,57.20057678222656,159.85118103027344
2023-08-04,55.580135345458984,154.86727905273438
2023-08-11,56.00126266479492,159.27401733398438
2023-08-18,55.79985809326172,158.0280303955078
2023-08-25,55.28718185424805,153.4170379638672
2023-09-01,54.29844284057617,148.0924530029297
2023-09-08,53.401248931884766,148.16627502441406
2023-09-15,53.46504211425781,148.98756408691406
2023-09-22,53.15129470825195,148.11090087890625
2023-09-29,51.65641784667969,143.72756958007812
2023-10-06,49.0357666015625,145.47166442871094
2023-10-13,48.80507278442383,144.74264526367188
2023-10-20,50.355323791503906,141.18984985351562
2023-10-27,50.97357177734375,134.36105346679688
2023-11-03,52.357723236083984,139.65798950195312
2023-11-10,52.33926773071289,135.88369750976562
2023-11-17,52.837554931640625,138.2276153564453
2023-11-24,54.0463752746582,141.85537719726562
2023-12-01,54.541839599609375,147.32498168945312
2023-12-08,54.51393127441406,143.641357421875
2023-12-15,54.504634857177734,144.32972717285156
2023-12-22,54.244197845458984,144.60879516601562
2023-12-29,54.81156539916992,145.7994384765625
2024-01-05,55.49985122680664,149.8830108642578
2024-01-12,56.16954040527344,151.05506896972656
2024-01-19,55.648677825927734,150.3946075439453
2024-01-26,55.220821380615234,148.36679077148438
2024-02-02,56.309059143066406,145.67852783203125
2024-02-09,55.397544860839844,145.81805419921875
2024-02-16,55.23942184448242,146.72837829589844
2024-02-23,56.92292785644531,151.68646240234375
2024-03-01,55.36963653564453,151.94891357421875
2024-03-08,55.36033630371094,149.5120391845703
2024-03-15,56.14067077636719,148.256103515625
2024-03-22,56.71257781982422,145.49118041992188
2024-03-28,57.35948944091797,148.26548767089844
2024-04-05,55.79377365112305,142.82936096191406
2024-04-12,54.64058303833008,138.264892578125
2024-04-19,56.412559509277344,138.63043212890625
2024-04-26,57.884521484375,136.97146606445312
2024-05-03,58.287662506103516,139.9051055908203
2024-05-10,59.30958938598633,140.50497436523438
2024-05-17,59.093963623046875,144.9381866455078
2024-05-24,58.12827682495117,138.86289978027344
2024-05-31,59.000205993652344,138.5794219970703
2024-06-07,59.91900634765625,138.96682739257812
2024-06-14,59.098968505859375,137.51174926757812
2024-06-21,59.30683898925781,140.5447235107422
2024-06-28,60.13828659057617,138.09756469726562
2024-07-05,60.24221420288086,138.39991760253906
2024-07-12,60.185523986816406,141.6123809814453
2024-07-19,61.687801361083984,146.15704345703125
2024-07-26,63.35070037841797,151.77882385253906
2024-08-02,65.5049057006836,155.0857696533203
2024-08-09,64.89076232910156,151.7599334716797
2024-08-16,65.3631820678711,150.59776306152344
2024-08-23,65.93952178955078,155.07632446289062
2024-08-30,68.47167205810547,157.9003448486328
2024-09-06,67.21504211425781,156.49134826660156
2024-09-13,67.93269348144531,157.57664489746094
2024-09-20,68.15149688720703,156.28192138671875
2024-09-27,68.29419708251953,153.6543731689453
2024-10-04,66.75308227539062,152.59764099121094
2024-10-11,66.18229675292969,153.7115020751953
2024-10-18,67.00993347167969,157.19583129882812
2024-10-25,63.66133117675781,153.1593475341797
2024-11-01,61.8443489074707,152.44534301757812
2024-11-08,60.80742645263672,148.0089569091797
2024-11-15,58.733577728271484,146.6094970703125
2024-11-22,60.80742645263672,147.72335815429688
2024-11-29,61.4219856262207,148.75511169433594
2024-12-06,59.936279296875,143.28512573242188
2024-12-13,60.50180435180664,140.70367431640625
2024-12-20,59.955448150634766,138.6404266357422
2024-12-27,59.85960006713867,139.197021484375
2025-01-03,59.188629150390625,138.37171936035156
2025-01-10,58.53683853149414,136.32766723632812
2025-01-17,60.10881042480469,141.0971221923828
2025-01-24,59.351585388183594,140.89559936523438
2025-01-31,60.84687423706055,146.010498046875
2025-02-07,61.19194030761719,146.9413604736328
2025-02-14,66.0133056640625,149.84912109375
2025-02-21,68.39042663574219,156.9976806640625
2025-02-28,68.25624084472656,159.62881469726562
2025-03-07,68.46710205078125,161.2442626953125
2025-03-14,66.78047943115234,157.49102783203125
2025-03-21,66.30731964111328,158.28424072265625
2025-03-28,67.94884490966797,158.36163330078125
2025-04-04,67.52397155761719,148.23367309570312
2025-04-11,68.97236633300781,146.77301025390625
2025-04-17,70.48834991455078,152.32546997070312
2025-04-25,69.43585205078125,149.52989196777344
2025-05-02,69.18480682373047,151.01959228515625
2025-05-09,68.09366607666016,149.18165588378906
2025-05-16,69.52275848388672,146.38607788085938
2025-05-23,69.30066680908203,147.94345092773438
2025-05-30,69.61931610107422,151.42645263671875
2025-06-06,68.8951187133789,151.25082397460938
2025-06-13,69.06404113769531,153.27037048339844
2025-06-20,66.94408416748047,146.13856506347656
2025-06-27,68.39305114746094,148.6947021484375
2025-07-03,69.38496398925781,152.20692443847656
2025-07-11,67.94573211669922,153.0752410888672
2025-07-18,67.92626953125,159.70947265625
2025-07-25,67.26500701904297,164.1973419189453
2025-08-01,66.96354675292969,163.25100708007812
2025-08-08,68.40277099609375,169.104736328125
2025-08-15,67.99433898925781,172.33404541015625
2025-08-22,68.19856262207031,174.91944885253906
2025-08-29,67.08995819091797,174.11985778808594
2025-09-05,66.08832550048828,175.35816955566406
2025-09-12,65.16448211669922,174.99453735351562
2025-09-19,65.09589385986328,173.15673828125
2025-09-26,64.35115051269531,176.6161346435547
2025-10-03,65.31147766113281,185.3924102783203
2025-10-10,65.69364166259766,187.4365997314453
2025-10-17,67.0655288696289,189.89356994628906
2025-10-24,68.31002044677734,187.12208557128906
2025-10-31,67.51628875732422,185.61843872070312
2025-11-07,69.13316345214844,183.35806274414062
2025-11-14,69.73090362548828,192.55690002441406
2025-11-21,71.48495483398438,200.38967895507812
2025-11-28,71.65154266357422,204.64886474609375
2025-12-05,69.07598876953125,199.713623046875
2025-12-12,69.58912658691406,209.25770568847656
2025-12-19,69.13520050048828,204.10488891601562
2025-12-26,68.94771575927734,205.35105895996094
2026-01-02,68.20761108398438,205.0741424560547
2026-01-09,69.57926177978516,202.14663696289062
2026-01-16,69.51019287109375,216.260009765625
2026-01-23,71.91797637939453,217.7237548828125
2026-01-30,73.82249450683594,224.75572204589844
2026-02-06,77.9867935180664,237.35589599609375
2026-02-13,77.64141845703125,240.7779083251953
2026-02-20,78.78610229492188,239.8284454345703
2026-02-27,80.4833984375,247.00942993164062
2026-03-06,76.02306365966797,239.0253448486328
2026-03-13,76.8438720703125,240.13894653320312
2026-03-20,74.2704849243164,234.02410888671875
2026-03-27,75.22432708740234,239.07505798339844
2026-04-02,76.22785186767578,241.65025329589844
2026-04-10,76.97303771972656,237.09645080566406
2026-04-17,75.25413513183594,232.84091186523438
2026-04-24,76.138427734375,226.19911193847656
2026-05-01,78.07592010498047,225.89088439941406
2026-05-08,77.91693878173828,220.05445861816406
2026-05-15,80.30155181884766,225.41363525390625
2026-05-22,80.95732116699219,233.0
2026-05-29,78.50315856933594,225.3300018310547
2026-06-05,78.97014617919922,232.77000427246094
2026-06-12,82.09000396728516,240.8699951171875
2026-06-18,79.38999938964844,228.38999938964844
2026-06-26,82.62999725341797,254.66000366210938
2026-07-02,84.13999938964844,263.0400085449219
2026-07-10,83.48999786376953,256.9800109863281
2026-07-17,81.55999755859375,253.0399932861328
2026-07-24,82.25,263.3999938964844
2026-07-31,87.58999633789062,256.3500061035156
