date,nav_mult_3y,nav_mult_5y,nav_mult_10y,dd_3y,dd_5y,dd_10y,hs300_mult_10y,nav_3y_yuan,nav_5y_yuan,nav_10y_yuan
2016-07-29,,,1.0000,,,0.0000,1.0000,,,1980218.4944
2016-08-05,,,1.0000,,,0.0000,0.9998,,,1980251.5437
2016-08-12,,,1.0070,,,0.0000,1.0095,,,1994027.6574
2016-08-19,,,1.0217,,,0.0000,1.0459,,,2023277.1438
2016-08-26,,,1.0210,,,-0.0007,1.0388,,,2021828.1142
2016-09-02,,,1.0298,,,0.0000,1.0438,,,2039246.2200
2016-09-09,,,1.0383,,,0.0000,1.0452,,,2056063.4046
2016-09-14,,,0.9926,,,-0.0441,1.0234,,,1965474.9542
2016-09-23,,,0.9946,,,-0.0421,1.0270,,,1969432.4628
2016-09-29,,,0.9946,,,-0.0421,1.0270,,,1969432.4628
2016-09-30,,,0.9981,,,-0.0387,1.0181,,,1976453.3010
2016-10-10,,,0.9981,,,-0.0387,1.0181,,,1976453.3010
2016-10-14,,,1.0202,,,-0.0175,1.0322,,,2020142.5131
2016-10-21,,,1.0673,,,0.0000,1.0361,,,2113524.0022
2016-10-28,,,1.0792,,,0.0000,1.0550,,,2137003.5543
2016-11-04,,,1.0780,,,-0.0011,1.0506,,,2134640.8087
2016-11-11,,,1.0871,,,0.0000,1.0522,,,2152660.4505
2016-11-18,,,1.0902,,,0.0000,1.0794,,,2158896.0754
2016-11-25,,,1.1299,,,0.0000,1.0807,,,2237407.4686
2016-11-30,,,1.1299,,,0.0000,1.0807,,,2237407.4686
2016-12-02,,,1.1912,,,0.0000,1.1138,,,2358910.1234
2016-12-07,,,1.1912,,,0.0000,1.1138,,,2358910.1234
2016-12-09,,,1.2330,,,0.0000,1.0913,,,2441674.9270
2016-12-16,,,1.1640,,,-0.0560,1.0538,,,2304917.6034
2016-12-23,,,1.1582,,,-0.0607,1.0418,,,2293554.5184
2016-12-28,,,1.1582,,,-0.0607,1.0418,,,2293554.5184
2016-12-30,,,1.1529,,,-0.0650,1.0347,,,2282990.7018
2017-01-04,,,1.1529,,,-0.0650,1.0347,,,2282990.7018
2017-01-06,,,1.1734,,,-0.0484,1.0496,,,2323617.6729
2017-01-13,,,1.1752,,,-0.0469,1.0481,,,2327070.5410
2017-01-20,,,1.1751,,,-0.0470,1.0338,,,2327000.2429
2017-01-23,,,1.1751,,,-0.0470,1.0338,,,2327000.2429
2017-01-26,,,1.2022,,,-0.0250,1.0628,,,2380529.8475
2017-02-03,,,1.2122,,,-0.0169,1.0650,,,2400330.8128
2017-02-10,,,1.2038,,,-0.0237,1.0602,,,2383764.7897
2017-02-17,,,1.2154,,,-0.0143,1.0822,,,2406735.5467
2017-02-24,,,1.2170,,,-0.0130,1.0837,,,2409985.3748
2017-03-01,,,1.2232,,,-0.0080,1.0837,,,2422148.2833
2017-03-03,,,1.2474,,,0.0000,1.0809,,,2470080.1488
2017-03-09,,,1.2641,,,0.0000,1.0809,,,2503119.6145
2017-03-10,,,1.2830,,,0.0000,1.0815,,,2540718.8532
2017-03-17,,,1.3096,,,0.0000,1.0809,,,2593268.4105
2017-03-22,,,1.3096,,,0.0000,1.0809,,,2593268.4105
2017-03-24,,,1.3301,,,0.0000,1.0863,,,2633911.2657
2017-03-31,,,1.3150,,,-0.0114,1.0839,,,2603916.0318
2017-04-07,,,1.3232,,,-0.0052,1.1006,,,2620167.4939
2017-04-14,,,1.3212,,,-0.0067,1.0978,,,2616246.3409
2017-04-21,,,1.2953,,,-0.0262,1.0827,,,2564959.3091
2017-04-28,,,1.2828,,,-0.0355,1.0767,,,2540299.1091
2017-05-05,,,1.2897,,,-0.0304,1.0662,,,2553795.4440
2017-05-12,,,1.2872,,,-0.0323,1.0492,,,2548849.3599
2017-05-16,,,1.2872,,,-0.0323,1.0492,,,2548849.3599
2017-05-19,,,1.3168,,,-0.0100,1.0685,,,2607458.0767
2017-05-26,,,1.3342,,,0.0000,1.0717,,,2642084.8897
2017-06-02,,,1.3672,,,0.0000,1.0991,,,2707331.3898
2017-06-06,,,1.3672,,,0.0000,1.0991,,,2707331.3898
2017-06-09,,,1.3667,,,-0.0004,1.0960,,,2706336.8954
2017-06-16,,,1.3848,,,0.0000,1.1113,,,2742201.9058
2017-06-23,,,1.3874,,,0.0000,1.1149,,,2747426.4247
2017-06-30,,,1.4255,,,0.0000,1.1487,,,2822840.8511
2017-07-07,,,1.4180,,,-0.0053,1.1435,,,2807990.3197
2017-07-14,,,1.4042,,,-0.0150,1.1530,,,2780612.6372
2017-07-18,,,1.4042,,,-0.0150,1.1530,,,2780612.6372
2017-07-21,,,1.3894,,,-0.0253,1.1469,,,2751400.5773
2017-07-28,,,1.4104,,,-0.0106,1.1631,,,2792979.1627
2017-08-03,,,1.4104,,,-0.0106,1.1631,,,2792979.1627
2017-08-04,,,1.4205,,,-0.0035,1.1741,,,2812850.1869
2017-08-11,,,1.3816,,,-0.0308,1.1545,,,2735884.7696
2017-08-18,,,1.4146,,,-0.0077,1.1564,,,2801178.2795
2017-08-25,,,1.4157,,,-0.0069,1.1809,,,2803396.6330
2017-09-01,,,1.4330,,,0.0000,1.2038,,,2837650.7054
2017-09-08,,,1.4877,,,0.0000,1.2078,,,2945946.6038
2017-09-15,,,1.4879,,,0.0000,1.2091,,,2946270.5731
2017-09-22,,,1.5063,,,0.0000,1.2088,,,2982771.8042
2017-09-26,,,1.5063,,,0.0000,1.2088,,,2982771.8042
2017-09-28,,,1.5063,,,0.0000,1.2088,,,2982771.8042
2017-09-29,,,1.5184,,,0.0000,1.2062,,,3006851.2237
2017-10-11,,,1.5184,,,0.0000,1.2062,,,3006851.2237
2017-10-13,,,1.5880,,,0.0000,1.2211,,,3144562.5077
2017-10-18,,,1.5880,,,0.0000,1.2211,,,3144562.5077
2017-10-20,,,1.5734,,,-0.0092,1.2353,,,3115686.7839
2017-10-26,,,1.5734,,,-0.0092,1.2353,,,3115686.7839
2017-10-27,,,1.5964,,,0.0000,1.2417,,,3161209.7588
2017-10-31,,,1.5964,,,0.0000,1.2417,,,3161209.7588
2017-11-03,,,1.6154,,,0.0000,1.2543,,,3198785.3962
2017-11-10,,,1.6656,,,0.0000,1.2591,,,3298233.4586
2017-11-17,,,1.7035,,,0.0000,1.2845,,,3373322.1563
2017-11-24,,,1.6699,,,-0.0197,1.2851,,,3306859.1378
2017-12-01,,,1.6162,,,-0.0512,1.2619,,,3200455.5005
2017-12-04,,,1.6162,,,-0.0512,1.2619,,,3200455.5005
2017-12-08,,,1.6130,,,-0.0531,1.2527,,,3194065.0759
2017-12-13,,,1.6130,,,-0.0531,1.2527,,,3194065.0759
2017-12-15,,,1.6294,,,-0.0435,1.2589,,,3226553.0674
2017-12-22,,,1.6477,,,-0.0327,1.2567,,,3262879.2788
2017-12-29,,,1.6564,,,-0.0276,1.2606,,,3280074.2486
2018-01-05,,,1.6817,,,-0.0128,1.2812,,,3330104.5616
2018-01-12,,,1.7236,,,0.0000,1.3072,,,3413156.6457
2018-01-19,,,1.6895,,,-0.0198,1.3344,,,3345504.9534
2018-01-26,,,1.7231,,,-0.0003,1.3542,,,3412190.1076
2018-02-02,,,1.7234,,,-0.0001,1.3244,,,3412712.7767
2018-02-09,,,1.5790,,,-0.0839,1.1906,,,3126680.4358
2018-02-14,,,1.6075,,,-0.0674,1.2124,,,3183231.2108
2018-02-23,,,1.6769,,,-0.0271,1.2700,,,3320570.4629
2018-03-02,,,1.6511,,,-0.0421,1.2627,,,3269493.7159
2018-03-09,,,1.6439,,,-0.0462,1.2656,,,3255379.0208
2018-03-16,,,1.6675,,,-0.0326,1.2845,,,3302025.3724
2018-03-23,,,1.6272,,,-0.0559,1.2146,,,3222288.0147
2018-03-30,,,1.5911,,,-0.0769,1.2017,,,3150771.1413
2018-04-04,,,1.5997,,,-0.0719,1.2162,,,3167693.8785
2018-04-13,,,1.5984,,,-0.0727,1.2122,,,3165094.5755
2018-04-20,,,1.5617,,,-0.0940,1.1744,,,3092410.7782
2018-04-27,,,1.5685,,,-0.0900,1.1765,,,3106034.9575
2018-05-04,,,1.5652,,,-0.0919,1.1821,,,3099391.6488
2018-05-11,,,1.5777,,,-0.0847,1.1959,,,3124171.9652
2018-05-14,,,1.5777,,,-0.0847,1.1959,,,3124171.9652
2018-05-18,,,1.6173,,,-0.0617,1.2168,,,3202596.5417
2018-05-25,,,1.5970,,,-0.0735,1.2048,,,3162394.6901
2018-05-30,,,1.5970,,,-0.0735,1.2048,,,3162394.6901
2018-06-01,,,1.5818,,,-0.0823,1.1788,,,3132317.6074
2018-06-08,,,1.6132,,,-0.0641,1.1906,,,3194541.1429
2018-06-15,,,1.6199,,,-0.0602,1.1837,,,3207772.8676
2018-06-22,,,1.6005,,,-0.0714,1.1220,,,3169330.8955
2018-06-29,,,1.5508,,,-0.1002,1.0822,,,3071001.4939
2018-07-06,,,1.5014,,,-0.1290,1.0438,,,2973024.4629
2018-07-10,,,1.5014,,,-0.1290,1.0438,,,2973024.4629
2018-07-13,,,1.5380,,,-0.1077,1.0690,,,3045505.3552
2018-07-20,,,1.5413,,,-0.1058,1.0765,,,3052108.5527
2018-07-27,,,1.5621,,,-0.0937,1.0973,,,3093235.0682
2018-08-03,,,1.5203,,,-0.1180,1.0500,,,3010456.2479
2018-08-09,,,1.5203,,,-0.1180,1.0500,,,3010456.2479
2018-08-10,,,1.5109,,,-0.1234,1.0318,,,2992006.5542
2018-08-17,,,1.4994,,,-0.1301,1.0211,,,2969138.3511
2018-08-24,,,1.4982,,,-0.1308,1.0163,,,2966671.0411
2018-08-31,,,1.5269,,,-0.1141,1.0486,,,3023566.2316
2018-09-07,,,1.5057,,,-0.1265,1.0305,,,2981543.7722
2018-09-14,,,1.4774,,,-0.1429,1.0108,,,2925522.2741
2018-09-21,,,1.4892,,,-0.1360,1.0115,,,2949008.1227
2018-09-28,,,1.5498,,,-0.1009,1.0664,,,3068897.4101
2018-10-12,,,1.4852,,,-0.1383,0.9802,,,2941034.9392
2018-10-19,,,1.4686,,,-0.1479,0.9532,,,2908193.3823
2018-10-24,,,1.4686,,,-0.1479,0.9532,,,2908193.3823
2018-10-26,,,1.4872,,,-0.1372,0.9818,,,2944997.9298
2018-11-02,,,1.4504,,,-0.1585,0.9662,,,2872017.4788
2018-11-09,,,1.5078,,,-0.1252,1.0028,,,2985703.7128
2018-11-16,,,1.4951,,,-0.1326,0.9984,,,2960546.7825
2018-11-23,,,1.4962,,,-0.1320,0.9943,,,2962755.7021
2018-11-30,,,1.4857,,,-0.1380,0.9901,,,2942034.5345
2018-12-07,,,1.5003,,,-0.1296,1.0061,,,2970882.4014
2018-12-14,,,1.4868,,,-0.1374,0.9927,,,2944090.4858
2018-12-21,,,1.4542,,,-0.1563,0.9526,,,2879631.3744
2018-12-24,,,1.4542,,,-0.1563,0.9526,,,2879631.3744
2018-12-28,,,1.4354,,,-0.1672,0.9390,,,2842495.2852
2019-01-04,,,1.4271,,,-0.1720,0.9298,,,2826031.0511
2019-01-11,,,1.4534,,,-0.1568,0.9615,,,2878030.5014
2019-01-18,,,1.4813,,,-0.1406,0.9705,,,2933384.2362
2019-01-25,,,1.5141,,,-0.1216,0.9898,,,2998274.5915
2019-02-01,,,1.5283,,,-0.1133,0.9971,,,3026361.0437
2019-02-15,,,1.5881,,,-0.0786,1.0261,,,3144803.9991
2019-02-22,,,1.6394,,,-0.0488,1.0662,,,3246461.0222
2019-03-01,,,1.7553,,,0.0000,1.1322,,,3475822.4262
2019-03-08,,,1.7714,,,0.0000,1.1580,,,3507754.3899
2019-03-15,,,1.8196,,,0.0000,1.1563,,,3603236.2692
2019-03-20,,,1.8196,,,0.0000,1.1563,,,3603236.2692
2019-03-22,,,1.8504,,,0.0000,1.1825,,,3664211.0422
2019-03-27,,,1.8504,,,0.0000,1.1825,,,3664211.0422
2019-03-29,,,1.8319,,,-0.0100,1.1679,,,3627627.0954
2019-04-04,,,1.9249,,,0.0000,1.2356,,,3811748.2758
2019-04-08,,,1.9249,,,0.0000,1.2356,,,3811748.2758
2019-04-12,,,1.9073,,,-0.0092,1.2547,,,3776868.9319
2019-04-19,,,1.9058,,,-0.0100,1.2490,,,3773803.6008
2019-04-26,,,1.8861,,,-0.0201,1.2312,,,3734968.2112
2019-04-30,,,1.8654,,,-0.0309,1.2274,,,3693995.6800
2019-05-07,,,1.8652,,,-0.0310,1.2274,,,3693452.5468
2019-05-10,,,1.7115,,,-0.1108,1.1354,,,3389242.1621
2019-05-17,,,1.7667,,,-0.0822,1.1498,,,3498367.4261
2019-05-24,,,1.7205,,,-0.1062,1.1332,,,3406953.0183
2019-05-31,,,1.7427,,,-0.0946,1.1263,,,3451015.0997
2019-06-06,,,1.7478,,,-0.0920,1.1266,,,3461055.8583
2019-06-14,,,1.7444,,,-0.0938,1.1301,,,3454377.9461
2019-06-21,,,1.7828,,,-0.0738,1.1525,,,3530430.9816
2019-06-28,,,1.8614,,,-0.0330,1.1893,,,3685903.0806
2019-07-05,,,1.8976,,,-0.0142,1.2208,,,3757651.8672
2019-07-12,,,1.8769,,,-0.0250,1.1954,,,3716625.7575
2019-07-19,,,1.8642,,,-0.0315,1.1864,,,3691559.0657
2019-07-26,,,1.8836,,,-0.0215,1.1926,,,3729914.7421
2019-08-02,,,1.8742,,,-0.0263,1.1782,,,3711331.4463
2019-08-07,,,1.8742,,,-0.0263,1.1782,,,3711331.4463
2019-08-09,,,1.8255,,,-0.0516,1.1325,,,3614949.2769
2019-08-16,,,1.8444,,,-0.0418,1.1440,,,3652305.8511
2019-08-23,,,1.8765,,,-0.0251,1.1784,,,3715885.9508
2019-08-30,,,1.8861,,,-0.0202,1.1887,,,3734845.7663
2019-09-06,,,1.9068,,,-0.0094,1.2035,,,3775979.5824
2019-09-12,,,1.9975,,,0.0000,1.2425,,,3955582.7883
2019-09-20,,,1.9929,,,-0.0024,1.2287,,,3946281.2509
2019-09-25,,,1.9929,,,-0.0024,1.2287,,,3946281.2509
2019-09-27,,,1.9655,,,-0.0160,1.2137,,,3892179.5150
2019-09-30,,,1.9657,,,-0.0159,1.2078,,,3892550.9655
2019-10-11,,,1.9432,,,-0.0272,1.2051,,,3848002.3713
2019-10-18,,,1.9717,,,-0.0130,1.2241,,,3904323.4856
2019-10-25,,,1.9437,,,-0.0270,1.2190,,,3848899.6738
2019-11-01,,,1.9594,,,-0.0191,1.2277,,,3880069.7903
2019-11-08,,,2.0215,,,0.0000,1.2555,,,4003058.2779
2019-11-14,,,2.0220,,,0.0000,1.2555,,,4004010.0921
2019-11-15,,,2.0041,,,-0.0088,1.2279,,,3968620.0901
2019-11-22,,,2.0268,,,0.0000,1.2141,,,4013551.7628
2019-11-29,,,2.0138,,,-0.0064,1.2050,,,3987801.2104
2019-12-06,,,2.0729,,,0.0000,1.2072,,,4104754.5592
2019-12-13,,,2.1426,,,0.0000,1.2295,,,4242886.4397
2019-12-17,,,2.1426,,,0.0000,1.2295,,,4242886.4397
2019-12-20,,,2.1868,,,0.0000,1.2521,,,4330427.7898
2019-12-27,,,2.1644,,,-0.0102,1.2554,,,4286054.7108
2020-01-03,,,2.2109,,,0.0000,1.2673,,,4377998.7807
2020-01-09,,,2.2109,,,0.0000,1.2673,,,4377998.7807
2020-01-10,,,2.2492,,,0.0000,1.2992,,,4453848.8331
2020-01-17,,,2.3742,,,0.0000,1.3117,,,4701385.9148
2020-01-23,,,2.4682,,,0.0000,1.2581,,,4887485.6248
2020-02-07,,,2.3772,,,-0.0369,1.1528,,,4707306.3053
2020-02-14,,,2.5530,,,0.0000,1.2228,,,5055529.8800
2020-02-21,,,2.6237,,,0.0000,1.2668,,,5195587.2462
2020-02-28,,,2.5615,,,-0.0237,1.2441,,,5072323.5238
2020-03-06,,,2.5177,,,-0.0404,1.2570,,,4985590.6120
2020-03-10,,,2.5177,,,-0.0404,1.2570,,,4985590.6120
2020-03-13,,,2.3896,,,-0.0892,1.1925,,,4732002.9233
2020-03-20,,,2.2973,,,-0.1244,1.1095,,,4549153.5653
2020-03-27,,,2.3100,,,-0.1196,1.1160,,,4574248.1932
2020-04-03,,,2.3829,,,-0.0918,1.1521,,,4718642.3418
2020-04-10,,,2.4319,,,-0.0731,1.1905,,,4815774.1236
2020-04-17,,,2.4469,,,-0.0674,1.1846,,,4845483.4861
2020-04-24,,,2.4486,,,-0.0667,1.1972,,,4848812.3270
2020-04-30,,,2.4507,,,-0.0660,1.1934,,,4852841.6112
2020-05-08,,,2.4844,,,-0.0531,1.2244,,,4919555.9097
2020-05-15,,,2.4976,,,-0.0481,1.2375,,,4945797.7600
2020-05-22,,,2.5612,,,-0.0238,1.2093,,,5071833.7729
2020-05-29,,,2.5536,,,-0.0267,1.2036,,,5056641.5141
2020-06-05,,,2.6057,,,-0.0069,1.2357,,,5159874.1565
2020-06-12,,,2.5930,,,-0.0117,1.2438,,,5134745.6020
2020-06-19,,,2.5722,,,-0.0196,1.2526,,,5093578.0530
2020-06-24,,,2.7285,,,0.0000,1.2924,,,5402940.0834
2020-07-03,,,2.7557,,,0.0000,1.2962,,,5456815.4341
2020-07-10,,,2.8878,,,0.0000,1.4144,,,5718421.3833
2020-07-17,,,2.8279,,,-0.0207,1.4207,,,5599770.4889
2020-07-24,,,2.7779,,,-0.0380,1.4187,,,5500860.6312
2020-07-31,,,2.7833,,,-0.0362,1.4197,,,5511473.0140
2020-08-07,,,2.9131,,,0.0000,1.4689,,,5768583.1100
2020-08-14,,,2.8759,,,-0.0128,1.4462,,,5694957.5798
2020-08-21,,,2.8510,,,-0.0213,1.4768,,,5645584.7878
2020-08-28,,,2.8641,,,-0.0168,1.4820,,,5671467.2932
2020-09-04,,,2.9775,,,0.0000,1.4970,,,5896112.5985
2020-09-11,,,2.7982,,,-0.0602,1.4436,,,5541048.3064
2020-09-18,,,2.9030,,,-0.0250,1.4574,,,5748561.4931
2020-09-25,,,2.8797,,,-0.0329,1.4425,,,5702380.9668
2020-09-30,,,2.9254,,,-0.0175,1.4453,,,5792877.6672
2020-10-09,,,3.1015,,,0.0000,1.4743,,,6141558.1924
2020-10-16,,,3.0908,,,-0.0034,1.4899,,,6120529.3111
2020-10-23,,,3.0234,,,-0.0252,1.4940,,,5986908.6816
2020-10-30,,,2.9712,,,-0.0420,1.4693,,,5883573.8063
2020-11-06,,,3.1628,,,0.0000,1.4871,,,6263055.6983
2020-11-13,,,3.2734,,,0.0000,1.5284,,,6482010.7814
2020-11-20,,,3.2126,,,-0.0186,1.5356,,,6361628.6309
2020-11-27,,,3.2651,,,-0.0025,1.5417,,,6465536.1203
2020-12-04,,,3.2545,,,-0.0058,1.5710,,,6444578.4930
2020-12-11,,,3.3104,,,0.0000,1.5359,,,6555268.6815
2020-12-18,,,3.4072,,,0.0000,1.5480,,,6746941.6877
2020-12-25,,,3.5224,,,0.0000,1.5712,,,6975174.9345
2020-12-31,,,3.5900,,,0.0000,1.5944,,,7109013.0964
2021-01-08,,,3.7741,,,0.0000,1.6441,,,7473514.2043
2021-01-15,,,3.9833,,,0.0000,1.7072,,,7887783.2173
2021-01-22,,,4.0194,,,0.0000,1.7137,,,7959315.1044
2021-01-29,,,4.0764,,,0.0000,1.6748,,,8072152.1039
2021-02-05,,,4.0451,,,-0.0077,1.6919,,,8010264.4846
2021-02-10,,,4.2112,,,0.0000,1.7356,,,8339032.7857
2021-02-19,,,4.2983,,,0.0000,1.7949,,,8511635.1910
2021-02-26,,,3.8354,,,-0.1077,1.6846,,,7594997.7715
2021-03-05,,,3.6982,,,-0.1396,1.6388,,,7323290.4005
2021-03-12,,,3.4723,,,-0.1922,1.5576,,,6875905.6728
2021-03-19,,,3.4811,,,-0.1901,1.5775,,,6893327.3387
2021-03-25,,,3.4811,,,-0.1901,1.5775,,,6893327.3387
2021-03-26,,,3.3891,,,-0.2115,1.5467,,,6711246.0999
2021-04-02,,,3.4478,,,-0.1979,1.5869,,,6827485.8156
2021-04-09,,,3.5180,,,-0.1816,1.5906,,,6966337.9953
2021-04-16,,,3.4277,,,-0.2026,1.5520,,,6787536.7874
2021-04-23,,,3.4650,,,-0.1939,1.5648,,,6861426.9781
2021-04-30,,,3.5222,,,-0.1806,1.5971,,,6974631.6124
2021-05-07,,,3.6314,,,-0.1552,1.5823,,,7190868.4411
2021-05-13,,,3.6314,,,-0.1552,1.5823,,,7190868.4411
2021-05-14,,,3.5489,,,-0.1744,1.5601,,,7027581.8024
2021-05-21,,,3.5832,,,-0.1664,1.6201,,,7095548.5590
2021-05-28,,,3.6506,,,-0.1507,1.6128,,,7228900.3159
2021-06-04,,,3.7445,,,-0.1289,1.6536,,,7414858.2469
2021-06-11,,,3.7775,,,-0.1212,1.6473,,,7480369.4256
2021-06-18,,,3.8081,,,-0.1140,1.6041,,,7540951.5741
2021-06-24,,,3.8081,,,-0.1140,1.6041,,,7540951.5741
2021-06-25,,,3.8614,,,-0.1016,1.6021,,,7646491.6249
2021-07-02,,,3.9088,,,-0.0906,1.6071,,,7740220.5518
2021-07-09,,,3.8736,,,-0.0988,1.5856,,,7670482.8362
2021-07-16,,,3.8865,,,-0.0958,1.6050,,,7696178.3889
2021-07-23,,,3.8219,,,-0.1108,1.5987,,,7568277.4912
2021-07-30,,1.0000,3.7264,,0.0000,-0.1331,1.4771,,7379060.5909,7379060.5909
2021-08-06,,1.0251,3.8199,,0.0000,-0.1113,1.5080,,7564189.4662,7564189.4662
2021-08-13,,1.0406,3.8779,,0.0000,-0.0978,1.5469,,7678991.3354,7678991.3354
2021-08-20,,1.0265,3.8252,,-0.0136,-0.1101,1.4952,,7574634.1252,7574634.1252
2021-08-27,,1.0418,3.8820,,0.0000,-0.0969,1.5088,,7687235.7150,7687235.7150
2021-09-03,,1.0222,3.8092,,-0.0188,-0.1138,1.5015,,7543093.7687,7543093.7687
2021-09-10,,1.0481,3.9055,,0.0000,-0.0914,1.5322,,7733742.8232,7733742.8232
2021-09-17,,1.0416,3.8814,,-0.0062,-0.0970,1.5158,,7686031.4261,7686031.4261
2021-09-24,,1.0453,3.8953,,-0.0026,-0.0938,1.5092,,7713548.9226,7713548.9226
2021-09-30,,1.0479,3.9050,,-0.0001,-0.0915,1.5202,,7732691.6407,7732691.6407
2021-10-08,,1.0684,3.9812,,0.0000,-0.0738,1.5493,,7883607.3634,7883607.3634
2021-10-15,,1.0475,3.9034,,-0.0195,-0.0919,1.5331,,7729604.7614,7729604.7614
2021-10-21,,1.0475,3.9034,,-0.0195,-0.0919,1.5331,,7729604.7614,7729604.7614
2021-10-22,,1.1024,4.1080,,0.0000,-0.0443,1.5345,,8134765.4288,8134765.4288
2021-10-29,,1.1093,4.1336,,0.0000,-0.0383,1.5349,,8185341.3197,8185341.3197
2021-11-05,,1.1131,4.1477,,0.0000,-0.0350,1.5196,,8213314.9777,8213314.9777
2021-11-12,,1.1126,4.1458,,-0.0005,-0.0355,1.5057,,8209584.4733,8209584.4733
2021-11-19,,1.1278,4.2026,,0.0000,-0.0223,1.5296,,8322123.2613,8322123.2613
2021-11-26,,1.1402,4.2489,,0.0000,-0.0115,1.5363,,8413822.9605,8413822.9605
2021-12-03,,1.1497,4.2841,,0.0000,-0.0033,1.5235,,8483459.4271,8483459.4271
2021-12-10,,1.1432,4.2601,,-0.0056,-0.0089,1.5483,,8435930.9755,8435930.9755
2021-12-17,,1.1661,4.3454,,0.0000,0.0000,1.5692,,8604897.0752,8604897.0752
2021-12-24,,1.1276,4.2019,,-0.0330,-0.0330,1.5433,,8320732.2500,8320732.2500
2021-12-31,,1.1314,4.2160,,-0.0298,-0.0298,1.5451,,8348512.4517,8348512.4517
2022-01-07,,1.0857,4.0458,,-0.0690,-0.0690,1.5159,,8011521.9895,8011521.9895
2022-01-14,,1.0685,3.9818,,-0.0837,-0.0837,1.4961,,7884841.2292,7884841.2292
2022-01-18,,1.0685,3.9818,,-0.0837,-0.0837,1.4961,,7884841.2292,7884841.2292
2022-01-21,,1.0789,4.0203,,-0.0748,-0.0748,1.4970,,7961121.1683,7961121.1683
2022-01-28,,1.0682,3.9805,,-0.0840,-0.0840,1.4442,,7882339.2457,7882339.2457
2022-02-11,,1.0703,3.9883,,-0.0822,-0.0822,1.4323,,7897755.6138,7897755.6138
2022-02-18,,1.0848,4.0426,,-0.0697,-0.0697,1.4347,,8005144.0358,8005144.0358
2022-02-25,,1.0711,3.9913,,-0.0815,-0.0815,1.4216,,7903563.6555,7903563.6555
2022-03-04,,1.0660,3.9722,,-0.0859,-0.0859,1.4194,,7865905.8218,7865905.8218
2022-03-11,,1.0191,3.7975,,-0.1261,-0.1261,1.2885,,7519899.7866,7519899.7866
2022-03-18,,0.9862,3.6750,,-0.1543,-0.1543,1.2488,,7277315.3231,7277315.3231
2022-03-25,,1.0203,3.8022,,-0.1250,-0.1250,1.3219,,7529185.9201,7529185.9201
2022-04-01,,1.0219,3.8081,,-0.1237,-0.1237,1.2958,,7540805.9171,7540805.9171
2022-04-08,,1.0459,3.8973,,-0.1031,-0.1031,1.3225,,7717506.9621,7717506.9621
2022-04-15,,1.0383,3.8690,,-0.1096,-0.1096,1.2909,,7661503.4529,7661503.4529
2022-04-22,,1.0316,3.8442,,-0.1153,-0.1153,1.2522,,7612372.0593,7612372.0593
2022-04-29,,1.0017,3.7326,,-0.1410,-0.1410,1.1899,,7391322.1452,7391322.1452
2022-05-06,,1.0163,3.7871,,-0.1285,-0.1285,1.2358,,7499254.3158,7499254.3158
2022-05-13,,0.9947,3.7065,,-0.1470,-0.1470,1.2062,,7339653.4950,7339653.4950
2022-05-20,,0.9993,3.7240,,-0.1430,-0.1430,1.2459,,7374241.6391,7374241.6391
2022-05-27,,0.9980,3.7189,,-0.1442,-0.1442,1.2473,,7364320.7650,7364320.7650
2022-06-02,,1.0066,3.7511,,-0.1368,-0.1368,1.2679,,7428000.0607,7428000.0607
2022-06-10,,1.0047,3.7437,,-0.1385,-0.1385,1.2871,,7413410.2501,7413410.2501
2022-06-17,,1.0098,3.7630,,-0.1340,-0.1340,1.2995,,7451522.8570,7451522.8570
2022-06-24,,1.0279,3.8302,,-0.1186,-0.1186,1.3495,,7584657.2331,7584657.2331
2022-07-01,,1.0613,3.9550,,-0.0899,-0.0899,1.3959,,7831724.4373,7831724.4373
2022-07-08,,1.0485,3.9070,,-0.1009,-0.1009,1.3908,,7736773.4004,7736773.4004
2022-07-15,,1.0169,3.7895,,-0.1279,-0.1279,1.3456,,7504071.7547,7504071.7547
2022-07-22,,1.0233,3.8131,,-0.1225,-0.1225,1.3325,,7550700.0070,7550700.0070
2022-07-29,,1.0433,3.8876,,-0.1054,-0.1054,1.3178,,7698221.2097,7698221.2097
2022-08-05,,1.0173,3.7910,,-0.1276,-0.1276,1.2853,,7507042.5216,7507042.5216
2022-08-12,,1.0466,3.9002,,-0.1025,-0.1025,1.2962,,7723226.1843,7723226.1843
2022-08-19,,1.0698,3.9863,,-0.0826,-0.0826,1.3147,,7893817.5850,7893817.5850
2022-08-26,,1.0672,3.9770,,-0.0848,-0.0848,1.2855,,7875233.5981,7875233.5981
2022-09-02,,1.0415,3.8812,,-0.1068,-0.1068,1.2684,,7685572.6661,7685572.6661
2022-09-09,,1.0534,3.9255,,-0.0966,-0.0966,1.2614,,7773427.7279,7773427.7279
2022-09-16,,1.0498,3.9121,,-0.0997,-0.0997,1.2455,,7746809.4689,7746809.4689
2022-09-23,,1.0373,3.8655,,-0.1104,-0.1104,1.2129,,7654502.8428,7654502.8428
2022-09-30,,1.0226,3.8104,,-0.1231,-0.1231,1.2039,,7545506.3559,7545506.3559
2022-10-14,,1.0016,3.7323,,-0.1411,-0.1411,1.1597,,7390819.5339,7390819.5339
2022-10-21,,1.0028,3.7368,,-0.1401,-0.1401,1.1797,,7399599.8305,7399599.8305
2022-10-28,,0.9657,3.5985,,-0.1719,-0.1719,1.1191,,7125785.1944,7125785.1944
2022-11-04,,0.9520,3.5477,,-0.1836,-0.1836,1.1072,,7025148.5822,7025148.5822
2022-11-11,,0.9832,3.6638,,-0.1569,-0.1569,1.1608,,7255159.3079,7255159.3079
2022-11-18,,1.0152,3.7829,,-0.1294,-0.1294,1.1958,,7491048.6313,7491048.6313
2022-11-25,,1.0089,3.7594,,-0.1349,-0.1349,1.1826,,7444524.9244,7444524.9244
2022-12-02,,1.0153,3.7834,,-0.1293,-0.1293,1.1630,,7492033.4066,7492033.4066
2022-12-09,,1.0513,3.9175,,-0.0985,-0.0985,1.2354,,7757454.6230,7757454.6230
2022-12-16,,1.0544,3.9291,,-0.0958,-0.0958,1.2436,,7780499.2434,7780499.2434
2022-12-23,,1.0369,3.8637,,-0.1108,-0.1108,1.2054,,7651067.9402,7651067.9402
2022-12-30,,1.0410,3.8792,,-0.1073,-0.1073,1.2122,,7681725.7965,7681725.7965
2023-01-06,,1.0498,3.9121,,-0.0997,-0.0997,1.2134,,7746804.3470,7746804.3470
2023-01-13,,1.0664,3.9736,,-0.0856,-0.0856,1.2639,,7868667.5106,7868667.5106
2023-01-20,,1.0928,4.0720,,-0.0629,-0.0629,1.2911,,8063543.8017,8063543.8017
2023-02-03,,1.1140,4.1511,,-0.0447,-0.0447,1.2995,,8220181.4395,8220181.4395
2023-02-10,,1.1175,4.1641,,-0.0417,-0.0417,1.2874,,8245851.5108,8245851.5108
2023-02-17,,1.1019,4.1059,,-0.0551,-0.0551,1.2773,,8130662.7159,8130662.7159
2023-02-24,,1.1240,4.1884,,-0.0361,-0.0361,1.2781,,8294017.9592,8294017.9592
2023-03-03,,1.1329,4.2215,,-0.0285,-0.0285,1.2752,,8359578.1153,8359578.1153
2023-03-10,,1.1188,4.1693,,-0.0405,-0.0405,1.2562,,8256056.8285,8256056.8285
2023-03-17,,1.1149,4.1545,,-0.0439,-0.0439,1.2467,,8226786.0820,8226786.0820
2023-03-24,,1.1555,4.3060,,-0.0091,-0.0091,1.2463,,8526825.5537,8526825.5537
2023-03-31,,1.2349,4.6016,,0.0000,0.0000,1.2618,,9112092.5328,9112092.5328
2023-04-07,,1.2863,4.7931,,0.0000,0.0000,1.2856,,9491356.3094,9491356.3094
2023-04-14,,1.3636,5.0812,,0.0000,0.0000,1.2857,,10061795.3212,10061795.3212
2023-04-21,,1.3884,5.1736,,0.0000,0.0000,1.2770,,10244884.2942,10244884.2942
2023-04-28,,1.3962,5.2026,,0.0000,0.0000,1.2432,,10302313.7111,10302313.7111
2023-05-05,,1.3946,5.1968,,-0.0011,-0.0011,1.2664,,10290778.1739,10290778.1739
2023-05-12,,1.3658,5.0895,,-0.0217,-0.0217,1.2471,,10078247.6909,10078247.6909
2023-05-19,,1.3492,5.0275,,-0.0337,-0.0337,1.2425,,9955552.9385,9955552.9385
2023-05-26,,1.3511,5.0346,,-0.0323,-0.0323,1.2084,,9969585.3410,9969585.3410
2023-06-02,,1.3396,4.9918,,-0.0405,-0.0405,1.1976,,9884896.5733,9884896.5733
2023-06-09,,1.3544,5.0469,,-0.0299,-0.0299,1.1965,,9993896.8989,9993896.8989
2023-06-16,,1.3649,5.0861,,-0.0224,-0.0224,1.2079,,10071618.3800,10071618.3800
2023-06-21,,1.3796,5.1411,,-0.0118,-0.0118,1.2238,,10180516.4874,10180516.4874
2023-06-30,,1.3648,5.0856,,-0.0225,-0.0225,1.2039,,10070683.6097,10070683.6097
2023-07-07,,1.3765,5.1292,,-0.0141,-0.0141,1.2096,,10156942.8089,10156942.8089
2023-07-14,,1.3783,5.1362,,-0.0128,-0.0128,1.2136,,10170742.3220,10170742.3220
2023-07-21,,1.3794,5.1401,,-0.0120,-0.0120,1.2063,,10178489.0652,10178489.0652
2023-07-28,1.0000,1.3780,5.1350,0.0000,-0.0130,-0.0130,1.2031,10168496.2418,10168496.2418,10168496.2418
2023-08-04,1.0202,1.4058,5.2387,0.0000,0.0000,0.0000,1.2537,10373738.3431,10373738.3431,10373738.3431
2023-08-11,1.0082,1.3893,5.1769,-0.0118,-0.0118,-0.0118,1.2302,10251453.9909,10251453.9909,10251453.9909
2023-08-18,0.9941,1.3698,5.1045,-0.0256,-0.0256,-0.0256,1.1980,10107996.5128,10107996.5128,10107996.5128
2023-08-25,0.9858,1.3585,5.0623,-0.0337,-0.0337,-0.0337,1.1703,10024415.0297,10024415.0297,10024415.0297
2023-09-01,0.9999,1.3779,5.1346,-0.0199,-0.0199,-0.0199,1.1847,10167608.7215,10167608.7215,10167608.7215
2023-09-08,1.0072,1.3880,5.1723,-0.0127,-0.0127,-0.0127,1.1798,10242203.8684,10242203.8684,10242203.8684
2023-09-15,1.0055,1.3856,5.1631,-0.0144,-0.0144,-0.0144,1.1717,10224078.6561,10224078.6561,10224078.6561
2023-09-22,1.0096,1.3912,5.1841,-0.0104,-0.0104,-0.0104,1.1607,10265719.7652,10265719.7652,10265719.7652
2023-09-28,1.0137,1.3969,5.2054,-0.0064,-0.0064,-0.0064,1.1672,10307766.7402,10307766.7402,10307766.7402
2023-10-13,1.0028,1.3819,5.1494,-0.0170,-0.0170,-0.0170,1.1535,10196976.0638,10196976.0638,10196976.0638
2023-10-20,0.9894,1.3634,5.0806,-0.0302,-0.0302,-0.0302,1.1091,10060752.2930,10060752.2930,10060752.2930
2023-10-27,0.9820,1.3532,5.0426,-0.0374,-0.0374,-0.0374,1.0929,9985527.3783,9985527.3783,9985527.3783
2023-11-03,0.9936,1.3693,5.1024,-0.0260,-0.0260,-0.0260,1.1255,10103816.8362,10103816.8362,10103816.8362
2023-11-10,0.9956,1.3720,5.1126,-0.0241,-0.0241,-0.0241,1.1326,10124151.7683,10124151.7683,10124151.7683
2023-11-17,0.9901,1.3643,5.0841,-0.0295,-0.0295,-0.0295,1.1234,10067569.7372,10067569.7372,10067569.7372
2023-11-24,0.9927,1.3679,5.0974,-0.0270,-0.0270,-0.0270,1.1180,10094063.0473,10094063.0473,10094063.0473
2023-12-01,0.9841,1.3561,5.0533,-0.0354,-0.0354,-0.0354,1.0934,10006679.6541,10006679.6541,10006679.6541
2023-12-08,0.9711,1.3383,4.9869,-0.0481,-0.0481,-0.0481,1.0673,9875056.0935,9875056.0935,9875056.0935
2023-12-15,0.9660,1.3311,4.9603,-0.0531,-0.0531,-0.0531,1.0577,9822455.6853,9822455.6853,9822455.6853
2023-12-22,0.9654,1.3303,4.9572,-0.0537,-0.0537,-0.0537,1.0401,9816330.3092,9816330.3092,9816330.3092
2023-12-29,0.9753,1.3440,5.0082,-0.0440,-0.0440,-0.0440,1.0482,9917254.0682,9917254.0682,9917254.0682
2024-01-05,0.9778,1.3475,5.0212,-0.0415,-0.0415,-0.0415,1.0495,9943039.3402,9943039.3402,9943039.3402
2024-01-12,0.9761,1.3450,5.0121,-0.0432,-0.0432,-0.0432,1.0346,9925099.1370,9925099.1370,9925099.1370
2024-01-19,0.9685,1.3346,4.9733,-0.0507,-0.0507,-0.0507,1.0045,9848134.2166,9848134.2166,9848134.2166
2024-01-26,0.9739,1.3420,5.0008,-0.0454,-0.0454,-0.0454,1.0097,9902690.1155,9902690.1155,9902690.1155
2024-02-02,0.9870,1.3601,5.0681,-0.0326,-0.0326,-0.0326,0.9845,10035956.8990,10035956.8990,10035956.8990
2024-02-08,0.9934,1.3689,5.1010,-0.0263,-0.0263,-0.0263,0.9855,10101026.3964,10101026.3964,10101026.3964
2024-02-23,1.0204,1.4062,5.2399,0.0000,0.0000,0.0000,1.0655,10376141.8803,10376141.8803,10376141.8803
2024-03-01,1.0331,1.4236,5.3050,0.0000,0.0000,0.0000,1.0887,10504994.0016,10504994.0016,10504994.0016
2024-03-08,1.0374,1.4296,5.3273,0.0000,0.0000,0.0000,1.1122,10549283.0054,10549283.0054,10549283.0054
2024-03-15,1.0386,1.4313,5.3335,0.0000,0.0000,0.0000,1.1192,10561424.7105,10561424.7105,10561424.7105
2024-03-22,1.0765,1.4835,5.5279,0.0000,0.0000,0.0000,1.1157,10946473.4822,10946473.4822,10946473.4822
2024-03-29,1.0401,1.4332,5.3408,-0.0338,-0.0338,-0.0338,1.1051,10575940.4183,10575940.4183,10575940.4183
2024-04-03,1.0554,1.4543,5.4195,-0.0196,-0.0196,-0.0196,1.1248,10731726.7125,10731726.7125,10731726.7125
2024-04-12,1.0319,1.4220,5.2988,-0.0414,-0.0414,-0.0414,1.0990,10492795.6885,10492795.6885,10492795.6885
2024-04-19,1.0537,1.4520,5.4107,-0.0212,-0.0212,-0.0212,1.1001,10714361.9552,10714361.9552,10714361.9552
2024-04-26,1.0221,1.4084,5.2484,-0.0506,-0.0506,-0.0506,1.1071,10393031.9429,10393031.9429,10393031.9429
2024-04-30,1.1379,1.5681,5.8434,0.0000,0.0000,0.0000,1.1334,11571202.3088,11571202.3088,11571202.3088
2024-05-10,1.1021,1.5187,5.6591,-0.0315,-0.0315,-0.0315,1.1493,11206257.0272,11206257.0272,11206257.0272
2024-05-17,1.0833,1.4928,5.5628,-0.0480,-0.0480,-0.0480,1.1478,11015495.3820,11015495.3820,11015495.3820
2024-05-24,1.0992,1.5147,5.6445,-0.0340,-0.0340,-0.0340,1.1401,11177249.9482,11177249.9482,11177249.9482
2024-05-31,1.0829,1.4922,5.5607,-0.0484,-0.0484,-0.0484,1.1338,11011325.2111,11011325.2111,11011325.2111
2024-06-07,1.0851,1.4953,5.5722,-0.0464,-0.0464,-0.0464,1.1250,11034160.5638,11034160.5638,11034160.5638
2024-06-14,1.0896,1.5015,5.5953,-0.0425,-0.0425,-0.0425,1.1096,11079967.5968,11079967.5968,11079967.5968
2024-06-21,1.1412,1.5725,5.8599,0.0000,0.0000,0.0000,1.1002,11603837.9643,11603837.9643,11603837.9643
2024-06-28,1.1221,1.5463,5.7620,-0.0167,-0.0167,-0.0167,1.0897,11409998.4611,11409998.4611,11409998.4611
2024-07-05,1.1173,1.5397,5.7376,-0.0209,-0.0209,-0.0209,1.0767,11361752.2865,11361752.2865,11361752.2865
2024-07-12,1.1247,1.5499,5.7755,-0.0144,-0.0144,-0.0144,1.0720,11436755.3485,11436755.3485,11436755.3485
2024-07-19,1.1365,1.5661,5.8359,-0.0041,-0.0041,-0.0041,1.0961,11556366.6415,11556366.6415,11556366.6415
2024-07-26,1.1237,1.5485,5.7704,-0.0153,-0.0153,-0.0153,1.0717,11426671.2052,11426671.2052,11426671.2052
2024-08-02,1.1232,1.5478,5.7679,-0.0157,-0.0157,-0.0157,1.0619,11421650.3990,11421650.3990,11421650.3990
2024-08-09,1.1201,1.5435,5.7516,-0.0185,-0.0185,-0.0185,1.0511,11389500.6788,11389500.6788,11389500.6788
2024-08-16,1.1260,1.5516,5.7819,-0.0133,-0.0133,-0.0133,1.0445,11449434.0760,11449434.0760,11449434.0760
2024-08-23,1.1342,1.5630,5.8243,-0.0061,-0.0061,-0.0061,1.0468,11533403.3806,11533403.3806,11533403.3806
2024-08-30,1.1286,1.5552,5.7953,-0.0110,-0.0110,-0.0110,1.0355,11475969.7934,11475969.7934,11475969.7934
2024-09-02,1.1286,1.5552,5.7953,-0.0110,-0.0110,-0.0110,1.0355,11475969.7934,11475969.7934,11475969.7934
2024-09-06,1.1188,1.5417,5.7450,-0.0196,-0.0196,-0.0196,1.0233,11376294.2404,11376294.2404,11376294.2404
2024-09-13,1.0970,1.5116,5.6329,-0.0387,-0.0387,-0.0387,1.0006,11154365.3572,11154365.3572,11154365.3572
2024-09-20,1.1024,1.5191,5.6609,-0.0340,-0.0340,-0.0340,0.9963,11209876.5959,11209876.5959,11209876.5959
2024-09-27,1.1186,1.5414,5.7438,-0.0198,-0.0198,-0.0198,1.0129,11374016.5062,11374016.5062,11374016.5062
2024-09-30,1.2181,1.6786,6.2551,0.0000,0.0000,0.0000,1.2024,12386379.7601,12386379.7601,12386379.7601
2024-10-11,1.3058,1.7994,6.7054,0.0000,0.0000,0.0000,1.2184,13278106.9740,13278106.9740,13278106.9740
2024-10-18,1.2998,1.7911,6.6744,-0.0046,-0.0046,-0.0046,1.1925,13216675.0495,13216675.0495,13216675.0495
2024-10-25,1.3603,1.8746,6.9853,0.0000,0.0000,0.0000,1.2340,13832518.6083,13832518.6083,13832518.6083
2024-11-01,1.3359,1.8409,6.8599,-0.0180,-0.0180,-0.0180,1.2222,13584121.5241,13584121.5241,13584121.5241
2024-11-08,1.3378,1.8435,6.8695,-0.0166,-0.0166,-0.0166,1.2324,13603015.1035,13603015.1035,13603015.1035
2024-11-15,1.3795,1.9010,7.0839,0.0000,0.0000,0.0000,1.2570,14027724.8205,14027724.8205,14027724.8205
2024-11-22,1.3633,1.8786,7.0003,-0.0118,-0.0118,-0.0118,1.2243,13862215.8609,13862215.8609,13862215.8609
2024-11-29,1.3495,1.8597,6.9298,-0.0218,-0.0218,-0.0218,1.2074,13722594.2551,13722594.2551,13722594.2551
2024-12-06,1.4052,1.9363,7.2155,0.0000,0.0000,0.0000,1.2359,14288287.1504,14288287.1504,14288287.1504
2024-12-13,1.3954,1.9229,7.1654,-0.0069,-0.0069,-0.0069,1.2452,14189037.8376,14189037.8376,14189037.8376
2024-12-20,1.3943,1.9214,7.1600,-0.0077,-0.0077,-0.0077,1.2351,14178376.6493,14178376.6493,14178376.6493
2024-12-27,1.4302,1.9708,7.3441,0.0000,0.0000,0.0000,1.2441,14543016.3362,14543016.3362,14543016.3362
2025-01-03,1.3839,1.9071,7.1064,-0.0324,-0.0324,-0.0324,1.1933,14072314.8158,14072314.8158,14072314.8158
2025-01-10,1.3562,1.8688,6.9640,-0.0518,-0.0518,-0.0518,1.1817,13790278.0627,13790278.0627,13790278.0627
2025-01-17,1.3394,1.8457,6.8778,-0.0635,-0.0635,-0.0635,1.1731,13619564.1943,13619564.1943,13619564.1943
2025-01-24,1.3801,1.9019,7.0871,-0.0350,-0.0350,-0.0350,1.1982,14033945.0399,14033945.0399,14033945.0399
2025-01-27,1.3796,1.9011,7.0842,-0.0354,-0.0354,-0.0354,1.2089,14028182.2507,14028182.2507,14028182.2507
2025-02-07,1.3577,1.8709,6.9718,-0.0507,-0.0507,-0.0507,1.1988,13805604.0534,13805604.0534,13805604.0534
2025-02-14,1.3984,1.9270,7.1807,-0.0223,-0.0223,-0.0223,1.2248,14219393.6642,14219393.6642,14219393.6642
2025-02-21,1.4131,1.9472,7.2562,-0.0120,-0.0120,-0.0120,1.2358,14368815.9149,14368815.9149,14368815.9149
2025-02-28,1.4322,1.9736,7.3542,0.0000,0.0000,0.0000,1.2309,14562967.2194,14562967.2194,14562967.2194
2025-03-07,1.4069,1.9387,7.2244,-0.0177,-0.0177,-0.0177,1.2212,14305824.6600,14305824.6600,14305824.6600
2025-03-14,1.4289,1.9691,7.3376,-0.0023,-0.0023,-0.0023,1.2318,14530051.5878,14530051.5878,14530051.5878
2025-03-21,1.4282,1.9681,7.3340,-0.0028,-0.0028,-0.0028,1.2367,14522836.1101,14522836.1101,14522836.1101
2025-03-28,1.4114,1.9449,7.2475,-0.0145,-0.0145,-0.0145,1.2363,14351647.8501,14351647.8501,14351647.8501
2025-04-03,1.3954,1.9229,7.1653,-0.0257,-0.0257,-0.0257,1.2173,14188894.5077,14188894.5077,14188894.5077
2025-04-11,1.2841,1.7695,6.5939,-0.1034,-0.1034,-0.1034,1.1130,13057303.4650,13057303.4650,13057303.4650
2025-04-18,1.3419,1.8491,6.8905,-0.0630,-0.0630,-0.0630,1.1787,13644783.0629,13644783.0629,13644783.0629
2025-04-25,1.3547,1.8668,6.9563,-0.0541,-0.0541,-0.0541,1.1918,13774916.9476,13774916.9476,13774916.9476
2025-04-30,1.3513,1.8621,6.9389,-0.0565,-0.0565,-0.0565,1.1934,13740615.5002,13740615.5002,13740615.5002
2025-05-09,1.3591,1.8729,6.9790,-0.0510,-0.0510,-0.0510,1.1981,13819897.5044,13819897.5044,13819897.5044
2025-05-16,1.3734,1.8926,7.0524,-0.0410,-0.0410,-0.0410,1.2222,13965352.0056,13965352.0056,13965352.0056
2025-05-23,1.3717,1.8902,7.0435,-0.0423,-0.0423,-0.0423,1.2246,13947643.5365,13947643.5365,13947643.5365
2025-05-30,1.3537,1.8655,6.9514,-0.0548,-0.0548,-0.0548,1.2128,13765270.1271,13765270.1271,13765270.1271
2025-06-06,1.3601,1.8743,6.9843,-0.0503,-0.0503,-0.0503,1.2139,13830531.5971,13830531.5971,13830531.5971
2025-06-13,1.3739,1.8932,7.0548,-0.0407,-0.0407,-0.0407,1.2195,13970124.8440,13970124.8440,13970124.8440
2025-06-20,1.3804,1.9023,7.0886,-0.0361,-0.0361,-0.0361,1.2146,14036878.5163,14036878.5163,14036878.5163
2025-06-27,1.3876,1.9121,7.1252,-0.0311,-0.0311,-0.0311,1.2121,14109469.7415,14109469.7415,14109469.7415
2025-07-04,1.4290,1.9692,7.3382,-0.0022,-0.0022,-0.0022,1.2389,14531169.6652,14531169.6652,14531169.6652
2025-07-11,1.4314,1.9724,7.3501,-0.0006,-0.0006,-0.0006,1.2531,14554711.8240,14554711.8240,14554711.8240
2025-07-18,1.4735,2.0304,7.5662,0.0000,0.0000,0.0000,1.2649,14982795.2672,14982795.2672,14982795.2672
2025-07-25,1.5645,2.1559,8.0336,0.0000,0.0000,0.0000,1.2870,15908280.8673,15908280.8673,15908280.8673
2025-08-01,1.5937,2.1962,8.1838,0.0000,0.0000,0.0000,1.2797,16205767.4743,16205767.4743,16205767.4743
2025-08-08,1.5933,2.1956,8.1815,-0.0003,-0.0003,-0.0003,1.2789,16201115.5799,16201115.5799,16201115.5799
2025-08-12,1.5933,2.1956,8.1815,-0.0003,-0.0003,-0.0003,1.2789,16201115.5799,16201115.5799,16201115.5799
2025-08-15,1.6140,2.2241,8.2879,0.0000,0.0000,0.0000,1.2997,16411915.6179,16411915.6179,16411915.6179
2025-08-22,1.7492,2.4104,8.9823,0.0000,0.0000,0.0000,1.3272,17786832.1938,17786832.1938,17786832.1938
2025-08-29,1.8805,2.5914,9.6567,0.0000,0.0000,0.0000,1.3822,19122345.5134,19122345.5134,19122345.5134
2025-09-05,1.9890,2.7408,10.2135,0.0000,0.0000,0.0000,1.3706,20224867.8063,20224867.8063,20224867.8063
2025-09-12,1.9756,2.7224,10.1445,-0.0067,-0.0067,-0.0067,1.3976,20088415.2333,20088415.2333,20088415.2333
2025-09-19,2.0925,2.8835,10.7451,0.0000,0.0000,0.0000,1.4110,21277660.2615,21277660.2615,21277660.2615
2025-09-26,2.1028,2.8977,10.7980,0.0000,0.0000,0.0000,1.4125,21382458.4240,21382458.4240,21382458.4240
2025-09-30,2.1914,3.0198,11.2529,0.0000,0.0000,0.0000,1.4383,22283232.9961,22283232.9961,22283232.9961
2025-10-10,2.1657,2.9843,11.1207,-0.0117,-0.0117,-0.0117,1.4572,22021514.2080,22021514.2080,22021514.2080
2025-10-17,2.0456,2.8189,10.5042,-0.0665,-0.0665,-0.0665,1.4223,20800524.2641,20800524.2641,20800524.2641
2025-10-24,2.1137,2.9127,10.8538,-0.0355,-0.0355,-0.0355,1.4317,21492951.2475,21492951.2475,21492951.2475
2025-10-31,2.1819,3.0067,11.2043,-0.0043,-0.0043,-0.0043,1.4698,22186872.5764,22186872.5764,22186872.5764
2025-11-07,2.1490,2.9614,11.0353,-0.0193,-0.0193,-0.0193,1.4438,21852275.5643,21852275.5643,21852275.5643
2025-11-14,2.1303,2.9356,10.9392,-0.0279,-0.0279,-0.0279,1.4635,21661910.6995,21661910.6995,21661910.6995
2025-11-21,2.0891,2.8788,10.7277,-0.0467,-0.0467,-0.0467,1.4104,21243098.7472,21243098.7472,21243098.7472
2025-11-28,2.0642,2.8445,10.5996,-0.0581,-0.0581,-0.0581,1.4005,20989604.5406,20989604.5406,20989604.5406
2025-12-05,2.1808,3.0051,11.1983,-0.0049,-0.0049,-0.0049,1.4297,22175142.3226,22175142.3226,22175142.3226
2025-12-12,2.2291,3.0717,11.4463,0.0000,0.0000,0.0000,1.4350,22666187.7148,22666187.7148,22666187.7148
2025-12-18,2.2291,3.0717,11.4463,0.0000,0.0000,0.0000,1.4350,22666187.7148,22666187.7148,22666187.7148
2025-12-19,2.2515,3.1027,11.5617,0.0000,0.0000,0.0000,1.4202,22894730.2124,22894730.2124,22894730.2124
2025-12-26,2.3201,3.1972,11.9140,0.0000,0.0000,0.0000,1.4530,23592237.6242,23592237.6242,23592237.6242
2025-12-31,2.3148,3.1898,11.8865,-0.0023,-0.0023,-0.0023,1.4622,23537919.3931,23537919.3931,23537919.3931
2026-01-09,2.2638,3.1196,11.6249,-0.0243,-0.0243,-0.0243,1.4764,23019814.8198,23019814.8198,23019814.8198
2026-01-16,2.2978,3.1664,11.7992,-0.0096,-0.0096,-0.0096,1.4934,23364989.0391,23364989.0391,23364989.0391
2026-01-23,2.2972,3.1656,11.7962,-0.0099,-0.0099,-0.0099,1.4837,23358994.0989,23358994.0989,23358994.0989
2026-01-30,2.2862,3.1505,11.7399,-0.0146,-0.0146,-0.0146,1.4713,23247633.1516,23247633.1516,23247633.1516
2026-02-06,2.2507,3.1016,11.5576,-0.0299,-0.0299,-0.0299,1.4500,22886530.4482,22886530.4482,22886530.4482
2026-02-13,2.3369,3.2203,12.0002,0.0000,0.0000,0.0000,1.4754,23763109.2707,23763109.2707,23763109.2707
2026-02-27,2.3792,3.2785,12.2171,0.0000,0.0000,0.0000,1.4863,24192574.9922,24192574.9922,24192574.9922
2026-03-06,2.3152,3.1904,11.8885,-0.0269,-0.0269,-0.0269,1.4492,23541918.2947,23541918.2947,23541918.2947
2026-03-13,2.3038,3.1747,11.8300,-0.0317,-0.0317,-0.0317,1.4407,23425999.2135,23425999.2135,23425999.2135
2026-03-20,2.3396,3.2241,12.0142,-0.0166,-0.0166,-0.0166,1.4452,23790654.9346,23790654.9346,23790654.9346
2026-03-27,2.3333,3.2153,11.9814,-0.0193,-0.0193,-0.0193,1.3917,23725867.6331,23725867.6331,23725867.6331
2026-04-03,2.3504,3.2389,12.0694,-0.0121,-0.0121,-0.0121,1.4055,23899999.8405,23899999.8405,23899999.8405
2026-04-10,2.3591,3.2509,12.1142,-0.0084,-0.0084,-0.0084,1.4001,23988683.0408,23988683.0408,23988683.0408
2026-04-17,2.3859,3.2879,12.2519,0.0000,0.0000,0.0000,1.4617,24261387.9005,24261387.9005,24261387.9005
2026-04-24,2.4017,3.3096,12.3330,0.0000,0.0000,0.0000,1.4951,24422086.3135,24422086.3135,24422086.3135
2026-04-30,2.4022,3.3103,12.3354,0.0000,0.0000,0.0000,1.5003,24426770.1321,24426770.1321,24426770.1321
2026-05-08,2.4554,3.3836,12.6087,0.0000,0.0000,0.0000,1.5311,24967963.7141,24967963.7141,24967963.7141
2026-05-15,2.4707,3.4047,12.6873,0.0000,0.0000,0.0000,1.5306,25123624.8666,25123624.8666,25123624.8666
2026-05-22,2.5232,3.4770,12.9566,0.0000,0.0000,0.0000,1.5118,25656902.9660,25656902.9660,25656902.9660
2026-05-29,2.5596,3.5272,13.1438,0.0000,0.0000,0.0000,1.5339,26027694.7155,26027694.7155,26027694.7155
2026-06-05,2.6152,3.6038,13.4291,0.0000,0.0000,0.0000,1.5199,26592560.5767,26592560.5767,26592560.5767
2026-06-12,2.5517,3.5162,13.1028,-0.0243,-0.0243,-0.0243,1.4815,25946478.2904,25946478.2904,25946478.2904
2026-06-18,2.6052,3.5900,13.3778,-0.0038,-0.0038,-0.0038,1.5212,26490872.8589,26490872.8589,26490872.8589
2026-06-26,2.8522,3.9304,14.6463,0.0000,0.0000,0.0000,1.5345,29002827.4785,29002827.4785,29002827.4785
2026-07-03,2.9139,4.0155,14.9632,0.0000,0.0000,0.0000,1.5204,29630314.5136,29630314.5136,29630314.5136
2026-07-10,2.8992,3.9951,14.8873,-0.0051,-0.0051,-0.0051,1.4996,29480179.9687,29480179.9687,29480179.9687
2026-07-17,2.7965,3.8536,14.3599,-0.0403,-0.0403,-0.0403,1.4227,28435710.8142,28435710.8142,28435710.8142
2026-07-24,2.8168,3.8816,14.4644,-0.0333,-0.0333,-0.0333,1.4319,28642695.8256,28642695.8256,28642695.8256
