date,mult_10y_base,mult_10y_opt,mult_5y_base,mult_5y_opt,dd_10y_base,dd_10y_opt,hs300_10y
2016-07-29,1.0000,1.0000,,,0.0000,0.0000,1.0000
2016-08-05,1.0000,0.9985,,,0.0000,-0.0015,0.9998
2016-08-12,1.0070,1.0053,,,0.0000,0.0000,1.0095
2016-08-19,1.0217,1.0203,,,0.0000,0.0000,1.0459
2016-08-26,1.0210,1.0192,,,-0.0007,-0.0011,1.0388
2016-09-02,1.0298,1.0077,,,0.0000,-0.0124,1.0438
2016-09-09,1.0383,1.0103,,,0.0000,-0.0098,1.0452
2016-09-14,0.9926,1.0180,,,-0.0441,-0.0023,1.0234
2016-09-23,0.9946,1.0194,,,-0.0421,-0.0009,1.0270
2016-09-29,0.9946,1.0194,,,-0.0421,-0.0009,1.0270
2016-09-30,0.9981,1.0225,,,-0.0387,0.0000,1.0181
2016-10-10,0.9981,1.0225,,,-0.0387,0.0000,1.0181
2016-10-14,1.0202,1.0329,,,-0.0175,0.0000,1.0322
2016-10-21,1.0673,1.0731,,,0.0000,0.0000,1.0361
2016-10-28,1.0792,1.0833,,,0.0000,0.0000,1.0550
2016-11-04,1.0780,1.0841,,,-0.0011,0.0000,1.0506
2016-11-11,1.0871,1.0958,,,0.0000,0.0000,1.0522
2016-11-18,1.0902,1.0974,,,0.0000,0.0000,1.0794
2016-11-25,1.1299,1.1409,,,0.0000,0.0000,1.0807
2016-11-30,1.1299,1.1409,,,0.0000,0.0000,1.0807
2016-12-02,1.1912,1.1930,,,0.0000,0.0000,1.1138
2016-12-07,1.1912,1.1930,,,0.0000,0.0000,1.1138
2016-12-09,1.2330,1.2217,,,0.0000,0.0000,1.0913
2016-12-16,1.1640,1.1527,,,-0.0560,-0.0565,1.0538
2016-12-23,1.1582,1.1405,,,-0.0607,-0.0665,1.0418
2016-12-28,1.1582,1.1405,,,-0.0607,-0.0665,1.0418
2016-12-30,1.1529,1.1352,,,-0.0650,-0.0708,1.0347
2017-01-04,1.1529,1.1352,,,-0.0650,-0.0708,1.0347
2017-01-06,1.1734,1.1554,,,-0.0484,-0.0543,1.0496
2017-01-13,1.1752,1.1572,,,-0.0469,-0.0528,1.0481
2017-01-20,1.1751,1.1571,,,-0.0470,-0.0529,1.0338
2017-01-23,1.1751,1.1571,,,-0.0470,-0.0529,1.0338
2017-01-26,1.2022,1.1837,,,-0.0250,-0.0311,1.0628
2017-02-03,1.2122,1.1936,,,-0.0169,-0.0230,1.0650
2017-02-10,1.2038,1.1854,,,-0.0237,-0.0298,1.0602
2017-02-17,1.2154,1.1968,,,-0.0143,-0.0204,1.0822
2017-02-24,1.2170,1.2002,,,-0.0130,-0.0176,1.0837
2017-03-01,1.2232,1.2052,,,-0.0080,-0.0135,1.0837
2017-03-03,1.2474,1.2308,,,0.0000,0.0000,1.0809
2017-03-09,1.2641,1.2514,,,0.0000,0.0000,1.0809
2017-03-10,1.2830,1.2668,,,0.0000,0.0000,1.0815
2017-03-17,1.3096,1.2935,,,0.0000,0.0000,1.0809
2017-03-22,1.3096,1.2935,,,0.0000,0.0000,1.0809
2017-03-24,1.3301,1.3180,,,0.0000,0.0000,1.0863
2017-03-31,1.3150,1.3011,,,-0.0114,-0.0128,1.0839
2017-04-07,1.3232,1.3090,,,-0.0052,-0.0068,1.1006
2017-04-14,1.3212,1.3142,,,-0.0067,-0.0029,1.0978
2017-04-21,1.2953,1.2843,,,-0.0262,-0.0256,1.0827
2017-04-28,1.2828,1.2657,,,-0.0355,-0.0397,1.0767
2017-05-05,1.2897,1.2737,,,-0.0304,-0.0336,1.0662
2017-05-12,1.2872,1.2713,,,-0.0323,-0.0355,1.0492
2017-05-16,1.2872,1.2713,,,-0.0323,-0.0355,1.0492
2017-05-19,1.3168,1.3005,,,-0.0100,-0.0133,1.0685
2017-05-26,1.3342,1.3178,,,0.0000,-0.0002,1.0717
2017-06-02,1.3672,1.3503,,,0.0000,0.0000,1.0991
2017-06-06,1.3672,1.3503,,,0.0000,0.0000,1.0991
2017-06-09,1.3667,1.3498,,,-0.0004,-0.0004,1.0960
2017-06-16,1.3848,1.3677,,,0.0000,0.0000,1.1113
2017-06-23,1.3874,1.3703,,,0.0000,0.0000,1.1149
2017-06-30,1.4255,1.4079,,,0.0000,0.0000,1.1487
2017-07-07,1.4180,1.4005,,,-0.0053,-0.0053,1.1435
2017-07-14,1.4042,1.3866,,,-0.0150,-0.0151,1.1530
2017-07-18,1.4042,1.3866,,,-0.0150,-0.0151,1.1530
2017-07-21,1.3894,1.3764,,,-0.0253,-0.0224,1.1469
2017-07-28,1.4104,1.3987,,,-0.0106,-0.0066,1.1631
2017-08-03,1.4104,1.3987,,,-0.0106,-0.0066,1.1631
2017-08-04,1.4205,1.4085,,,-0.0035,0.0000,1.1741
2017-08-11,1.3816,1.3713,,,-0.0308,-0.0264,1.1545
2017-08-18,1.4146,1.4083,,,-0.0077,-0.0001,1.1564
2017-08-25,1.4157,1.4092,,,-0.0069,0.0000,1.1809
2017-09-01,1.4330,1.4256,,,0.0000,0.0000,1.2038
2017-09-08,1.4877,1.4846,,,0.0000,0.0000,1.2078
2017-09-15,1.4879,1.4794,,,0.0000,-0.0035,1.2091
2017-09-22,1.5063,1.4931,,,0.0000,0.0000,1.2088
2017-09-26,1.5063,1.4931,,,0.0000,0.0000,1.2088
2017-09-28,1.5063,1.4931,,,0.0000,0.0000,1.2088
2017-09-29,1.5184,1.4971,,,0.0000,0.0000,1.2062
2017-10-11,1.5184,1.4971,,,0.0000,0.0000,1.2062
2017-10-13,1.5880,1.5710,,,0.0000,0.0000,1.2211
2017-10-18,1.5880,1.5710,,,0.0000,0.0000,1.2211
2017-10-20,1.5734,1.5517,,,-0.0092,-0.0123,1.2353
2017-10-26,1.5734,1.5517,,,-0.0092,-0.0123,1.2353
2017-10-27,1.5964,1.5750,,,0.0000,0.0000,1.2417
2017-10-31,1.5964,1.5750,,,0.0000,0.0000,1.2417
2017-11-03,1.6154,1.5979,,,0.0000,0.0000,1.2543
2017-11-10,1.6656,1.6422,,,0.0000,0.0000,1.2591
2017-11-17,1.7035,1.6875,,,0.0000,0.0000,1.2845
2017-11-24,1.6699,1.6507,,,-0.0197,-0.0218,1.2851
2017-12-01,1.6162,1.5982,,,-0.0512,-0.0529,1.2619
2017-12-04,1.6162,1.5982,,,-0.0512,-0.0529,1.2619
2017-12-08,1.6130,1.5950,,,-0.0531,-0.0548,1.2527
2017-12-13,1.6130,1.5950,,,-0.0531,-0.0548,1.2527
2017-12-15,1.6294,1.6113,,,-0.0435,-0.0452,1.2589
2017-12-22,1.6477,1.6294,,,-0.0327,-0.0344,1.2567
2017-12-29,1.6564,1.6380,,,-0.0276,-0.0294,1.2606
2018-01-05,1.6817,1.6630,,,-0.0128,-0.0145,1.2812
2018-01-12,1.7236,1.7044,,,0.0000,0.0000,1.3072
2018-01-19,1.6895,1.6705,,,-0.0198,-0.0199,1.3344
2018-01-26,1.7231,1.7038,,,-0.0003,-0.0004,1.3542
2018-02-02,1.7234,1.7040,,,-0.0001,-0.0002,1.3244
2018-02-09,1.5790,1.5612,,,-0.0839,-0.0840,1.1906
2018-02-14,1.6075,1.5895,,,-0.0674,-0.0675,1.2124
2018-02-23,1.6769,1.6580,,,-0.0271,-0.0272,1.2700
2018-03-02,1.6511,1.6325,,,-0.0421,-0.0422,1.2627
2018-03-09,1.6439,1.6255,,,-0.0462,-0.0463,1.2656
2018-03-16,1.6675,1.6488,,,-0.0326,-0.0327,1.2845
2018-03-23,1.6272,1.6108,,,-0.0559,-0.0549,1.2146
2018-03-30,1.5911,1.5750,,,-0.0769,-0.0759,1.2017
2018-04-04,1.5997,1.5835,,,-0.0719,-0.0710,1.2162
2018-04-13,1.5984,1.5822,,,-0.0727,-0.0717,1.2122
2018-04-20,1.5617,1.5459,,,-0.0940,-0.0930,1.1744
2018-04-27,1.5685,1.5527,,,-0.0900,-0.0890,1.1765
2018-05-04,1.5652,1.5494,,,-0.0919,-0.0910,1.1821
2018-05-11,1.5777,1.5617,,,-0.0847,-0.0837,1.1959
2018-05-14,1.5777,1.5617,,,-0.0847,-0.0837,1.1959
2018-05-18,1.6173,1.6009,,,-0.0617,-0.0607,1.2168
2018-05-25,1.5970,1.5809,,,-0.0735,-0.0725,1.2048
2018-05-30,1.5970,1.5809,,,-0.0735,-0.0725,1.2048
2018-06-01,1.5818,1.5658,,,-0.0823,-0.0813,1.1788
2018-06-08,1.6132,1.5969,,,-0.0641,-0.0631,1.1906
2018-06-15,1.6199,1.6035,,,-0.0602,-0.0592,1.1837
2018-06-22,1.6005,1.5843,,,-0.0714,-0.0705,1.1220
2018-06-29,1.5508,1.5352,,,-0.1002,-0.0993,1.0822
2018-07-06,1.5014,1.4862,,,-0.1290,-0.1281,1.0438
2018-07-10,1.5014,1.4862,,,-0.1290,-0.1281,1.0438
2018-07-13,1.5380,1.5224,,,-0.1077,-0.1068,1.0690
2018-07-20,1.5413,1.5257,,,-0.1058,-0.1049,1.0765
2018-07-27,1.5621,1.5463,,,-0.0937,-0.0928,1.0973
2018-08-03,1.5203,1.5049,,,-0.1180,-0.1171,1.0500
2018-08-09,1.5203,1.5049,,,-0.1180,-0.1171,1.0500
2018-08-10,1.5109,1.4957,,,-0.1234,-0.1225,1.0318
2018-08-17,1.4994,1.4842,,,-0.1301,-0.1292,1.0211
2018-08-24,1.4982,1.4830,,,-0.1308,-0.1299,1.0163
2018-08-31,1.5269,1.5115,,,-0.1141,-0.1132,1.0486
2018-09-07,1.5057,1.4904,,,-0.1265,-0.1256,1.0305
2018-09-14,1.4774,1.4624,,,-0.1429,-0.1420,1.0108
2018-09-21,1.4892,1.4742,,,-0.1360,-0.1351,1.0115
2018-09-28,1.5498,1.5341,,,-0.1009,-0.0999,1.0664
2018-10-12,1.4852,1.4702,,,-0.1383,-0.1374,0.9802
2018-10-19,1.4686,1.4538,,,-0.1479,-0.1471,0.9532
2018-10-24,1.4686,1.4538,,,-0.1479,-0.1471,0.9532
2018-10-26,1.4872,1.4722,,,-0.1372,-0.1363,0.9818
2018-11-02,1.4504,1.4357,,,-0.1585,-0.1577,0.9662
2018-11-09,1.5078,1.4925,,,-0.1252,-0.1243,1.0028
2018-11-16,1.4951,1.4799,,,-0.1326,-0.1317,0.9984
2018-11-23,1.4962,1.4811,,,-0.1320,-0.1311,0.9943
2018-11-30,1.4857,1.4707,,,-0.1380,-0.1371,0.9901
2018-12-07,1.5003,1.4851,,,-0.1296,-0.1287,1.0061
2018-12-14,1.4868,1.4717,,,-0.1374,-0.1365,0.9927
2018-12-21,1.4542,1.4395,,,-0.1563,-0.1554,0.9526
2018-12-24,1.4542,1.4395,,,-0.1563,-0.1554,0.9526
2018-12-28,1.4354,1.4209,,,-0.1672,-0.1663,0.9390
2019-01-04,1.4271,1.4127,,,-0.1720,-0.1712,0.9298
2019-01-11,1.4534,1.4387,,,-0.1568,-0.1559,0.9615
2019-01-18,1.4813,1.4664,,,-0.1406,-0.1397,0.9705
2019-01-25,1.5141,1.4988,,,-0.1216,-0.1206,0.9898
2019-02-01,1.5283,1.5103,,,-0.1133,-0.1139,0.9971
2019-02-15,1.5881,1.5690,,,-0.0786,-0.0795,1.0261
2019-02-22,1.6394,1.6193,,,-0.0488,-0.0499,1.0662
2019-03-01,1.7553,1.7391,,,0.0000,0.0000,1.1322
2019-03-08,1.7714,1.7486,,,0.0000,0.0000,1.1580
2019-03-15,1.8196,1.7860,,,0.0000,0.0000,1.1563
2019-03-20,1.8196,1.7860,,,0.0000,0.0000,1.1563
2019-03-22,1.8504,1.8190,,,0.0000,0.0000,1.1825
2019-03-27,1.8504,1.8190,,,0.0000,0.0000,1.1825
2019-03-29,1.8319,1.8081,,,-0.0100,-0.0060,1.1679
2019-04-04,1.9249,1.9062,,,0.0000,0.0000,1.2356
2019-04-08,1.9249,1.9062,,,0.0000,0.0000,1.2356
2019-04-12,1.9073,1.8985,,,-0.0092,-0.0041,1.2547
2019-04-19,1.9058,1.8959,,,-0.0100,-0.0054,1.2490
2019-04-26,1.8861,1.8707,,,-0.0201,-0.0186,1.2312
2019-04-30,1.8654,1.8452,,,-0.0309,-0.0320,1.2274
2019-05-07,1.8652,1.8450,,,-0.0310,-0.0321,1.2274
2019-05-10,1.7115,1.6933,,,-0.1108,-0.1117,1.1354
2019-05-17,1.7667,1.7491,,,-0.0822,-0.0824,1.1498
2019-05-24,1.7205,1.7006,,,-0.1062,-0.1078,1.1332
2019-05-31,1.7427,1.7260,,,-0.0946,-0.0945,1.1263
2019-06-06,1.7478,1.7285,,,-0.0920,-0.0932,1.1266
2019-06-14,1.7444,1.7422,,,-0.0938,-0.0861,1.1301
2019-06-21,1.7828,1.7713,,,-0.0738,-0.0708,1.1525
2019-06-28,1.8614,1.8221,,,-0.0330,-0.0441,1.1893
2019-07-05,1.8976,1.8576,,,-0.0142,-0.0255,1.2208
2019-07-12,1.8769,1.8373,,,-0.0250,-0.0362,1.1954
2019-07-19,1.8642,1.8249,,,-0.0315,-0.0427,1.1864
2019-07-26,1.8836,1.8439,,,-0.0215,-0.0327,1.1926
2019-08-02,1.8742,1.8347,,,-0.0263,-0.0375,1.1782
2019-08-07,1.8742,1.8347,,,-0.0263,-0.0375,1.1782
2019-08-09,1.8255,1.7870,,,-0.0516,-0.0625,1.1325
2019-08-16,1.8444,1.8055,,,-0.0418,-0.0528,1.1440
2019-08-23,1.8765,1.8369,,,-0.0251,-0.0363,1.1784
2019-08-30,1.8861,1.8463,,,-0.0202,-0.0314,1.1887
2019-09-06,1.9068,1.8666,,,-0.0094,-0.0208,1.2035
2019-09-12,1.9975,1.9625,,,0.0000,0.0000,1.2425
2019-09-20,1.9929,1.9585,,,-0.0024,-0.0020,1.2287
2019-09-25,1.9929,1.9585,,,-0.0024,-0.0020,1.2287
2019-09-27,1.9655,1.9319,,,-0.0160,-0.0156,1.2137
2019-09-30,1.9657,1.9297,,,-0.0159,-0.0167,1.2078
2019-10-11,1.9432,1.9084,,,-0.0272,-0.0276,1.2051
2019-10-18,1.9717,1.9373,,,-0.0130,-0.0128,1.2241
2019-10-25,1.9437,1.9082,,,-0.0270,-0.0277,1.2190
2019-11-01,1.9594,1.9204,,,-0.0191,-0.0214,1.2277
2019-11-08,2.0215,1.9802,,,0.0000,0.0000,1.2555
2019-11-14,2.0220,1.9806,,,0.0000,0.0000,1.2555
2019-11-15,2.0041,1.9635,,,-0.0088,-0.0086,1.2279
2019-11-22,2.0268,1.9879,,,0.0000,0.0000,1.2141
2019-11-29,2.0138,1.9718,,,-0.0064,-0.0081,1.2050
2019-12-06,2.0729,2.0330,,,0.0000,0.0000,1.2072
2019-12-13,2.1426,2.1368,,,0.0000,0.0000,1.2295
2019-12-17,2.1426,2.1368,,,0.0000,0.0000,1.2295
2019-12-20,2.1868,2.1776,,,0.0000,0.0000,1.2521
2019-12-27,2.1644,2.1532,,,-0.0102,-0.0112,1.2554
2020-01-03,2.2109,2.1974,,,0.0000,0.0000,1.2673
2020-01-09,2.2109,2.1974,,,0.0000,0.0000,1.2673
2020-01-10,2.2492,2.2369,,,0.0000,0.0000,1.2992
2020-01-17,2.3742,2.3720,,,0.0000,0.0000,1.3117
2020-01-23,2.4682,2.4671,,,0.0000,0.0000,1.2581
2020-02-07,2.3772,2.3772,,,-0.0369,-0.0364,1.1528
2020-02-14,2.5530,2.5508,,,0.0000,0.0000,1.2228
2020-02-21,2.6237,2.6231,,,0.0000,0.0000,1.2668
2020-02-28,2.5615,2.5582,,,-0.0237,-0.0247,1.2441
2020-03-06,2.5177,2.5097,,,-0.0404,-0.0432,1.2570
2020-03-10,2.5177,2.5097,,,-0.0404,-0.0432,1.2570
2020-03-13,2.3896,2.3837,,,-0.0892,-0.0913,1.1925
2020-03-20,2.2973,2.2944,,,-0.1244,-0.1253,1.1095
2020-03-27,2.3100,2.3071,,,-0.1196,-0.1205,1.1160
2020-04-03,2.3829,2.3799,,,-0.0918,-0.0927,1.1521
2020-04-10,2.4319,2.4289,,,-0.0731,-0.0740,1.1905
2020-04-17,2.4469,2.4439,,,-0.0674,-0.0683,1.1846
2020-04-24,2.4486,2.4456,,,-0.0667,-0.0677,1.1972
2020-04-30,2.4507,2.4476,,,-0.0660,-0.0669,1.1934
2020-05-08,2.4844,2.4812,,,-0.0531,-0.0541,1.2244
2020-05-15,2.4976,2.5008,,,-0.0481,-0.0466,1.2375
2020-05-22,2.5612,2.5771,,,-0.0238,-0.0176,1.2093
2020-05-29,2.5536,2.5790,,,-0.0267,-0.0168,1.2036
2020-06-05,2.6057,2.6259,,,-0.0069,0.0000,1.2357
2020-06-12,2.5930,2.6058,,,-0.0117,-0.0077,1.2438
2020-06-19,2.5722,2.5793,,,-0.0196,-0.0177,1.2526
2020-06-24,2.7285,2.7452,,,0.0000,0.0000,1.2924
2020-07-03,2.7557,2.7725,,,0.0000,0.0000,1.2962
2020-07-10,2.8878,2.9161,,,0.0000,0.0000,1.4144
2020-07-17,2.8279,2.8375,,,-0.0207,-0.0270,1.4207
2020-07-24,2.7779,2.7832,,,-0.0380,-0.0456,1.4187
2020-07-31,2.7833,2.7916,,,-0.0362,-0.0427,1.4197
2020-08-07,2.9131,2.9211,,,0.0000,0.0000,1.4689
2020-08-14,2.8759,2.8833,,,-0.0128,-0.0130,1.4462
2020-08-21,2.8510,2.8486,,,-0.0213,-0.0248,1.4768
2020-08-28,2.8641,2.8580,,,-0.0168,-0.0216,1.4820
2020-09-04,2.9775,2.9821,,,0.0000,0.0000,1.4970
2020-09-11,2.7982,2.8170,,,-0.0602,-0.0554,1.4436
2020-09-18,2.9030,2.9401,,,-0.0250,-0.0141,1.4574
2020-09-25,2.8797,2.9121,,,-0.0329,-0.0235,1.4425
2020-09-30,2.9254,2.9614,,,-0.0175,-0.0069,1.4453
2020-10-09,3.1015,3.1498,,,0.0000,0.0000,1.4743
2020-10-16,3.0908,3.1280,,,-0.0034,-0.0069,1.4899
2020-10-23,3.0234,3.0464,,,-0.0252,-0.0328,1.4940
2020-10-30,2.9712,2.9962,,,-0.0420,-0.0488,1.4693
2020-11-06,3.1628,3.2109,,,0.0000,0.0000,1.4871
2020-11-13,3.2734,3.3322,,,0.0000,0.0000,1.5284
2020-11-20,3.2126,3.2727,,,-0.0186,-0.0178,1.5356
2020-11-27,3.2651,3.3437,,,-0.0025,0.0000,1.5417
2020-12-04,3.2545,3.3350,,,-0.0058,-0.0026,1.5710
2020-12-11,3.3104,3.3807,,,0.0000,0.0000,1.5359
2020-12-18,3.4072,3.4918,,,0.0000,0.0000,1.5480
2020-12-25,3.5224,3.6277,,,0.0000,0.0000,1.5712
2020-12-31,3.5900,3.6983,,,0.0000,0.0000,1.5944
2021-01-08,3.7741,3.8829,,,0.0000,0.0000,1.6441
2021-01-15,3.9833,4.1249,,,0.0000,0.0000,1.7072
2021-01-22,4.0194,4.1587,,,0.0000,0.0000,1.7137
2021-01-29,4.0764,4.2581,,,0.0000,0.0000,1.6748
2021-02-05,4.0451,4.2388,,,-0.0077,-0.0045,1.6919
2021-02-10,4.2112,4.4139,,,0.0000,0.0000,1.7356
2021-02-19,4.2983,4.5090,,,0.0000,0.0000,1.7949
2021-02-26,3.8354,3.9937,,,-0.1077,-0.1143,1.6846
2021-03-05,3.6982,3.8406,,,-0.1396,-0.1482,1.6388
2021-03-12,3.4723,3.6004,,,-0.1922,-0.2015,1.5576
2021-03-19,3.4811,3.6084,,,-0.1901,-0.1997,1.5775
2021-03-25,3.4811,3.6084,,,-0.1901,-0.1997,1.5775
2021-03-26,3.3891,3.5078,,,-0.2115,-0.2220,1.5467
2021-04-02,3.4478,3.5685,,,-0.1979,-0.2086,1.5869
2021-04-09,3.5180,3.6250,,,-0.1816,-0.1960,1.5906
2021-04-16,3.4277,3.5328,,,-0.2026,-0.2165,1.5520
2021-04-23,3.4650,3.5712,,,-0.1939,-0.2080,1.5648
2021-04-30,3.5222,3.6190,,,-0.1806,-0.1974,1.5971
2021-05-07,3.6314,3.7511,,,-0.1552,-0.1681,1.5823
2021-05-13,3.6314,3.7511,,,-0.1552,-0.1681,1.5823
2021-05-14,3.5489,3.6571,,,-0.1744,-0.1889,1.5601
2021-05-21,3.5832,3.6925,,,-0.1664,-0.1811,1.6201
2021-05-28,3.6506,3.7683,,,-0.1507,-0.1643,1.6128
2021-06-04,3.7445,3.8551,,,-0.1289,-0.1450,1.6536
2021-06-11,3.7775,3.8867,,,-0.1212,-0.1380,1.6473
2021-06-18,3.8081,3.8958,,,-0.1140,-0.1360,1.6041
2021-06-24,3.8081,3.8958,,,-0.1140,-0.1360,1.6041
2021-06-25,3.8614,3.9637,,,-0.1016,-0.1209,1.6021
2021-07-02,3.9088,4.0066,,,-0.0906,-0.1114,1.6071
2021-07-09,3.8736,3.9670,,,-0.0988,-0.1202,1.5856
2021-07-16,3.8865,3.9632,,,-0.0958,-0.1210,1.6050
2021-07-23,3.8219,3.8860,,,-0.1108,-0.1382,1.5987
2021-07-30,3.7264,3.7801,1.0000,1.0000,-0.1331,-0.1617,1.4771
2021-08-06,3.8199,3.8710,1.0251,1.0240,-0.1113,-0.1415,1.5080
2021-08-13,3.8779,3.9297,1.0406,1.0396,-0.0978,-0.1285,1.5469
2021-08-20,3.8252,3.8763,1.0265,1.0255,-0.1101,-0.1403,1.4952
2021-08-27,3.8820,3.9427,1.0418,1.0430,-0.0969,-0.1256,1.5088
2021-09-03,3.8092,3.8725,1.0222,1.0245,-0.1138,-0.1411,1.5015
2021-09-10,3.9055,3.9656,1.0481,1.0491,-0.0914,-0.1205,1.5322
2021-09-17,3.8814,3.9187,1.0416,1.0367,-0.0970,-0.1309,1.5158
2021-09-24,3.8953,3.9304,1.0453,1.0398,-0.0938,-0.1283,1.5092
2021-09-30,3.9050,3.9340,1.0479,1.0407,-0.0915,-0.1275,1.5202
2021-10-08,3.9812,4.0149,1.0684,1.0621,-0.0738,-0.1096,1.5493
2021-10-15,3.9034,3.9355,1.0475,1.0411,-0.0919,-0.1272,1.5331
2021-10-21,3.9034,3.9355,1.0475,1.0411,-0.0919,-0.1272,1.5331
2021-10-22,4.1080,4.1853,1.1024,1.1072,-0.0443,-0.0718,1.5345
2021-10-29,4.1336,4.2073,1.1093,1.1130,-0.0383,-0.0669,1.5349
2021-11-05,4.1477,4.2245,1.1131,1.1176,-0.0350,-0.0631,1.5196
2021-11-12,4.1458,4.2235,1.1126,1.1173,-0.0355,-0.0633,1.5057
2021-11-19,4.2026,4.2756,1.1278,1.1311,-0.0223,-0.0518,1.5296
2021-11-26,4.2489,4.3240,1.1402,1.1439,-0.0115,-0.0410,1.5363
2021-12-03,4.2841,4.3922,1.1497,1.1619,-0.0033,-0.0259,1.5235
2021-12-10,4.2601,4.3693,1.1432,1.1559,-0.0089,-0.0310,1.5483
2021-12-17,4.3454,4.4759,1.1661,1.1841,0.0000,-0.0073,1.5692
2021-12-24,4.2019,4.3129,1.1276,1.1410,-0.0330,-0.0435,1.5433
2021-12-31,4.2160,4.3202,1.1314,1.1429,-0.0298,-0.0419,1.5451
2022-01-07,4.0458,4.1466,1.0857,1.0970,-0.0690,-0.0804,1.5159
2022-01-14,3.9818,4.0839,1.0685,1.0804,-0.0837,-0.0943,1.4961
2022-01-18,3.9818,4.0839,1.0685,1.0804,-0.0837,-0.0943,1.4961
2022-01-21,4.0203,4.1191,1.0789,1.0897,-0.0748,-0.0865,1.4970
2022-01-28,3.9805,4.0872,1.0682,1.0812,-0.0840,-0.0935,1.4442
2022-02-11,3.9883,4.0952,1.0703,1.0834,-0.0822,-0.0918,1.4323
2022-02-18,4.0426,4.1509,1.0848,1.0981,-0.0697,-0.0794,1.4347
2022-02-25,3.9913,4.0982,1.0711,1.0842,-0.0815,-0.0911,1.4216
2022-03-04,3.9722,4.0787,1.0660,1.0790,-0.0859,-0.0954,1.4194
2022-03-11,3.7975,3.8992,1.0191,1.0315,-0.1261,-0.1352,1.2885
2022-03-18,3.6750,3.7735,0.9862,0.9983,-0.1543,-0.1631,1.2488
2022-03-25,3.8022,3.9041,1.0203,1.0328,-0.1250,-0.1342,1.3219
2022-04-01,3.8081,3.9101,1.0219,1.0344,-0.1237,-0.1328,1.2958
2022-04-08,3.8973,4.0017,1.0459,1.0586,-0.1031,-0.1125,1.3225
2022-04-15,3.8690,3.9727,1.0383,1.0510,-0.1096,-0.1189,1.2909
2022-04-22,3.8442,3.9472,1.0316,1.0442,-0.1153,-0.1246,1.2522
2022-04-29,3.7326,3.8326,1.0017,1.0139,-0.1410,-0.1500,1.1899
2022-05-06,3.7871,3.8885,1.0163,1.0287,-0.1285,-0.1376,1.2358
2022-05-13,3.7065,3.8058,0.9947,1.0068,-0.1470,-0.1559,1.2062
2022-05-20,3.7240,3.8237,0.9993,1.0115,-0.1430,-0.1520,1.2459
2022-05-27,3.7189,3.8186,0.9980,1.0102,-0.1442,-0.1531,1.2473
2022-06-02,3.7511,3.8516,1.0066,1.0189,-0.1368,-0.1458,1.2679
2022-06-10,3.7437,3.8440,1.0047,1.0169,-0.1385,-0.1475,1.2871
2022-06-17,3.7630,3.8638,1.0098,1.0221,-0.1340,-0.1431,1.2995
2022-06-24,3.8302,3.9328,1.0279,1.0404,-0.1186,-0.1278,1.3495
2022-07-01,3.9550,4.0560,1.0613,1.0730,-0.0899,-0.1005,1.3959
2022-07-08,3.9070,3.9996,1.0485,1.0581,-0.1009,-0.1130,1.3908
2022-07-15,3.7895,3.8709,1.0169,1.0240,-0.1279,-0.1415,1.3456
2022-07-22,3.8131,3.8999,1.0233,1.0317,-0.1225,-0.1351,1.3325
2022-07-29,3.8876,4.0042,1.0433,1.0593,-0.1054,-0.1119,1.3178
2022-08-05,3.7910,3.9080,1.0173,1.0338,-0.1276,-0.1333,1.2853
2022-08-12,3.9002,4.0043,1.0466,1.0593,-0.1025,-0.1119,1.2962
2022-08-19,3.9863,4.1057,1.0698,1.0861,-0.0826,-0.0894,1.3147
2022-08-26,3.9770,4.1209,1.0672,1.0902,-0.0848,-0.0861,1.2855
2022-09-02,3.8812,4.0173,1.0415,1.0628,-0.1068,-0.1090,1.2684
2022-09-09,3.9255,4.0788,1.0534,1.0790,-0.0966,-0.0954,1.2614
2022-09-16,3.9121,4.0732,1.0498,1.0775,-0.0997,-0.0967,1.2455
2022-09-23,3.8655,4.0313,1.0373,1.0665,-0.1104,-0.1059,1.2129
2022-09-30,3.8104,3.9721,1.0226,1.0508,-0.1231,-0.1191,1.2039
2022-10-14,3.7323,3.8966,1.0016,1.0308,-0.1411,-0.1358,1.1597
2022-10-21,3.7368,3.9012,1.0028,1.0320,-0.1401,-0.1348,1.1797
2022-10-28,3.5985,3.7568,0.9657,0.9939,-0.1719,-0.1668,1.1191
2022-11-04,3.5477,3.7038,0.9520,0.9798,-0.1836,-0.1786,1.1072
2022-11-11,3.6638,3.8251,0.9832,1.0119,-0.1569,-0.1517,1.1608
2022-11-18,3.7829,3.9494,1.0152,1.0448,-0.1294,-0.1241,1.1958
2022-11-25,3.7594,3.9249,1.0089,1.0383,-0.1349,-0.1295,1.1826
2022-12-02,3.7834,3.9499,1.0153,1.0449,-0.1293,-0.1240,1.1630
2022-12-09,3.9175,4.0899,1.0513,1.0820,-0.0985,-0.0929,1.2354
2022-12-16,3.9291,4.1029,1.0544,1.0854,-0.0958,-0.0901,1.2436
2022-12-23,3.8637,4.0487,1.0369,1.0711,-0.1108,-0.1021,1.2054
2022-12-30,3.8792,4.0649,1.0410,1.0754,-0.1073,-0.0985,1.2122
2023-01-06,3.9121,4.0994,1.0498,1.0845,-0.0997,-0.0908,1.2134
2023-01-13,3.9736,4.1639,1.0664,1.1015,-0.0856,-0.0765,1.2639
2023-01-20,4.0720,4.2693,1.0928,1.1294,-0.0629,-0.0531,1.2911
2023-02-03,4.1511,4.3501,1.1140,1.1508,-0.0447,-0.0352,1.2995
2023-02-10,4.1641,4.3595,1.1175,1.1533,-0.0417,-0.0331,1.2874
2023-02-17,4.1059,4.2949,1.1019,1.1362,-0.0551,-0.0475,1.2773
2023-02-24,4.1884,4.4115,1.1240,1.1671,-0.0361,-0.0216,1.2781
2023-03-03,4.2215,4.4570,1.1329,1.1791,-0.0285,-0.0115,1.2752
2023-03-10,4.1693,4.3891,1.1188,1.1611,-0.0405,-0.0266,1.2562
2023-03-17,4.1545,4.3782,1.1149,1.1582,-0.0439,-0.0290,1.2467
2023-03-24,4.3060,4.5691,1.1555,1.2087,-0.0091,0.0000,1.2463
2023-03-31,4.6016,4.9014,1.2349,1.2966,0.0000,0.0000,1.2618
2023-04-07,4.7931,5.1185,1.2863,1.3541,0.0000,0.0000,1.2856
2023-04-14,5.0812,5.4534,1.3636,1.4427,0.0000,0.0000,1.2857
2023-04-21,5.1736,5.5504,1.3884,1.4683,0.0000,0.0000,1.2770
2023-04-28,5.2026,5.5888,1.3962,1.4785,0.0000,0.0000,1.2432
2023-05-05,5.1968,5.5620,1.3946,1.4714,-0.0011,-0.0048,1.2664
2023-05-12,5.0895,5.4467,1.3658,1.4409,-0.0217,-0.0254,1.2471
2023-05-19,5.0275,5.3576,1.3492,1.4173,-0.0337,-0.0414,1.2425
2023-05-26,5.0346,5.3538,1.3511,1.4163,-0.0323,-0.0420,1.2084
2023-06-02,4.9918,5.3083,1.3396,1.4043,-0.0405,-0.0502,1.1976
2023-06-09,5.0469,5.3669,1.3544,1.4198,-0.0299,-0.0397,1.1965
2023-06-16,5.0861,5.4086,1.3649,1.4308,-0.0224,-0.0322,1.2079
2023-06-21,5.1411,5.4671,1.3796,1.4463,-0.0118,-0.0218,1.2238
2023-06-30,5.0856,5.4081,1.3648,1.4307,-0.0225,-0.0323,1.2039
2023-07-07,5.1292,5.4544,1.3765,1.4429,-0.0141,-0.0240,1.2096
2023-07-14,5.1362,5.4618,1.3783,1.4449,-0.0128,-0.0227,1.2136
2023-07-21,5.1401,5.4660,1.3794,1.4460,-0.0120,-0.0220,1.2063
2023-07-28,5.1350,5.4606,1.3780,1.4446,-0.0130,-0.0229,1.2031
2023-08-04,5.2387,5.5709,1.4058,1.4737,0.0000,-0.0032,1.2537
2023-08-11,5.1769,5.5052,1.3893,1.4564,-0.0118,-0.0150,1.2302
2023-08-18,5.1045,5.4281,1.3698,1.4360,-0.0256,-0.0287,1.1980
2023-08-25,5.0623,5.3833,1.3585,1.4241,-0.0337,-0.0368,1.1703
2023-09-01,5.1346,5.4602,1.3779,1.4445,-0.0199,-0.0230,1.1847
2023-09-08,5.1723,5.5002,1.3880,1.4551,-0.0127,-0.0158,1.1798
2023-09-15,5.1631,5.4905,1.3856,1.4525,-0.0144,-0.0176,1.1717
2023-09-22,5.1841,5.5128,1.3912,1.4584,-0.0104,-0.0136,1.1607
2023-09-28,5.2054,5.5354,1.3969,1.4644,-0.0064,-0.0095,1.1672
2023-10-13,5.1494,5.4772,1.3819,1.4490,-0.0170,-0.0200,1.1535
2023-10-20,5.0806,5.4057,1.3634,1.4300,-0.0302,-0.0328,1.1091
2023-10-27,5.0426,5.3674,1.3532,1.4199,-0.0374,-0.0396,1.0929
2023-11-03,5.1024,5.4366,1.3693,1.4382,-0.0260,-0.0272,1.1255
2023-11-10,5.1126,5.4475,1.3720,1.4411,-0.0241,-0.0253,1.1326
2023-11-17,5.0841,5.4171,1.3643,1.4331,-0.0295,-0.0307,1.1234
2023-11-24,5.0974,5.4313,1.3679,1.4368,-0.0270,-0.0282,1.1180
2023-12-01,5.0533,5.3843,1.3561,1.4244,-0.0354,-0.0366,1.0934
2023-12-08,4.9869,5.3135,1.3383,1.4057,-0.0481,-0.0493,1.0673
2023-12-15,4.9603,5.2852,1.3311,1.3982,-0.0531,-0.0543,1.0577
2023-12-22,4.9572,5.2819,1.3303,1.3973,-0.0537,-0.0549,1.0401
2023-12-29,5.0082,5.3362,1.3440,1.4117,-0.0440,-0.0452,1.0482
2024-01-05,5.0212,5.3501,1.3475,1.4153,-0.0415,-0.0427,1.0495
2024-01-12,5.0121,5.3404,1.3450,1.4128,-0.0432,-0.0444,1.0346
2024-01-19,4.9733,5.2990,1.3346,1.4018,-0.0507,-0.0518,1.0045
2024-01-26,5.0008,5.3292,1.3420,1.4098,-0.0454,-0.0464,1.0097
2024-02-02,5.0681,5.4009,1.3601,1.4288,-0.0326,-0.0336,0.9845
2024-02-08,5.1010,5.4359,1.3689,1.4381,-0.0263,-0.0273,0.9855
2024-02-23,5.2399,5.5840,1.4062,1.4772,0.0000,-0.0009,1.0655
2024-03-01,5.3050,5.6533,1.4236,1.4956,0.0000,0.0000,1.0887
2024-03-08,5.3273,5.6772,1.4296,1.5019,0.0000,0.0000,1.1122
2024-03-15,5.3335,5.6755,1.4313,1.5014,0.0000,-0.0003,1.1192
2024-03-22,5.5279,5.9019,1.4835,1.5613,0.0000,0.0000,1.1157
2024-03-29,5.3408,5.6880,1.4332,1.5047,-0.0338,-0.0362,1.1051
2024-04-03,5.4195,5.7732,1.4543,1.5273,-0.0196,-0.0218,1.1248
2024-04-12,5.2988,5.6469,1.4220,1.4939,-0.0414,-0.0432,1.0990
2024-04-19,5.4107,5.7768,1.4520,1.5282,-0.0212,-0.0212,1.1001
2024-04-26,5.2484,5.5804,1.4084,1.4763,-0.0506,-0.0545,1.1071
2024-04-30,5.8434,6.2691,1.5681,1.6585,0.0000,0.0000,1.1334
2024-05-10,5.6591,6.0470,1.5187,1.5997,-0.0315,-0.0354,1.1493
2024-05-17,5.5628,5.9399,1.4928,1.5714,-0.0480,-0.0525,1.1478
2024-05-24,5.6445,6.0449,1.5147,1.5992,-0.0340,-0.0358,1.1401
2024-05-31,5.5607,5.9576,1.4922,1.5761,-0.0484,-0.0497,1.1338
2024-06-07,5.5722,5.9763,1.4953,1.5810,-0.0464,-0.0467,1.1250
2024-06-14,5.5953,6.0039,1.5015,1.5883,-0.0425,-0.0423,1.1096
2024-06-21,5.8599,6.3326,1.5725,1.6752,0.0000,0.0000,1.1002
2024-06-28,5.7620,6.2225,1.5463,1.6461,-0.0167,-0.0174,1.0897
2024-07-05,5.7376,6.2041,1.5397,1.6413,-0.0209,-0.0203,1.0767
2024-07-12,5.7755,6.2526,1.5499,1.6541,-0.0144,-0.0126,1.0720
2024-07-19,5.8359,6.3180,1.5661,1.6714,-0.0041,-0.0023,1.0961
2024-07-26,5.7704,6.2471,1.5485,1.6526,-0.0153,-0.0135,1.0717
2024-08-02,5.7679,6.2444,1.5478,1.6519,-0.0157,-0.0139,1.0619
2024-08-09,5.7516,6.2268,1.5435,1.6473,-0.0185,-0.0167,1.0511
2024-08-16,5.7819,6.2596,1.5516,1.6559,-0.0133,-0.0115,1.0445
2024-08-23,5.8243,6.3055,1.5630,1.6681,-0.0061,-0.0043,1.0468
2024-08-30,5.7953,6.2741,1.5552,1.6598,-0.0110,-0.0092,1.0355
2024-09-02,5.7953,6.2741,1.5552,1.6598,-0.0110,-0.0092,1.0355
2024-09-06,5.7450,6.2196,1.5417,1.6454,-0.0196,-0.0178,1.0233
2024-09-13,5.6329,6.0982,1.5116,1.6133,-0.0387,-0.0370,1.0006
2024-09-20,5.6609,6.1286,1.5191,1.6213,-0.0340,-0.0322,0.9963
2024-09-27,5.7438,6.2183,1.5414,1.6450,-0.0198,-0.0180,1.0129
2024-09-30,6.2551,6.7718,1.6786,1.7914,0.0000,0.0000,1.2024
2024-10-11,6.7054,7.1332,1.7994,1.8870,0.0000,0.0000,1.2184
2024-10-18,6.6744,7.1337,1.7911,1.8872,-0.0046,0.0000,1.1925
2024-10-25,6.9853,7.4846,1.8746,1.9800,0.0000,0.0000,1.2340
2024-11-01,6.8599,7.3384,1.8409,1.9413,-0.0180,-0.0195,1.2222
2024-11-08,6.8695,7.3455,1.8435,1.9432,-0.0166,-0.0186,1.2324
2024-11-15,7.0839,7.5906,1.9010,2.0081,0.0000,0.0000,1.2570
2024-11-22,7.0003,7.4995,1.8786,1.9840,-0.0118,-0.0120,1.2243
2024-11-29,6.9298,7.4495,1.8597,1.9707,-0.0218,-0.0186,1.2074
2024-12-06,7.2155,7.8191,1.9363,2.0685,0.0000,0.0000,1.2359
2024-12-13,7.1654,7.7525,1.9229,2.0509,-0.0069,-0.0085,1.2452
2024-12-20,7.1600,7.7668,1.9214,2.0547,-0.0077,-0.0067,1.2351
2024-12-27,7.3441,7.9836,1.9708,2.1120,0.0000,0.0000,1.2441
2025-01-03,7.1064,7.7124,1.9071,2.0403,-0.0324,-0.0340,1.1933
2025-01-10,6.9640,7.5676,1.8688,2.0020,-0.0518,-0.0521,1.1817
2025-01-17,6.8778,7.4621,1.8457,1.9741,-0.0635,-0.0653,1.1731
2025-01-24,7.0871,7.7017,1.9019,2.0375,-0.0350,-0.0353,1.1982
2025-01-27,7.0842,7.6854,1.9011,2.0331,-0.0354,-0.0374,1.2089
2025-02-07,6.9718,7.5859,1.8709,2.0068,-0.0507,-0.0498,1.1988
2025-02-14,7.1807,7.8188,1.9270,2.0684,-0.0223,-0.0206,1.2248
2025-02-21,7.2562,7.8864,1.9472,2.0863,-0.0120,-0.0122,1.2358
2025-02-28,7.3542,8.0290,1.9736,2.1240,0.0000,0.0000,1.2309
2025-03-07,7.2244,7.8744,1.9387,2.0831,-0.0177,-0.0193,1.2212
2025-03-14,7.3376,8.0269,1.9691,2.1235,-0.0023,-0.0003,1.2318
2025-03-21,7.3340,8.0038,1.9681,2.1174,-0.0028,-0.0031,1.2367
2025-03-28,7.2475,7.9001,1.9449,2.0899,-0.0145,-0.0160,1.2363
2025-04-03,7.1653,7.8038,1.9229,2.0645,-0.0257,-0.0281,1.2173
2025-04-11,6.5939,7.2077,1.7695,1.9068,-0.1034,-0.1023,1.1130
2025-04-18,6.8905,7.4930,1.8491,1.9822,-0.0630,-0.0668,1.1787
2025-04-25,6.9563,7.5645,1.8668,2.0011,-0.0541,-0.0579,1.1918
2025-04-30,6.9389,7.5456,1.8621,1.9962,-0.0565,-0.0602,1.1934
2025-05-09,6.9790,7.5892,1.8729,2.0077,-0.0510,-0.0548,1.1981
2025-05-16,7.0524,7.6445,1.8926,2.0223,-0.0410,-0.0479,1.2222
2025-05-23,7.0435,7.6994,1.8902,2.0368,-0.0423,-0.0411,1.2246
2025-05-30,6.9514,7.5754,1.8655,2.0040,-0.0548,-0.0565,1.2128
2025-06-06,6.9843,7.6205,1.8743,2.0160,-0.0503,-0.0509,1.2139
2025-06-13,7.0548,7.6728,1.8932,2.0298,-0.0407,-0.0444,1.2195
2025-06-20,7.0886,7.7380,1.9023,2.0471,-0.0361,-0.0362,1.2146
2025-06-27,7.1252,7.7510,1.9121,2.0505,-0.0311,-0.0346,1.2121
2025-07-04,7.3382,7.9864,1.9692,2.1128,-0.0022,-0.0053,1.2389
2025-07-11,7.3501,7.9909,1.9724,2.1140,-0.0006,-0.0047,1.2531
2025-07-18,7.5662,8.2211,2.0304,2.1749,0.0000,0.0000,1.2649
2025-07-25,8.0336,8.7757,2.1559,2.3216,0.0000,0.0000,1.2870
2025-08-01,8.1838,8.9225,2.1962,2.3604,0.0000,0.0000,1.2797
2025-08-08,8.1815,8.9312,2.1956,2.3627,-0.0003,0.0000,1.2789
2025-08-12,8.1815,8.9312,2.1956,2.3627,-0.0003,0.0000,1.2789
2025-08-15,8.2879,9.0588,2.2241,2.3965,0.0000,0.0000,1.2997
2025-08-22,8.9823,9.9168,2.4104,2.6234,0.0000,0.0000,1.3272
2025-08-29,9.6567,10.7470,2.5914,2.8431,0.0000,0.0000,1.3822
2025-09-05,10.2135,11.3949,2.7408,3.0145,0.0000,0.0000,1.3706
2025-09-12,10.1445,11.2836,2.7224,2.9850,-0.0067,-0.0098,1.3976
2025-09-19,10.7451,11.9751,2.8835,3.1679,0.0000,0.0000,1.4110
2025-09-26,10.7980,12.0092,2.8977,3.1770,0.0000,0.0000,1.4125
2025-09-30,11.2529,12.5603,3.0198,3.3228,0.0000,0.0000,1.4383
2025-10-10,11.1207,12.3805,2.9843,3.2752,-0.0117,-0.0143,1.4572
2025-10-17,10.5042,11.6810,2.8189,3.0902,-0.0665,-0.0700,1.4223
2025-10-24,10.8538,12.0672,2.9127,3.1923,-0.0355,-0.0393,1.4317
2025-10-31,11.2043,12.4606,3.0067,3.2964,-0.0043,-0.0079,1.4698
2025-11-07,11.0353,12.2758,2.9614,3.2475,-0.0193,-0.0227,1.4438
2025-11-14,10.9392,12.1055,2.9356,3.2025,-0.0279,-0.0362,1.4635
2025-11-21,10.7277,11.8658,2.8788,3.1390,-0.0467,-0.0553,1.4104
2025-11-28,10.5996,11.7076,2.8445,3.0972,-0.0581,-0.0679,1.4005
2025-12-05,11.1983,12.4339,3.0051,3.2893,-0.0049,-0.0101,1.4297
2025-12-12,11.4463,12.7448,3.0717,3.3716,0.0000,0.0000,1.4350
2025-12-18,11.4463,12.7448,3.0717,3.3716,0.0000,0.0000,1.4350
2025-12-19,11.5617,12.9182,3.1027,3.4175,0.0000,0.0000,1.4202
2025-12-26,11.9140,13.3399,3.1972,3.5290,0.0000,0.0000,1.4530
2025-12-31,11.8865,13.2986,3.1898,3.5181,-0.0023,-0.0031,1.4622
2026-01-09,11.6249,12.9460,3.1196,3.4248,-0.0243,-0.0295,1.4764
2026-01-16,11.7992,13.1464,3.1664,3.4778,-0.0096,-0.0145,1.4934
2026-01-23,11.7962,13.1480,3.1656,3.4782,-0.0099,-0.0144,1.4837
2026-01-30,11.7399,13.1198,3.1505,3.4708,-0.0146,-0.0165,1.4713
2026-02-06,11.5576,12.8932,3.1016,3.4108,-0.0299,-0.0335,1.4500
2026-02-13,12.0002,13.4464,3.2203,3.5572,0.0000,0.0000,1.4754
2026-02-27,12.2171,13.7889,3.2785,3.6478,0.0000,0.0000,1.4863
2026-03-06,11.8885,13.4042,3.1904,3.5460,-0.0269,-0.0279,1.4492
2026-03-13,11.8300,13.2983,3.1747,3.5180,-0.0317,-0.0356,1.4407
2026-03-20,12.0142,13.4732,3.2241,3.5643,-0.0166,-0.0229,1.4452
2026-03-27,11.9814,13.4669,3.2153,3.5626,-0.0193,-0.0234,1.3917
2026-04-03,12.0694,13.5656,3.2389,3.5887,-0.0121,-0.0162,1.4055
2026-04-10,12.1142,13.6159,3.2509,3.6020,-0.0084,-0.0125,1.4001
2026-04-17,12.2519,13.7417,3.2879,3.6353,0.0000,-0.0034,1.4617
2026-04-24,12.3330,13.7924,3.3096,3.6487,0.0000,0.0000,1.4951
2026-04-30,12.3354,13.7436,3.3103,3.6358,0.0000,-0.0035,1.5003
2026-05-08,12.6087,14.0040,3.3836,3.7047,0.0000,0.0000,1.5311
2026-05-15,12.6873,14.1266,3.4047,3.7371,0.0000,0.0000,1.5306
2026-05-22,12.9566,14.4419,3.4770,3.8205,0.0000,0.0000,1.5118
2026-05-29,13.1438,14.6850,3.5272,3.8848,0.0000,0.0000,1.5339
2026-06-05,13.4291,15.0672,3.6038,3.9860,0.0000,0.0000,1.5199
2026-06-12,13.1028,14.7036,3.5162,3.8898,-0.0243,-0.0241,1.4815
2026-06-18,13.3778,15.0139,3.5900,3.9718,-0.0038,-0.0035,1.5212
2026-06-26,14.6463,16.6638,3.9304,4.4083,0.0000,0.0000,1.5345
2026-07-03,14.9632,16.9936,4.0155,4.4956,0.0000,0.0000,1.5204
2026-07-10,14.8873,16.9045,3.9951,4.4720,-0.0051,-0.0052,1.4996
2026-07-17,14.3599,16.2047,3.8536,4.2869,-0.0403,-0.0464,1.4227
2026-07-24,14.4644,16.2935,3.8816,4.3104,-0.0333,-0.0412,1.4319
