date,AAVE,ADA,APT,AVAX,BTC,DOT,DYDX,ETH,FIL,JUP,LINK,POL,NEAR,OKB,ONDO,RENDER,SOL,GRAM,TRX,UNI,ZEC,INJ,XLM,LTC,XRP,GLM,BCH,ICP,BNB,RAY,GT,PENDLE,HBAR,ETHFI,HYPE
2016-01-01,,,,,430.0,,,10.0,,,,,,,,,,,,,400.0,,,,,,,,,,,,,,
2016-01-08,,,,,538.86,,,14.53,,,,,,,,,,,,,563.4,,,,,,,,,,,,,,
2016-01-15,,,,,650.58,,,19.6,,,,,,,,,,,,,538.06,,,,,,,,,,,,,,
2016-01-22,,,,,772.59,,,26.71,,,,,,,,,,,,,547.5,,,,,,,,,,,,,,
2016-01-29,,,,,766.97,,,26.58,,,,,,,,,,,,,526.82,,,,,,,,,,,,,,
2016-02-05,,,,,814.19,,,28.18,,,,,,,,,,,,,499.55,,,,,,,,,,,,,,
2016-02-12,,,,,791.95,,,29.51,,,,,,,,,,,,,475.34,,,,,,,,,,,,,,
2016-02-19,,,,,840.96,,,30.53,,,,,,,,,,,,,490.92,,,,,,,,,,,,,,
2016-02-26,,,,,808.28,,,30.12,,,,,,,,,,,,,519.48,,,,,,,,,,,,,,
2016-03-04,,,,,833.38,,,30.33,,,,,,,,,,,,,523.42,,,,,,,,,,,,,,
2016-03-11,,,,,842.92,,,28.42,,,,,,,,,,,,,528.35,,,,,,,,,,,,,,
2016-03-18,,,,,868.17,,,29.98,,,,,,,,,,,,,588.73,,,,,,,,,,,,,,
2016-03-25,,,,,887.17,,,29.22,,,,,,,,,,,,,578.98,,,,,,,,,,,,,,
2016-04-01,,,,,891.62,,,33.11,,,,,,,,,,,,,619.68,,,,,,,,,,,,,,
2016-04-08,,,,,929.61,,,34.08,,,,,,,,,,,,,662.36,,,,,,,,,,,,,,
2016-04-15,,,,,915.73,,,33.68,,,,,,,,,,,,,698.32,,,,,,,,,,,,,,
2016-04-22,,,,,955.03,,,31.36,,,,,,,,,,,,,696.92,,,,,,,,,,,,,,
2016-04-29,,,,,1001.81,,,32.16,,,,,,,,,,,,,710.97,,,,,,,,,,,,,,
2016-05-06,,,,,1056.01,,,34.89,,,,,,,,,,,,,687.63,,,,,,,,,,,,,,
2016-05-13,,,,,1011.52,,,36.19,,,,,,,,,,,,,667.33,,,,,,,,,,,,,,
2016-05-20,,,,,1031.47,,,33.74,,,,,,,,,,,,,694.11,,,,,,,,,,,,,,
2016-05-27,,,,,1085.65,,,35.07,,,,,,,,,,,,,738.06,,,,,,,,,,,,,,
2016-06-03,,,,,1124.35,,,32.74,,,,,,,,,,,,,764.42,,,,,,,,,,,,,,
2016-06-10,,,,,1185.39,,,33.63,,,,,,,,,,,,,780.49,,,,,,,,,,,,,,
2016-06-17,,,,,1183.54,,,33.43,,,,,,,,,,,,,772.84,,,,,,,,,,,,,,
2016-06-24,,,,,1246.23,,,32.35,,,,,,,,,,,,,771.72,,,,,,,,,,,,,,
2016-07-01,,,,,1242.46,,,33.51,,,,,,,,,,,,,826.45,,,,,,,,,,,,,,
2016-07-08,,,,,1200.29,,,34.05,,,,,,,,,,,,,887.34,,,,,,,,,,,,,,
2016-07-15,,,,,1243.86,,,36.35,,,,,,,,,,,,,820.16,,,,,,,,,,,,,,
2016-07-22,,,,,1339.3,,,36.88,,,,,,,,,,,,,834.79,,,,,,,,,,,,,,
2016-07-29,,,,,1361.68,,,41.19,,,,,,,,,,,,,842.35,,,,,,,,,,,,,,
2016-08-05,,,,,1433.83,,,38.6,,,,,,,,,,,,,832.7,,,,,,,,,,,,,,
2016-08-12,,,,,1378.08,,,41.25,,,,,,,,,,,,,840.1,,,,,,,,,,,,,,
2016-08-19,,,,,1465.51,,,42.02,,,,,,,,,,,,,871.6,,,,,,,,,,,,,,
2016-08-26,,,,,1500.13,,,44.62,,,,,,,,,,,,,940.84,,,,,,,,,,,,,,
2016-09-02,,,,,1388.12,,,41.37,,,,,,,,,,,,,951.65,,,,,,,,,,,,,,
2016-09-09,,,,,1335.03,,,42.72,,,,,,,,,,,,,923.63,,,,,,,,,,,,,,
2016-09-16,,,,,1380.54,,,41.49,,,,,,,,,,,,,945.19,,,,,,,,,,,,,,
2016-09-23,,,,,1433.68,,,39.42,,,,,,,,,,,,,982.33,,,,,,,,,,,,,,
2016-09-30,,,,,1471.5,,,40.43,,,,,,,,,,,,,949.27,,,,,,,,,,,,,,
2016-10-07,,,,,1491.53,,,39.26,,,,,,,,,,,,,904.08,,,,,,,,,,,,,,
2016-10-14,,,,,1545.89,,,38.43,,,,,,,,,,,,,914.67,,,,,,,,,,,,,,
2016-10-21,,,,,1531.76,,,36.25,,,,,,,,,,,,,861.91,,,,,,,,,,,,,,
2016-10-28,,,,,1556.04,,,34.92,,,,,,,,,,,,,852.04,,,,,,,,,,,,,,
2016-11-04,,,,,1423.88,,,36.07,,,,,,,,,,,,,907.69,,,,,,,,,,,,,,
2016-11-11,,,,,1458.2,,,36.01,,,,,,,,,,,,,904.03,,,,,,,,,,,,,,
2016-11-18,,,,,1479.59,,,36.98,,,,,,,,,,,,,930.09,,,,,,,,,,,,,,
2016-11-25,,,,,1475.62,,,36.22,,,,,,,,,,,,,976.97,,,,,,,,,,,,,,
2016-12-02,,,,,1572.13,,,39.03,,,,,,,,,,,,,997.92,,,,,,,,,,,,,,
2016-12-09,,,,,1646.58,,,44.23,,,,,,,,,,,,,1037.73,,,,,,,,,,,,,,
2016-12-16,,,,,1581.16,,,45.64,,,,,,,,,,,,,993.29,,,,,,,,,,,,,,
2016-12-23,,,,,1521.28,,,45.85,,,,,,,,,,,,,1029.71,,,,,,,,,,,,,,
2016-12-30,,,,,1542.51,,,46.39,,,,,,,,,,,,,1106.96,,,,,,,,,,,,,,
2017-01-06,,0.03,,,1504.66,,,49.34,,,0.15,0.01,,,,,,,0.002,,1076.95,,,,,,,,,,,,,,
2017-01-13,,0.0359,,,1568.07,,,48.64,,,0.1626,0.0142,,,,,,,0.00330587,,1067.87,,,,,,,,,,,,,,
2017-01-20,,0.0365,,,1523.14,,,48.79,,,0.2243,0.0213,,,,,,,0.00572263,,1123.56,,,,,,,,,,,,,,
2017-01-27,,0.0381,,,1439.63,,,51.29,,,0.3643,0.0343,,,,,,,0.00597491,,1174.5,,,,,,,,,,,,,,
2017-02-03,,0.0379,,,1418.95,,,53.79,,,0.3489,0.0399,,,,,,,0.00661548,,1198.56,,,,,,,,,,,,,,
2017-02-10,,0.037,,,1503.72,,,54.72,,,0.3799,0.0412,,,,,,,0.00678879,,1223.52,,,,,,,,,,,,,,
2017-02-17,,0.0396,,,1543.44,,,59.22,,,0.3738,0.0443,,,,,,,0.00713976,,1253.66,,,,,,,,,,,,,,
2017-02-24,,0.0399,,,1424.87,,,50.33,,,0.3493,0.0428,,,,,,,0.0070254,,1346.33,,,,,,,,,,,,,,
2017-03-03,,0.0446,,,1488.68,,,50.86,,,0.339,0.0425,,,,,,,0.00705601,,1411.29,,,,,,,,,,,,,,
2017-03-10,,0.0433,,,1586.79,,,52.22,,,0.2916,0.0418,,,,,,,0.00734291,,1468.33,,,,,,,,,,,,,,
2017-03-17,,0.0488,,,1640.68,,,55.13,,,0.3009,0.0446,,,,,,,0.00798231,,1469.08,,,,,,,,,,,,,,
2017-03-24,,0.0546,,,1742.14,,,59.56,,,0.3398,0.0446,,,,,,,0.00786045,,1521.23,,,,,,,,,,,,,,
2017-03-31,,0.0648,,,1891.73,,,63.26,,,0.3281,0.0475,,,,,,,0.00825596,,1687.17,,,,,,,,,,,,,,
2017-04-07,,0.0726,,,2038.97,,,71.82,,,0.3537,0.0495,,,,,,,0.00782072,,1716.49,,,,,,,,,,,,,,
2017-04-14,,0.0789,,,2143.13,,,73.82,,,0.3744,0.0541,,,,,,,0.00886602,,1846.38,,,,,,,,,,,,,,
2017-04-21,,0.0865,,,2353.01,,,77.55,,,0.4107,0.0566,,,,,,,0.0087875,,2032.81,,,,,,,,,,,,,,
2017-04-28,,0.0982,,,2515.14,,,77.56,,,0.429,0.0592,,,,,,,0.00925154,,2259.51,,,,,,,,,,,,,,
2017-05-05,,0.1011,,,2697.97,,,84.32,,,0.4167,0.0646,,,,,,,0.00996244,,2177.53,,,,,,,,,,,,,,
2017-05-12,,0.117,,,2845.51,,,90.9,,,0.4557,0.0734,,,,,,,0.011,,2292.3,,,,,,,,,,,,,,
2017-05-19,,0.1273,,,3244.06,,,102.18,,,0.4716,0.0762,,,,,,,0.0117,,2399.65,,,,,,,,,,,,,,
2017-05-26,,0.1355,,,3645.36,,,108.34,,,0.5402,0.0776,,,,,,,0.0127,,2633.56,,,,,,,,,,,,,,
2017-06-02,,0.153,,,3904.81,,,111.6,,,0.5294,0.0852,,,,,,,0.0118,,2789.1,,,,,,,,,,,,,,
2017-06-09,,0.1712,,,4146.43,,,113.52,,,0.5499,0.0889,,,,,,,0.0123,,2940.3,,,,,,,,,,,,,,
2017-06-16,,0.1801,,,4143.74,,,111.34,,,0.5936,0.0926,,,,,,,0.0126,,3019.05,,,,,,,,,,,,,,
2017-06-23,,0.2007,,,4164.19,,,116.99,,,0.6798,0.0941,,,,,,,0.0139,,3014.22,,,,,,,,,,,,,,
2017-06-30,,0.217,,,4510.0,,,123.48,,,0.6964,0.0939,,,,,,,0.0138,,3112.31,,,,,,,,,,,,,,
2017-07-07,,0.2471,,,4712.23,,,129.94,,,0.7463,0.0971,,,,,,,0.0148,,3281.04,,,,,,,,,,,,,,
2017-07-14,,0.2699,,,4806.99,,,146.55,,,0.7708,0.1021,,,,,,,0.0162,,3253.8,,,,,,,,,,,,,,
2017-07-21,,0.2878,,,5050.44,,,141.25,,,0.7773,0.1037,,,,,,,0.0161,,3416.74,,,,,,,,,,,,,,
2017-07-28,,0.3321,,,5269.96,,,161.39,,,0.9062,0.1074,,,,,,,0.0164,,3538.94,,,,,,,,,,,,,,
2017-08-04,,0.3612,,,5336.38,,,154.3,,,0.8718,0.1077,,,,,,,0.0167,,3728.41,,,,,,,,,,,,,,
2017-08-11,,0.4166,,,5997.08,,,150.55,,,0.9168,0.1134,,,,,,,0.0177,,4030.44,,,,,,,,,,,,,,
2017-08-18,,0.4744,,,6285.33,,,161.96,,,1.05,0.1255,,,,,,,0.0184,,4088.54,,,,,,,,,,,,,,
2017-08-25,,0.4986,,,6332.04,,,176.66,,,1.06,0.1315,,,,,,,0.0186,,4201.21,,,,,,,,,,,,,,
2017-09-01,,0.6037,,,7182.43,,,169.8,,,1.12,0.1326,,,,,,,0.0207,,4535.61,,,,,,,,,,,,,,
2017-09-08,,0.7312,,,8057.27,,,181.51,,,1.27,0.1485,,,,,,,0.0206,,5313.98,,,,,,,,,,,,,,
2017-09-15,,0.7726,,,8363.04,,,214.88,,,1.34,0.1488,,,,,,,0.021,,5713.81,,,,,,,,,,,,,,
2017-09-22,,0.8332,,,9994.75,,,222.32,,,1.5,0.165,,,,,,,0.0237,,6627.99,,,,,,,,,,,,,,
2017-09-29,,0.9588,,,10695.94,,,245.75,,,1.44,0.1846,,,,,,,0.026,,6861.52,,,,,,,,,,,,,,
2017-10-06,,1.1,,,12114.53,,,265.91,,,1.59,0.1971,,,,,,,0.0288,,7895.98,,,,,,,,,,,,,,
2017-10-13,,1.42,,,13439.34,,,267.61,,,1.45,0.2155,,,,,,,0.0314,,7870.11,,,,,,,,,,,,,,
2017-10-20,,1.67,,,13095.39,,,283.74,,,1.65,0.2404,,,,,,,0.0357,,8760.42,,,,,,,,,,,,,,
2017-10-27,,1.93,,,14851.01,,,281.91,,,1.65,0.2766,,,,,,,0.039,,9577.89,,,53.78,,,,,,,,,,,
2017-11-03,,2.11,,,17910.61,,,331.55,,,1.83,0.2999,,,,,,,0.0387,,10428.69,,,57.37,0.2105,,,,1.49,,,,,,
2017-11-10,,2.19,,,20452.07,,,366.09,,,1.97,0.3273,,,,,,,0.0413,,11523.46,,,70.5,0.2105,,,,1.6,,,,,,
2017-11-17,,2.42,,,20659.7,,,370.18,,,2.27,0.3731,,,,,,,0.0452,,11665.26,,,84.92,0.2105,,,,1.8388,,,,,,
2017-11-24,,2.87,,,21915.06,,,411.76,,,2.63,0.4018,,,,,,,0.0476,,13530.86,,,103.11,0.2105,,,,2.2617,,,,,,
2017-12-01,,3.11,,,23554.73,,,413.59,,,2.57,0.4458,,,,,,,0.0487,,13865.69,,,139.82,0.2105,,,,2.4619,,,,,,
2017-12-08,,3.34,,,24010.42,,,467.8,,,2.99,0.4788,,,,,,,0.0523,,15402.6,,,311.4,0.738,,,,5.999,,,,,,
2017-12-15,,3.81,,,25249.7,,,505.76,,,3.51,0.5317,,,,,,,0.0595,,17167.12,,,262.9,0.89,,,,5.181,,,,,,
2017-12-22,,3.32,,,21904.08,,,435.57,,,2.97,0.4999,,,,,,,0.054,,15145.41,,0.35,223.69,1.914,,,,8.53,,,,,,
2017-12-29,,2.61,,,18966.16,,,356.45,,,2.5,0.4366,,,,,,,0.048,,13252.26,,0.7614,269.01,2.7667,,,,18.594,,,,,,
2018-01-05,,2.26,,,17228.59,,,303.86,,,2.16,0.344,,1.0,,,,1.5,0.0404,,12072.21,,0.56,234.12,1.7302,,,,20.4541,,,,,,
2018-01-12,,1.73,,,15249.94,,,256.77,,,1.69,0.3045,,1.34,,,,1.86,0.0351,,10633.22,,0.4514,190.16,1.3599,,,,14.1334,,,,,,
2018-01-19,,1.28,,,13248.23,,,215.07,,,1.46,0.2751,,1.42,,,,2.08,0.0321,,8484.48,,0.6125,196.74,1.2576,,,,13.7739,,,,,,
2018-01-26,,1.04,,,12000.38,,,182.32,,,1.25,0.227,,1.9,,,,2.39,0.0226,,6873.1,,0.4131,147.09,0.8856,,,,8.3511,,,,,,
2018-02-02,,0.9062,,,10647.21,,,149.09,,,1.1,0.1846,,1.51,,,,1.78,0.0187,,5938.93,,0.3829,148.28,1.0122,,,,8.674,,,,,,
2018-02-09,,0.8668,,,10389.42,,,144.69,,,1.07,0.1839,,1.45,,,,1.53,0.0188,,5452.03,,0.4381,213.66,1.0893,,,,10.6631,,,,,,
2018-02-16,,0.8259,,,9451.65,,,135.63,,,1.0,0.1797,,1.29,,,,1.46,0.0191,,5009.13,,0.3347,217.78,0.8874,,,,9.35,,,,,,
2018-02-23,,0.8091,,,9461.84,,,114.79,,,0.9362,0.1469,,1.3,,,,1.44,0.0199,,4499.12,,0.3525,213.19,0.9186,,,,10.4139,,,,,,
2018-03-02,,0.7976,,,9518.65,,,109.05,,,0.9373,0.15,,1.1,,,,1.29,0.0191,,4382.96,,0.2951,188.16,0.7893,,,,8.268,,,,,,
2018-03-09,,0.7389,,,9673.48,,,106.32,,,0.8394,0.1535,,1.12,,,,1.23,0.02,,4173.01,,0.1763,153.5,0.5457,,,,8.9648,,,,,,
2018-03-16,,0.6589,,,8777.9,,,102.6,,,0.8205,0.1578,,1.11,,,,1.22,0.0198,,4021.84,,0.2321,160.01,0.6278,,,,12.95,,,,,,
2018-03-23,,0.6316,,,8659.67,,,98.99,,,0.7012,0.1571,,1.06,,,,1.2,0.0206,,4037.32,,0.1896,114.74,0.4597,,,,11.0767,,,,,,
2018-03-30,,0.6119,,,8173.39,,,92.88,,,0.6793,0.1661,,1.05,,,,1.09,0.0193,,4017.42,,0.2066,117.55,0.4973,,,,12.1311,,,,,,
2018-04-06,,0.6053,,,8079.95,,,85.34,,,0.6444,0.1579,,1.1,,,,1.07,0.0177,,4018.48,,0.2875,132.45,0.6728,,,,13.0989,,,,,,
2018-04-13,,0.6163,,,7726.33,,,84.4,,,0.611,0.1592,,0.9507,,,,0.979,0.0177,,4035.18,,0.3814,146.38,0.8864,,,,12.8888,,,,,,
2018-04-20,,0.6566,,,7697.97,,,79.76,,,0.573,0.1689,,1.03,,,,1.02,0.0172,,4161.84,,0.4445,153.5,0.8584,,,,15.0489,,,,,,
2018-04-27,,0.683,,,8047.85,,,84.43,,,0.595,0.1582,,0.9147,,,,1.04,0.0169,,4259.67,,0.4112,172.32,0.86483,,,,14.012,,,,,,
2018-05-04,,0.6358,,,8487.08,,,83.38,,,0.5491,0.1505,,0.952,,,,1.07,0.0184,,4202.02,,0.3628,144.24,0.72999,,,,13.1515,,,,,,
2018-05-11,,0.6367,,,9098.28,,,79.38,,,0.5773,0.1489,,0.986,,,,0.9542,0.0183,,3914.61,,0.3222,139.64,0.6994,,,,14.1666,,,,,,
2018-05-18,,0.6813,,,9277.22,,,81.23,,,0.5647,0.145,,0.9849,,,,0.9353,0.0181,,3977.65,,0.2743,117.71,0.60416,,,,12.6046,,,,,,
2018-05-25,,0.6885,,,8979.97,,,88.57,,,0.5922,0.1445,,0.9929,,,,0.9223,0.0166,,4055.8,,0.30405,125.33,0.6901,,,,14.6995,,,,,,
2018-06-01,,0.6519,,,9211.66,,,85.55,,,0.5829,0.1496,,0.9449,,,,0.9531,0.0161,,3969.57,,0.24402,106.48,0.58201,,,,14.18,,,,,,
2018-06-08,,0.6393,,,8877.47,,,80.54,,,0.5801,0.1449,,1.02,,,,0.9559,0.0166,,3876.26,,0.22814,94.95,0.52617,,,,16.5987,,,,,,
2018-06-15,,0.6719,,,8633.8,,,76.79,,,0.5728,0.1377,,0.9743,,,,0.892,0.0161,,4205.76,,0.19277,80.37,0.47331,,,,14.4174,,,,,,
2018-06-22,,0.7197,,,8506.95,,,81.81,,,0.5551,0.1444,,0.9789,,,,0.9085,0.0157,,3917.12,,0.19989,79.95,0.46222,,,,14.37,,,,,,
2018-06-29,,0.7503,,,8741.42,,,77.58,,,0.5485,0.1501,,0.8841,,,,1.0,0.0159,,4025.95,,0.21033,82.22,0.47915,,,,14.01,,,,,,
2018-07-06,,0.7484,,,8960.14,,,76.53,,,0.5246,0.1338,,0.8674,,,,0.9884,0.0152,,4063.59,,0.22118,78.54,0.44681,,,,12.321,,,,,,
2018-07-13,,0.7004,,,8334.01,,,76.17,,,0.484,0.1302,,0.7847,,,,0.917,0.014,,3981.62,,0.2831,82.21,0.44859,,,,12.1885,,,,,,
2018-07-20,,0.6497,,,8012.44,,,69.52,,,0.4852,0.1324,,0.7727,,,,0.7437,0.0133,,4073.74,,0.30793,83.85,0.45315,,,,13.9569,,,,,,
2018-07-27,,0.6258,,,7307.27,,,65.04,,,0.4389,0.124,,0.7295,,,,0.7467,0.0121,,4246.5,,0.2431,74.61,0.4345,,,,13.64,,,,,,
2018-08-03,,0.6229,,,6770.79,,,63.58,,,0.4358,0.1298,,0.6597,,,,0.7214,0.0097413,,3717.98,,0.22344,59.32,0.29547,,,,11.7999,,,,,,
2018-08-10,,0.6366,,,7060.05,,,66.2,,,0.4225,0.1063,,0.667,,,,0.6175,0.00973538,,3462.29,,0.22785,57.67,0.34201,,,,10.1388,,,,,,
2018-08-17,,0.6124,,,6848.59,,,61.57,,,0.3987,0.1084,,0.69,,,,0.6383,0.00972696,,3453.48,,0.213,56.99,0.32276,,,,10.2158,,,,,,
2018-08-24,,0.6258,,,6372.91,,,55.51,,,0.3658,0.0974,,0.6773,,,,0.6618,0.00897845,,3518.39,,0.226,66.21,0.34253,,,,11.3684,,,,,,
2018-08-31,,0.6147,,,5605.14,,,51.43,,,0.3846,0.0949,,0.6934,,,,0.6024,0.00896024,,3108.32,,0.19024,54.74,0.2766,,,,9.5399,,,,,,
2018-09-07,,0.6115,,,5676.75,,,51.28,,,0.3786,0.0865,,0.6658,,,,0.5609,0.00900683,,3026.95,,0.2058,56.75,0.28122,,,,9.9399,,,,,,
2018-09-14,,0.5927,,,5781.91,,,49.43,,,0.3914,0.0808,,0.6311,,,,0.5136,0.00872424,,2992.87,,0.28163,61.38,0.5719,,,,10.2907,,,,,,
2018-09-21,,0.5634,,,5198.93,,,40.2,,,0.3692,0.0662,,0.6175,,,,0.5139,0.00810237,,2714.35,,0.2599,61.21,0.58257,,,,10.0172,,,,,,
2018-09-28,,0.519,,,5347.84,,,38.78,,,0.3536,0.0678,,0.623,,,,0.5052,0.00755515,,2723.5,,0.24535,58.33,0.48269,,,,10.5852,,,,,,
2018-10-05,,0.4624,,,4765.31,,,34.92,,,0.3549,0.0649,,0.5999,,,,0.5003,0.00748867,,2407.42,,0.21102,52.61,0.40994,,,,9.5895,,,,,,
2018-10-12,,0.4021,,,4314.98,,,32.17,,,0.3276,0.0646,,0.5335,,,,0.4938,0.00759803,,2378.64,,0.24731,53.61,0.46458,,,,9.9311,,,,,,
2018-10-19,,0.4147,,,4394.09,,,29.17,,,0.3293,0.0596,,0.5231,,,,0.4199,0.00748129,,2327.31,,0.23453,52.07,0.46472,,,,9.7207,,,,,,
2018-10-26,,0.4085,,,4383.02,,,28.71,,,0.3019,0.0585,,0.5297,,,,0.4006,0.0073051,,2347.14,,0.24596,54.6,0.46999,,,,9.819,,,,,,
2018-11-02,,0.3268,,,4196.38,,,28.23,,,0.3015,0.0533,,0.5059,,,,0.3729,0.00717625,,2281.59,,0.27712,51.46,0.51019,,,,9.5611,,,,,,
2018-11-09,,0.3338,,,3972.91,,,27.31,,,0.289,0.0527,,0.4637,,,,0.371,0.00685295,,2094.95,,0.25333,42.61,0.51611,,,,8.0832,,,,,,
2018-11-16,,0.2977,,,4082.05,,,25.08,,,0.2835,0.0479,,0.4604,,,,0.3207,0.00680313,,2008.58,,0.16293,31.49,0.382,,171.63,,5.2873,,,,,,
2018-11-23,,0.3023,,,4078.58,,,23.71,,,0.2669,0.0433,,0.4705,,,,0.2992,0.00654155,,1897.69,,0.16101,33.82,0.36963,,171.2,,5.2888,,,,,,
2018-11-30,,0.2395,,,3894.33,,,24.28,,,0.2651,0.0394,,0.461,,,,0.2928,0.00673466,,1889.98,,0.12121,25.37,0.30914,,106.6,,4.7693,,,,,,
2018-12-07,,0.2476,,,3790.81,,,22.88,,,0.1944,0.0391,,0.4503,,,,0.2958,0.00612562,,1854.75,,0.09569,25.52,0.28669,,80.07,,4.616,,,,,,
2018-12-14,,0.2503,,,3988.08,,,22.1,,,0.1866,0.0389,,0.4144,,,,0.26,0.00558736,,1820.21,,0.12454,32.97,0.3669,,192.43,,5.959,,,,,,
2018-12-21,,0.2311,,,4376.94,,,20.82,,,0.1891,0.04,,0.3715,,,,0.287,0.00569606,,1951.3,,0.11556,31.38,0.36489,,158.83,,5.8939,,,,,,
2018-12-28,,0.2388,,,4223.76,,,20.5,,,0.2042,0.0461,,0.4071,,,,0.2914,0.00608903,,1988.76,,0.11871,38.3,0.36042,,158.02,,6.2688,,,,,,
2019-01-04,,0.2371,,,4324.41,,,21.17,,,0.2011,0.0483,,0.4469,,,,0.2825,0.00604273,,2042.2,,0.10102,29.59,0.31132,,128.02,,5.4688,,,,,,
2019-01-11,,0.2506,,,4410.55,,,22.12,,,0.2059,0.0501,,0.4632,,,,0.2985,0.00606698,,2124.59,,0.10289,30.64,0.3168,,121.37,,6.4008,,,,,,
2019-01-18,,0.2747,,,4217.24,,,22.74,,,0.2126,0.0528,,0.4704,,,,0.3165,0.00629911,,2290.11,,0.0943,32.21,0.30646,,122.08,,7.0396,,,,,,
2019-01-25,,0.2645,,,4208.28,,,21.95,,,0.2391,0.0535,,0.54,,,,0.3291,0.00682367,,2296.49,,0.08012,33.44,0.30219,,118.01,,6.7887,,,,,,
2019-02-01,,0.2751,,,4338.4,,,21.92,,,0.2443,0.0552,,0.4805,,,,0.361,0.00676369,,2415.92,,0.08022,46.79,0.30988,,121.6,,9.1697,,,,,,
2019-02-08,,0.2812,,,4753.23,,,23.41,,,0.2652,0.0595,,0.4897,,,,0.3481,0.00722414,,2507.9,,0.07964,43.91,0.30318,,121.17,,9.22,,,,,,
2019-02-15,,0.293,,,5030.16,,,24.34,,,0.2803,0.0627,,0.4929,,,,0.3813,0.0075343,,2428.02,,0.08185,43.75,0.29757,,132.8,,9.9476,,,,,,
2019-02-22,,0.3246,,,5394.87,,,24.07,,,0.2604,0.0622,,0.5143,,,,0.4153,0.00791066,,2354.99,,0.0875,47.86,0.31114,,130.22,,11.4511,,,,,,
2019-03-01,,0.3428,,,5448.59,,,24.3,,,0.2744,0.062,,0.5658,,,,0.4147,0.00782742,,2482.11,,0.10028,56.59,0.31289,,131.07,,14.3711,,,,,,
2019-03-08,,0.3656,,,5975.59,,,25.9,,,0.2805,0.0607,,0.6241,,,,0.4512,0.00799807,,2674.74,,0.10896,60.47,0.3154,,154.83,,15.5693,,,,,,
2019-03-15,,0.4046,,,5636.14,,,25.72,,,0.2813,0.0604,,0.6486,,,,0.436,0.00779364,,2718.86,,0.10437,59.82,0.30787,,163.56,,17.1096,,,,,,
2019-03-22,,0.4379,,,5847.36,,,28.48,,,0.2916,0.0519,,0.6325,,,,0.4615,0.00843406,,2614.59,,0.10824,60.48,0.30889,,167.33,,17.5376,,,,,,
2019-03-29,,0.4451,,,5965.99,,,26.11,,,0.29,0.054,,0.6631,,,,0.4969,0.00764368,,2601.32,,0.13226,91.55,0.3612,,314.68,,18.9523,,,,,,
2019-04-05,,0.4691,,,6380.27,,,29.56,,,0.3186,0.0585,,0.7148,,,,0.5427,0.00788258,,2634.05,,0.1172,83.28,0.32762,,278.71,,19.3866,,,,,,
2019-04-12,,0.5375,,,7305.75,,,30.04,,,0.3117,0.0654,,0.7906,,,,0.475,0.00870988,,2771.67,,0.11095,76.65,0.31963,,283.37,,23.9999,,0.9149,,,,
2019-04-19,,0.5995,,,7879.85,,,33.83,,,0.3392,0.0726,,0.8198,,,,0.5181,0.0080189,,3079.45,,0.0985,69.89,0.29946,,265.29,,23.0226,,0.804,,,,
2019-04-26,,0.6005,,,8303.72,,,34.07,,,0.3453,0.0714,,0.9601,,,,0.5649,0.00824517,,3099.9,,0.097,75.7,0.30044,,294.03,,22.9777,,0.7027,,,,
2019-05-03,,0.6943,,,8884.13,,,38.01,,,0.3849,0.0829,,1.04,,,,0.5899,0.00862981,,3178.89,,0.09823,84.73,0.31016,,344.5,,20.8934,,0.5333,,,,
2019-05-10,,0.8069,,,9788.54,,,37.17,,,0.4032,0.0892,,1.03,,,,0.6327,0.0096561,,3504.22,,0.14264,94.58,0.41631,,411.53,,29.1122,,0.7096,,,,
2019-05-17,,0.8175,,,9230.32,,,41.15,,,0.4095,0.0985,,1.16,,,,0.6674,0.00930272,,3735.94,,0.1316,111.0,0.40372,,403.02,,33.0919,,0.7901,,,,
2019-05-24,,0.8597,,,10546.81,,,41.03,,,0.4651,0.1058,,1.35,,,,0.7444,0.00996354,,3807.27,,0.13639,114.39,0.44396,,439.23,,33.1527,,0.7493,,,,
2019-05-31,,0.8932,,,11125.47,,,45.19,,,0.5011,0.1135,,1.46,,,,0.7393,0.0107,,3821.23,,0.11845,114.66,0.38527,,382.61,,30.095,,0.672,,,,
2019-06-07,,0.9119,,,11684.35,,,45.89,,,0.5344,0.1252,,1.35,,,,0.9095,0.0118,,4140.57,,0.12958,136.45,0.42703,,431.54,,32.1888,,0.6945,,,,
2019-06-14,,0.9825,,,12708.52,,,51.71,,,0.5463,0.1321,,1.43,,,,0.8783,0.0119,,4541.23,,0.12817,137.5,0.47015,,485.74,,37.2836,,0.7159,,,,
2019-06-21,,1.15,,,13753.8,,,54.64,,,0.6494,0.1361,,1.57,,,,0.9866,0.0119,,4367.15,,0.10495,123.25,0.3962,,406.52,,32.114,,0.6907,,,,
2019-06-28,,1.06,,,14211.86,,,59.17,,,0.5706,0.1427,,1.56,,,,1.07,0.0128,,4469.55,,0.10555,119.48,0.39651,,402.88,,32.9344,,0.8071,,,,
2019-07-05,,1.03,,,13505.8,,,52.8,,,0.5712,0.1331,,1.55,,,,0.9574,0.0123,,3274.63,,0.08547,89.66,0.30366,,305.64,,28.5447,,0.889,,,,
2019-07-12,,0.938,,,13666.29,,,51.3,,,0.5393,0.1345,,1.5,,,,0.9288,0.0117,,3247.75,,0.09111,99.7,0.33075,,316.72,,30.4388,,0.943,,,,
2019-07-19,,0.7842,,,12409.99,,,48.2,,,0.5104,0.1273,,1.48,,,,0.8148,0.0118,,3044.71,,0.084,90.0,0.31218,,305.34,,27.7555,,0.882,,,,
2019-07-26,,0.7351,,,13211.17,,,49.75,,,0.4706,0.1212,,1.37,,,,0.7568,0.0116,,2872.68,,0.08183,92.64,0.31813,,336.89,,27.3834,,0.9009,,,,
2019-08-02,,0.6531,,,12565.31,,,48.47,,,0.46,0.117,,1.28,,,,0.7545,0.0111,,2792.73,,0.0782,89.93,0.30316,,319.66,,30.2439,,0.9683,,,,
2019-08-09,,0.6391,,,12063.74,,,46.56,,,0.4628,0.111,,1.2,,,,0.6993,0.0101,,2481.04,,0.07072,76.25,0.2832,,318.65,,27.8977,,0.8707,,,,
2019-08-16,,0.6494,,,11176.77,,,41.52,,,0.4342,0.1016,,1.14,,,,0.6461,0.00896348,,2422.19,,0.0694,72.1,0.26954,,304.62,,26.0888,,0.8705,,,,
2019-08-23,,0.6271,,,9613.9,,,39.49,,,0.4178,0.0875,,1.07,,,,0.5436,0.00859473,,2439.27,,0.06212,65.89,0.25593,,277.86,,21.4248,,0.728,,,,
2019-08-30,,0.5717,,,9122.61,,,38.44,,,0.3934,0.0758,,1.01,,,,0.5104,0.00744893,,2313.99,,0.06105,70.36,0.26205,,305.6,,22.4111,,0.7149,,,,
2019-09-06,,0.5741,,,8863.25,,,36.62,,,0.3921,0.0674,,0.9822,,,,0.4393,0.00734727,,2139.57,,0.05825,70.04,0.26022,,303.91,,20.2901,,0.721,,,,
2019-09-13,,0.5904,,,8492.57,,,37.04,,,0.3493,0.0626,,0.9707,,,,0.4402,0.00708997,,1826.22,,0.0683,72.23,0.27653,,306.06,,20.3602,,0.713,,,,
2019-09-20,,0.5316,,,8329.22,,,36.51,,,0.3411,0.0601,,0.9831,,,,0.4122,0.00673764,,1673.15,,0.05791,53.82,0.24024,,216.63,,15.1999,,0.5073,,,,
2019-09-27,,0.4578,,,8790.51,,,36.34,,,0.2924,0.0583,,1.03,,,,0.403,0.00676126,,1687.12,,0.05839,54.41,0.25552,,222.0,,15.0688,,0.5184,,,,
2019-10-04,,0.4074,,,8012.76,,,34.69,,,0.2799,0.055,,0.964,,,,0.3869,0.00681626,,1695.38,,0.06136,56.46,0.27726,,226.43,,18.256,,0.5217,,,,
2019-10-11,,0.3907,,,8037.7,,,33.47,,,0.2628,0.0533,,0.8659,,,,0.3711,0.00648282,,1545.98,,0.0632,54.85,0.29386,,219.88,,18.4997,,0.522,,,,
2019-10-18,,0.3592,,,7775.06,,,33.26,,,0.2294,0.0485,,0.7671,,,,0.3414,0.00636159,,1442.44,,0.06514,59.78,0.29818,,263.44,,19.2888,,0.5978,,,,
2019-10-25,,0.3153,,,6868.28,,,27.27,,,0.2191,0.0442,,0.7689,,,,0.295,0.00681028,,1338.04,,0.06863,58.29,0.29024,,286.97,,20.1874,,0.599,,,,
2019-11-01,,0.2886,,,6838.84,,,24.49,,,0.2212,0.0474,,0.7193,,,,0.2784,0.00703044,,1327.14,,0.07892,63.65,0.27894,,283.92,,20.4333,,0.5912,,,,
2019-11-08,,0.2703,,,6419.61,,,24.11,,,0.2023,0.0447,,0.6681,,,,0.2698,0.00670915,,1290.85,,0.07157,59.22,0.26311,,267.0,,20.194,,0.548,,,,
2019-11-15,,0.2407,,,6399.65,,,22.84,,,0.2042,0.0425,,0.6765,,,,0.2633,0.0066565,,1258.64,,0.05546,43.86,0.21989,,203.21,,14.9964,,0.3564,,,,
2019-11-22,,0.2101,,,6090.26,,,22.62,,,0.2177,0.0373,,0.6656,,,,0.25,0.00658631,,1227.36,,0.05723,47.45,0.22477,,214.36,,15.4297,,0.3852,,,,
2019-11-29,,0.2232,,,5983.16,,,20.81,,,0.1821,0.0351,,0.6361,,,,0.2313,0.00629667,,1176.64,,0.0558,45.56,0.22909,,212.58,,15.6121,,0.3824,,,,
2019-12-06,,0.2192,,,5745.59,,,21.71,,,0.1714,0.0326,,0.64,,,,0.2323,0.00607401,,1171.11,,0.05097,43.44,0.21735,,206.88,,14.3949,,0.3755,,,,
2019-12-13,,0.1993,,,5306.09,,,21.62,,,0.1695,0.0334,,0.6032,,,,0.2193,0.00557729,,1208.14,,0.04723,41.82,0.19649,,196.27,,13.7798,,0.3442,,,,
2019-12-20,,0.1915,,,5331.34,,,21.25,,,0.1655,0.0274,,0.6242,,,,0.2096,0.00538706,,1177.08,,0.04619,43.08,0.19653,,212.34,,14.104,,0.3555,,,,
2019-12-27,,0.1947,,,5275.83,,,19.17,,,0.1553,0.027,,0.538,,,,0.1828,0.00564911,,1137.42,,0.04544,43.3,0.19453,,222.79,,14.0532,,0.3873,,,,
2020-01-03,50.0,0.1684,,3.5,4112.52,3.0,,19.68,25.0,,0.1492,0.0268,1.5,0.4921,,0.05,0.8,0.1665,0.00569827,3.0,1145.35,,0.04905,51.43,0.21539,,270.77,,15.3366,,0.4156,,,,
2020-01-10,60.53,0.1455,,4.72,3877.36,3.23,,18.11,36.37,,0.1431,0.0268,1.6,0.4712,,0.0611,1.27,0.1615,0.00552004,4.5,1161.88,,0.06004,57.6,0.23558,,339.61,,17.388,,0.4073,,,,
2020-01-17,82.72,0.1198,,5.93,3697.77,3.1,,17.12,51.05,,0.1213,0.0238,2.16,0.4613,,0.0829,1.09,0.1455,0.00531341,6.74,1113.03,,0.05841,56.24,0.23131,,348.24,,17.499,,0.4249,,,,
2020-01-24,127.42,0.1143,,7.21,3810.56,4.19,,16.12,78.5,,0.1163,0.0217,2.8,0.4178,,0.0935,1.81,0.1418,0.00488978,8.66,1072.54,,0.06345,69.93,0.25093,,377.34,,18.4333,,0.4384,,,,
2020-01-31,120.32,0.1059,,7.19,3849.29,3.48,,14.38,65.65,,0.1072,0.0199,2.54,0.4169,,0.0989,1.71,0.134,0.00468471,8.59,1116.92,,0.07327,77.0,0.28257,,449.72,,24.38,,0.5705,,,,
2020-02-07,107.45,0.1098,,7.28,3655.86,3.61,,12.61,57.52,,0.1032,0.0189,2.49,0.4284,,0.0987,1.77,0.1386,0.00442767,7.99,1070.28,,0.07437,74.67,0.29224,,411.68,,23.3193,,0.64,,0.051037,,
2020-02-14,107.23,0.1023,,7.24,3613.33,3.59,,11.6,58.89,,0.1076,0.0208,2.33,0.4085,,0.0932,1.59,0.1372,0.0042108,7.62,1046.14,,0.07299,79.52,0.28298,,401.57,,22.8452,,0.6205,,0.042951,,
2020-02-21,99.06,0.0938,,7.04,3374.37,3.43,,10.77,58.24,,0.1146,0.0199,2.19,0.4017,,0.0788,1.35,0.1203,0.00385504,7.28,1050.87,,0.05582,57.7,0.22696,,311.9,,18.902,,0.566,,0.034113,,
2020-02-28,93.79,0.0908,,6.55,3170.08,3.64,,10.38,55.5,,0.1151,0.0208,2.08,0.3672,,0.0786,1.27,0.1089,0.00374016,6.93,1114.7,,0.04969,51.0,0.20385,,272.77,,16.894,,0.5146,,0.053335,,
2020-03-06,92.98,0.086,,6.67,3283.87,3.31,,10.05,55.77,,0.104,0.0213,2.01,0.3683,,0.073,1.25,0.0986,0.00374615,6.01,1066.54,,0.03786,36.38,0.15308,,178.2,,10.3898,,0.3601,,0.039348,,
2020-03-13,90.56,0.0824,,6.27,3246.94,3.43,,9.7,51.42,,0.0921,0.02,1.9,0.3394,,0.0708,1.06,0.0998,0.00366072,5.73,1072.13,,0.03679,35.4,0.14776,,202.73,,11.167,,0.3682,,0.035518,,
2020-03-20,93.68,0.0793,,6.82,3543.41,3.7,,10.12,53.74,,0.0958,0.0213,2.05,0.3539,,0.0785,1.15,0.0958,0.00373433,6.3,1059.52,,0.03773,37.11,0.16278,,205.54,,11.3008,,0.3747,,0.0314,,
2020-03-27,101.9,0.0862,,7.3,3613.92,4.18,,10.98,54.85,,0.1,0.0225,2.26,0.4063,,0.0715,1.15,0.1003,0.00370114,6.13,1156.41,,0.0435,40.31,0.17925,,230.99,,13.6888,,0.4268,,0.033,,
2020-04-03,98.4,0.0817,,8.04,3579.06,3.97,,10.86,60.64,,0.1173,0.0228,2.79,0.3798,,0.0715,1.32,0.1082,0.00377117,6.28,1193.87,,0.04895,42.0,0.18939,,233.09,,14.2808,,0.4284,,0.033192,,
2020-04-10,102.38,0.0845,,8.47,3905.69,4.05,,12.58,58.39,,0.1199,0.0231,3.24,0.3911,,0.0758,1.33,0.1207,0.00362721,6.56,1185.8,,0.0488,42.23,0.18901,,231.27,,16.0683,,0.4328,,0.032562,,
2020-04-17,115.75,0.0942,,9.17,3957.15,4.41,,11.71,62.37,,0.1369,0.0237,3.54,0.4238,,0.089,1.55,0.1106,0.00365186,7.04,1271.67,,0.06188,44.52,0.19618,,246.36,,16.3588,,0.4478,,0.033923,,
2020-04-24,124.26,0.0955,,9.97,4104.0,4.32,,11.95,71.99,,0.1337,0.0246,3.7,0.4058,,0.0827,1.5,0.1247,0.0038942,7.36,1332.27,,0.073,48.05,0.21936,,251.65,,17.1071,,0.4578,,0.039332,,
2020-05-01,134.24,0.1001,,10.42,4172.34,4.59,,12.79,74.46,,0.142,0.0269,4.22,0.4259,,0.0876,1.61,0.1405,0.00409421,7.9,1441.8,,0.06405,42.06,0.19702,,232.56,,15.3506,,0.444,,0.033175,,
2020-05-08,144.07,0.1132,,12.01,4480.48,4.86,,13.73,72.47,,0.149,0.0272,4.57,0.4595,,0.0889,1.77,0.1257,0.00447159,8.21,1350.14,,0.06873,43.71,0.20131,,240.73,,16.2959,,0.476,,0.035834,,
2020-05-15,156.05,0.1329,,12.62,4566.47,5.42,,14.87,72.47,,0.1548,0.0297,4.62,0.488,,0.0987,1.94,0.1367,0.0042825,9.12,1450.02,,0.0639,42.08,0.19256,,223.0,,15.9624,,0.4444,,0.036963,,
2020-05-22,168.47,0.1513,,12.74,4725.59,5.23,,16.14,86.42,,0.1632,0.0295,4.84,0.538,,0.1056,2.1,0.118,0.00468122,9.39,1591.71,,0.0705,45.61,0.20245,,238.69,,17.0916,,0.4794,,0.043759,,
2020-05-29,188.0,0.1568,,13.17,5293.18,5.61,,16.2,92.65,,0.1777,0.0317,5.39,0.5868,,0.1134,2.11,0.1274,0.0044951,8.85,1368.13,,0.0788,46.63,0.20329,,253.56,,17.4135,,0.5417,,0.042872,,
2020-06-05,191.57,0.1735,,14.75,4917.45,6.49,,16.67,97.94,,0.1857,0.0345,5.55,0.6603,,0.1124,2.31,0.1377,0.00468577,8.95,1535.39,,0.07077,44.05,0.19022,,237.48,,16.5729,,0.5099,,0.040964,,
2020-06-12,208.31,0.188,,15.71,5197.38,6.61,,16.58,105.82,,0.2096,0.0398,5.96,0.6614,,0.1159,2.33,0.1464,0.00473771,9.07,1556.99,,0.0685,43.0,0.18602,,230.31,,15.9775,,0.4983,,0.043567,,
2020-06-19,211.27,0.2033,,16.45,5782.52,6.94,,16.49,114.31,,0.2195,0.0398,6.6,0.7022,,0.1321,2.64,0.1462,0.00491382,9.87,1520.77,,0.06424,41.37,0.17693,,222.67,,15.3782,,0.4881,,0.038297,,
2020-06-26,213.79,0.202,,17.13,5952.15,6.86,,16.39,108.42,,0.2309,0.0423,6.94,0.7292,,0.1256,2.7,0.1596,0.004777,10.21,1685.23,,0.06717,41.58,0.17695,,222.23,,15.4885,,0.5128,,0.039453,,
2020-07-03,230.14,0.2183,,18.85,6222.22,7.51,,16.85,112.97,,0.245,0.0449,7.82,0.7665,,0.1334,2.89,0.1734,0.0052247,10.79,1767.04,,0.09532,44.7,0.20128,,237.42,,18.2994,,0.5388,,0.04287,,
2020-07-10,252.33,0.2261,,17.61,6710.98,7.19,,19.38,114.2,,0.2729,0.0477,8.18,0.8313,,0.1432,3.18,0.1926,0.00495358,11.07,1827.14,,0.1001,42.64,0.19956,,227.73,,18.0154,,0.5212,,0.040249,,
2020-07-17,298.24,0.2446,,18.94,7058.33,7.65,,20.58,118.47,,0.2911,0.0484,8.93,0.7862,,0.1587,3.27,0.2162,0.00482525,12.11,2009.2,,0.09902,48.1,0.21532,,247.45,,19.5557,,0.5189,,0.041341,,
2020-07-24,298.31,0.2164,,19.85,7819.67,8.58,,22.07,125.0,,0.31,0.0513,8.97,0.8764,,0.1446,3.69,0.2494,0.00490544,13.11,2176.14,,0.10251,56.77,0.28803,,284.1,,20.9898,,0.5413,,0.043689,,
2020-07-31,323.9,0.233,,20.18,7390.36,9.59,,24.29,133.7,,0.3212,0.0538,9.45,0.9456,,0.1607,3.41,0.2616,0.00517644,14.85,2243.76,,0.10505,56.96,0.2879,,299.94,,22.422,,0.5429,,0.044828,,
2020-08-07,346.95,0.2715,,22.98,7837.53,8.85,,24.78,139.16,,0.3289,0.0637,10.19,1.03,,0.1589,3.83,0.2665,0.00541068,14.66,2290.13,,0.11517,63.87,0.30455,,308.23,,23.529,,0.6243,,0.052874,,
2020-08-14,380.57,0.3104,,23.97,8446.0,9.96,,25.84,148.82,,0.3544,0.0649,10.97,1.1,,0.1869,4.27,0.2825,0.00508514,16.31,2216.48,,0.10293,60.55,0.2848,,284.67,,21.8555,,0.5974,,0.049,,
2020-08-21,379.01,0.3251,,23.94,8476.85,9.88,,26.82,151.92,,0.372,0.0669,12.95,0.9626,,0.2047,4.8,0.312,0.00537199,16.68,2225.82,,0.09821,62.89,0.28302,,279.39,,23.6208,,0.5917,,0.047401,,
2020-08-28,423.46,0.3187,,26.06,8705.85,10.12,,28.35,156.34,,0.3805,0.0726,12.66,1.02,,0.2086,4.74,0.3176,0.00546781,17.54,2242.78,,0.07742,47.92,0.23986,,227.67,,23.142,,0.5722,,0.03619,,
2020-09-04,444.56,0.3712,,28.76,9086.72,11.02,,30.56,160.71,,0.4082,0.0701,13.87,1.04,,0.208,4.63,0.318,0.00557935,19.88,2355.57,,0.08001,48.15,0.24218,,222.1,,31.1656,,0.5972,,0.036136,,
2020-09-11,458.59,0.367,,28.57,9490.7,12.48,,32.26,174.04,,0.4212,0.0836,13.05,1.11,,0.2174,5.37,0.3349,0.00618215,22.5,2475.0,,0.07693,47.09,0.24652,,226.24,,26.316,,0.5578,,0.033478,,
2020-09-18,481.08,0.3772,,30.14,10067.53,11.88,,32.75,161.08,,0.4668,0.0774,14.22,1.1,,0.2319,5.53,0.3223,0.00648923,25.02,2578.55,,0.07335,46.05,0.24334,,229.33,,26.251,,0.5275,,0.031668,,
2020-09-25,523.37,0.3987,,34.5,10159.94,12.28,,35.13,156.56,,0.4424,0.0847,13.71,1.19,,0.2664,5.64,0.3197,0.00606113,28.54,2657.38,,0.0729,46.69,0.24794,,220.89,,28.9668,,0.519,,0.030864,,
2020-10-02,476.25,0.4256,,33.59,10569.9,12.71,,33.81,178.99,,0.4672,0.0841,13.64,1.35,,0.2546,6.02,0.3298,0.00575556,28.48,2736.86,,0.07713,50.48,0.25544,,238.97,,28.5271,,0.5294,,0.034638,,
2020-10-09,492.14,0.4755,,36.05,10995.43,13.14,,33.35,191.39,,0.4879,0.0868,15.06,1.38,,0.2546,7.06,0.3544,0.00558491,30.43,2318.37,,0.07942,47.54,0.24221,,249.32,,30.6593,,0.496,,0.031378,,
2020-10-16,550.9,0.5148,,35.76,12015.43,12.56,,33.72,217.72,,0.5291,0.0927,14.2,1.49,,0.2697,6.8,0.4229,0.00558841,30.21,2386.94,0.9033,0.08304,58.84,0.25313,,271.11,,30.128,,0.5065,,0.032428,,
2020-10-23,596.35,0.5346,,34.44,13100.03,12.98,,33.76,193.57,,0.5088,0.099,13.89,1.45,,0.277,8.24,0.4369,0.00570906,30.67,2496.88,0.751,0.07861,55.6,0.23999,,268.03,,28.5318,,0.454,,0.029898,,
2020-10-30,588.01,0.5872,,39.36,13357.87,14.25,,35.5,196.89,,0.5718,0.0937,14.82,1.52,,0.2883,9.79,0.4515,0.00640203,32.35,2628.27,0.835,0.0815,61.02,0.25374,,270.8,,28.4101,,0.4181,,0.030642,,
2020-11-06,646.96,0.6162,,38.95,13339.52,15.04,,37.92,202.46,,0.5778,0.1017,15.7,1.69,,0.3238,10.09,0.4749,0.00682619,32.0,2635.89,1.2875,0.08009,62.28,0.26954,,240.43,,27.6786,,0.42,,0.031359,,
2020-11-13,709.09,0.6817,,41.92,13441.42,15.29,,39.8,215.5,,0.608,0.0975,17.12,1.83,,0.3663,11.19,0.5135,0.00679256,34.29,2872.58,1.3107,0.10426,82.87,0.44611,,288.91,,30.0226,,0.4601,,0.03468,,
2020-11-20,781.16,0.7315,,42.09,13787.22,16.94,,41.93,230.75,,0.6674,0.0996,17.13,1.97,,0.3884,10.79,0.5044,0.00742838,35.71,2565.19,1.1341,0.19423,78.91,0.60543,,285.04,,30.1045,,0.4636,,0.033911,,
2020-11-27,800.56,0.7688,,45.97,13643.6,17.4,,38.44,243.34,,0.7136,0.0959,18.41,2.06,,0.4004,11.51,0.5616,0.0058857,37.36,2785.46,1.5902,0.17593,83.55,0.62107,,286.24,,29.5026,,0.4482,,0.037549,,
2020-12-04,851.29,0.7984,,43.42,12949.66,20.68,,42.24,251.36,,0.7521,0.0923,20.89,2.12,,0.4645,12.87,0.5413,0.00560564,42.34,2895.58,2.2697,0.1761,82.28,0.51365,,276.02,,29.1571,,0.4417,,0.0351859,,
2020-12-11,906.13,0.7884,,46.08,13320.51,19.35,,44.77,262.74,,0.8226,0.0992,22.74,2.27,,0.5063,14.21,0.5769,0.0061783,48.71,2759.94,2.9954,0.17666,114.58,0.55586,,349.21,,34.3148,,0.4552,,0.037015,,
2020-12-18,959.45,0.828,,48.58,13742.53,19.98,,45.57,258.55,,0.7648,0.1041,24.28,2.34,,0.5431,15.56,0.6535,0.00639261,49.58,2672.31,4.8049,0.14527,127.88,0.28407,,338.1,,33.674,,0.4319,,0.031819,,
2020-12-25,1062.16,0.8782,,55.34,14700.79,20.01,,46.23,267.07,,0.7914,0.1125,27.08,2.24,,0.588,17.41,0.6977,0.00699809,53.75,2892.86,4.4294,0.13653,161.24,0.2254,,423.61,,41.2575,,0.5023,,0.033375,,
2021-01-01,1254.01,1.16,,69.61,18154.98,27.42,8.0,57.03,340.13,,1.03,0.1323,37.23,2.71,,0.8289,24.19,0.9546,0.00717106,65.11,3580.48,4.4075,0.2845,170.07,0.31491,,599.98,,42.4031,,0.5024,,0.048951,,
2021-01-08,1667.17,1.53,,82.93,23786.54,38.24,9.83,73.03,457.24,,1.3,0.1771,51.05,3.69,,1.21,30.62,1.26,0.00859887,86.0,4399.29,6.1786,0.3038,142.8,0.27746,,479.37,,45.8675,,0.503,,0.061391,,
2021-01-15,1689.22,1.5,,75.31,23148.24,41.57,15.44,75.53,423.44,,1.24,0.1438,51.03,3.84,,1.27,33.07,1.28,0.0081147,85.98,4373.53,8.792,0.27138,141.01,0.27339,,439.52,,41.8263,,0.501,,0.09403,,
2021-01-22,1832.56,1.73,,71.47,23528.85,40.23,17.09,82.54,413.71,,1.26,0.1395,55.35,3.79,,1.23,35.54,1.48,0.00817524,82.98,4769.45,9.5066,0.30704,129.36,0.49507,,399.3,,44.3292,,0.5863,,0.08209,,
2021-01-29,1906.33,1.9,,69.24,24820.46,42.92,19.82,88.86,429.34,,1.24,0.1509,59.05,4.22,,1.39,41.16,1.56,0.00798992,78.46,4752.83,11.4951,0.3854,150.76,0.41849,,444.8,,68.3542,,0.7233,,0.09665,,
2021-02-05,2175.95,2.04,,68.03,24606.16,45.3,19.21,91.97,437.5,,1.29,0.1399,63.04,4.06,,1.37,41.95,1.68,0.00846538,79.62,4729.77,14.8971,0.51591,213.49,0.59211,,720.44,,135.862,,0.9458,,0.12742,,
2021-02-12,2401.73,2.13,,70.86,25141.59,45.17,19.71,93.46,476.35,,1.42,0.1623,71.33,4.59,,1.27,43.83,1.71,0.0092336,89.88,4959.04,14.3568,0.49601,227.13,0.54468,0.4254,706.28,,295.26,,2.1692,,0.14545,,
2021-02-19,2375.84,2.33,,74.62,26328.8,44.88,20.71,97.87,463.04,,1.48,0.176,64.92,4.36,,1.39,43.02,1.75,0.00923571,95.75,4770.0,12.198,0.40587,165.22,0.41565,0.2977,460.12,,210.214,,1.2528,,0.11474,,
2021-02-26,2347.86,2.37,,82.05,28084.26,41.65,20.71,101.78,486.31,,1.63,0.1807,74.64,4.41,,1.28,43.56,1.97,0.01,99.96,4792.88,12.1575,0.41265,190.75,0.46558,0.4131,516.56,,240.11,,1.482,,0.15309,,
2021-03-05,2372.14,2.35,,86.96,29035.73,42.81,21.71,104.77,520.87,,1.72,0.182,78.79,4.42,,1.36,45.99,1.94,0.0101,113.73,4980.31,11.63,0.38831,213.94,0.43905,0.4688,552.02,,263.238,,1.4953,,0.36567,,
2021-03-12,2414.95,2.53,,88.89,28152.37,46.99,23.3,112.55,513.6,,1.83,0.1897,96.0,3.79,,1.34,50.98,1.94,0.0114,100.78,5392.9,12.2943,0.40347,195.31,0.51651,0.4485,523.59,,264.651,,1.9741,,0.34235,,
2021-03-19,2453.62,2.7,,89.48,30598.03,44.2,23.09,124.74,566.76,,1.82,0.2011,96.54,4.18,,1.46,46.42,2.22,0.0125,102.14,4444.69,12.3399,0.39755,184.24,0.54552,0.5985,497.04,,268.426,,1.8531,,0.33787,,
2021-03-26,2720.74,2.88,,82.09,32411.32,47.86,22.11,129.16,569.65,,2.04,0.2088,109.94,3.59,,1.56,48.9,2.15,0.0122,108.68,4750.74,13.4806,0.42851,202.21,0.635,0.5822,560.78,,348.862,,2.3358,,0.32573,,
2021-04-02,2738.39,2.77,,90.7,32909.94,42.82,23.97,133.37,641.75,,2.02,0.2167,125.78,3.61,,1.64,47.85,2.36,0.0121,109.08,4843.64,13.5528,0.5844,252.31,1.35118,0.5611,689.65,,525.928,,4.2587,,0.34761,,
2021-04-09,2911.57,2.89,,100.48,32673.1,47.74,26.83,132.75,607.53,,2.02,0.229,114.12,3.81,,1.83,48.64,2.56,0.0122,113.17,5125.9,12.13,0.54459,273.36,1.40797,0.4592,972.51,,481.437,,3.3333,,0.30908,,
2021-04-16,2851.07,2.79,,103.35,31291.74,44.59,28.19,118.07,578.63,,1.92,0.2241,106.91,4.06,,2.0,44.04,2.64,0.0125,116.74,4965.33,16.016,0.4162,223.88,1.0351,0.3704,758.87,,505.0,,3.0205,,0.24528,,
2021-04-23,2122.06,2.38,,88.53,29769.74,37.64,25.89,99.77,534.7,,1.53,0.1832,91.52,3.36,,1.54,37.71,2.1,0.011,103.41,3903.61,19.832,0.55601,268.88,1.5605,0.4529,972.25,,621.78,,4.846,,0.32873,,
2021-04-30,1810.08,1.93,,73.01,24108.8,35.44,15.35,87.91,454.82,,1.32,0.1639,85.69,2.9,,1.35,29.28,1.78,0.01,87.39,3772.2,19.152,0.62804,387.8,1.5345,0.4812,1427.8,,661.74,,7.9004,,0.29152,,
2021-05-07,1727.45,1.55,,49.57,19616.05,33.65,11.84,76.91,362.01,,1.21,0.1489,66.32,2.53,,1.12,25.25,1.55,0.00838398,74.68,3371.33,15.833,0.71027,295.89,1.4496,0.3951,1166.69,225.19,564.32,,8.2805,,0.32888,,
2021-05-14,1510.6,1.14,,38.23,18291.78,27.75,8.71,64.62,335.22,,1.02,0.1317,49.31,2.25,,0.8853,19.09,1.27,0.00660585,64.57,3077.81,7.712,0.362,142.39,0.7898,0.245,552.37,143.94,260.72,,3.8897,,0.2335,,
2021-05-21,1363.21,1.1,,34.5,17014.18,27.76,6.99,60.87,327.91,,0.8893,0.1117,43.79,2.02,,0.7694,17.18,1.08,0.00619992,61.64,2982.42,8.487,0.37466,170.51,0.9058,0.2862,661.66,111.9,325.57,,4.3241,,0.21832,,
2021-05-28,1441.16,1.18,,35.74,16502.4,29.23,7.74,60.15,323.96,,0.9412,0.1089,45.17,2.14,,0.8508,18.81,1.12,0.00642313,61.29,2868.94,9.276,0.38053,176.41,0.947,0.3095,656.1,104.49,393.73,,4.7195,,0.22782,,
2021-06-04,1422.3,1.21,,38.63,17373.87,28.29,8.24,57.37,317.74,,1.0,0.1184,46.69,2.22,,0.8943,17.54,1.18,0.00637572,64.91,2927.42,8.234,0.34486,170.85,0.8832,0.2634,613.46,64.45,365.8,,4.0172,,0.19663,,
2021-06-11,1458.99,1.2,,37.71,18637.35,30.64,7.79,62.53,302.47,,0.9536,0.1178,50.51,2.37,,0.8828,20.51,1.23,0.00622942,72.18,3236.9,7.65,0.29739,154.88,0.7741,0.2504,556.16,47.1,339.08,,3.5936,,0.19359,,
2021-06-18,1474.79,1.32,,39.71,20910.64,25.71,8.04,63.48,306.64,,0.9261,0.1266,55.8,2.38,,0.9322,22.06,1.35,0.00633406,77.0,3484.22,5.81,0.25979,132.6,0.6484,0.2419,477.79,43.0,290.87,,3.1453,,0.18228,,
2021-06-25,1580.71,1.47,,43.22,18947.46,26.46,8.86,64.18,328.8,,0.9827,0.1347,58.1,2.48,,0.8885,22.9,1.42,0.00671912,82.0,3552.26,7.102,0.26814,144.95,0.696,0.3471,526.73,46.71,307.62,,3.3854,,0.19414,,
2021-07-02,1660.51,1.51,,44.03,19240.62,24.79,7.98,66.33,338.9,,1.05,0.1346,59.94,2.43,,0.8885,23.77,1.47,0.00680876,73.46,3525.13,6.917,0.24595,134.28,0.6364,0.3128,498.11,39.71,322.16,,3.1094,,0.17123,,
2021-07-09,1724.25,1.55,,46.28,19802.24,27.86,9.99,70.35,358.09,,1.12,0.1279,66.01,2.51,,0.7804,23.46,1.54,0.00697657,79.16,3473.31,6.238,0.22977,119.17,0.5866,0.2845,437.92,32.36,302.1,,2.917,,0.18087,,
2021-07-16,1692.02,1.63,,52.76,19883.48,26.36,9.0,72.52,368.01,,1.1,0.1371,54.74,2.61,,0.8535,23.66,1.39,0.0071327,82.63,3440.15,6.135,0.26172,127.68,0.6069,0.3079,454.99,42.6,302.56,,3.0404,,0.17699,,
2021-07-23,1938.46,1.7,,52.75,20310.59,28.78,9.46,75.66,351.88,,1.14,0.127,50.42,2.77,,0.8155,25.69,1.41,0.00705335,81.53,3440.9,6.556,0.27504,140.31,0.7242,0.3818,526.26,40.87,332.59,,3.6233,,0.20463,,
2021-07-30,1905.41,1.81,,56.85,20656.4,30.04,9.81,78.26,378.04,,1.26,0.134,49.8,2.95,,0.8155,25.59,1.45,0.00713238,80.1,3824.32,8.484,0.28716,149.69,0.7788,0.4156,555.56,55.27,341.79,,3.8311,,0.21303,,
2021-08-06,1865.97,1.95,,55.76,18429.57,30.62,9.71,73.56,393.42,,1.42,0.1462,51.61,3.06,,0.8319,29.82,1.6,0.00730355,78.66,3585.17,9.383,0.39079,184.6,1.2839,0.4239,703.42,63.4,414.05,5.816,4.6647,,0.2516,,
2021-08-13,1789.01,2.15,,62.39,18924.12,29.46,9.78,76.16,420.23,,1.48,0.1399,50.88,3.2,,0.8021,28.22,1.68,0.00715612,82.57,4229.93,12.584,0.37232,185.91,1.226,0.4278,672.29,64.59,448.68,7.159,4.5874,,0.24104,,
2021-08-20,1767.88,2.34,,60.83,19004.48,29.01,10.65,80.31,427.32,,1.64,0.1463,55.31,3.07,,0.7817,29.29,1.72,0.00746898,89.92,4074.24,11.087,0.3431,174.3,1.1408,0.4767,659.0,72.0,479.7,11.499,4.421,,0.25228,,
2021-08-27,1831.46,2.26,,62.56,18454.33,29.52,8.76,83.66,429.72,,1.78,0.1536,51.88,3.1,,0.8221,32.6,1.75,0.00735895,87.38,4050.14,13.382,0.3976,232.2,1.3076,0.5899,764.5,79.33,504.8,12.46,4.802,,0.3067,,
2021-09-03,1898.85,2.5,,67.76,17145.01,29.53,8.85,79.86,460.28,,1.73,0.1592,53.62,3.08,,0.937,32.97,1.74,0.00753567,85.11,4341.73,12.213,0.3326,183.0,1.1181,0.5437,646.5,59.43,416.3,16.484,4.907,,0.42466,,
2021-09-10,1858.28,2.35,,64.0,17681.9,26.41,8.95,88.0,457.75,,1.85,0.1604,54.12,3.01,,0.9145,32.81,1.93,0.00727276,94.33,4381.64,10.918,0.3134,175.6,1.0483,0.5087,608.7,57.16,408.6,12.0,5.1439,,0.39644,,
2021-09-17,1836.46,2.63,,61.79,17645.46,28.41,9.08,81.12,453.98,,2.03,0.1589,54.6,2.99,,0.888,32.95,1.6,0.00718852,99.63,4595.15,10.682,0.276,150.7,0.9436,0.4448,503.2,43.69,344.0,9.687,3.6138,,0.33465,,
2021-09-24,1978.79,2.62,,63.05,18160.08,28.57,9.82,86.13,431.39,,2.09,0.1682,52.26,3.19,,0.922,35.51,1.71,0.00713179,98.28,4809.8,10.83,0.3148,170.5,1.0552,0.5172,571.0,50.32,430.5,11.544,4.174,,0.397571,,
2021-10-01,2044.84,2.81,,64.68,17764.34,30.54,9.67,83.21,449.74,,2.3,0.1682,53.15,3.43,,1.0,36.99,1.74,0.00734396,103.16,5372.94,10.929,0.3311,174.8,1.1352,0.5546,584.7,44.91,404.1,9.568,3.92,,0.33961,,
2021-10-08,1996.4,2.92,,74.48,19558.17,31.88,9.92,86.16,461.04,,2.22,0.1761,50.21,3.6,,1.04,35.31,1.82,0.00771128,105.82,5477.94,11.995,0.3834,183.7,1.0944,0.5145,612.5,44.11,470.9,9.546,4.4549,,0.355271,,
2021-10-15,2000.29,2.94,,65.61,20218.91,31.25,9.52,91.92,460.73,,2.36,0.1957,54.67,3.67,,1.1,36.37,2.01,0.00795861,105.62,5856.04,12.011,0.3723,190.4,1.0821,0.5343,617.2,43.32,475.8,10.228,5.2663,,0.36708,,
2021-10-22,2039.54,2.94,,66.36,21751.56,32.98,9.52,96.99,504.74,,2.38,0.2274,60.31,3.84,,1.18,35.5,1.83,0.00762091,105.86,6609.59,10.85,0.3725,191.9,1.1128,0.5777,596.9,44.96,524.6,10.605,6.2984,0.75897,0.40697,,
2021-10-29,1973.82,2.85,,70.53,21592.4,36.12,10.46,100.27,511.12,,2.53,0.2442,60.14,3.73,,1.26,38.16,1.84,0.00777872,109.72,6231.4,13.234,0.3636,202.0,1.2198,0.5537,600.4,53.52,649.6,12.662,7.4434,0.70168,0.39406,,
2021-11-05,1862.09,3.03,,75.56,21900.1,39.29,12.37,110.68,516.92,,2.47,0.2307,60.25,3.86,,1.45,45.2,2.01,0.00840235,119.35,6728.93,11.906,0.3773,279.3,1.1879,0.5174,679.5,48.33,650.8,11.208,7.1226,0.73639,0.43779,,
2021-11-12,1902.89,2.97,,83.04,22740.13,40.59,11.18,112.12,474.14,,2.32,0.2064,58.23,4.09,,1.4,47.3,2.13,0.00773114,109.69,6632.72,12.377,0.3434,221.1,1.0569,0.558,574.4,43.24,584.0,10.283,6.2278,0.6317,0.3849,,
2021-11-19,1653.53,2.48,,72.55,20539.4,39.79,8.28,103.47,434.06,,2.02,0.1684,46.59,4.04,,1.12,38.87,2.02,0.00700367,101.48,6332.79,12.136,0.3236,199.5,0.9687,0.7361,568.7,41.86,611.3,9.977,6.5918,0.4458,0.33304,,
2021-11-26,1349.0,2.21,,70.08,19550.18,36.7,7.48,94.17,441.78,,1.77,0.1517,43.73,3.56,,0.9615,33.63,1.92,0.00606031,89.66,5982.34,9.832,0.279,156.3,0.8045,0.4658,453.0,30.37,557.8,8.997,6.271,0.36039,0.27508,,
2021-12-03,1328.43,2.04,,66.0,15497.45,30.34,6.75,90.64,401.51,,1.59,0.1241,40.11,3.17,,0.9637,30.37,1.8,0.00566854,82.94,5934.09,9.392,0.2756,159.0,0.8393,0.4788,458.0,28.48,570.3,8.004,6.0687,0.29576,0.25576,,
2021-12-10,1209.96,1.97,,59.46,14277.53,25.78,6.64,82.89,402.81,,1.43,0.1138,39.78,2.95,,0.8975,29.29,1.58,0.00497521,76.43,5719.55,8.225,0.2533,153.2,0.835,0.4459,432.8,22.65,529.8,7.197,5.7983,0.30707,0.32276,,
2021-12-17,1085.61,1.8,,50.62,13582.06,22.8,5.74,78.84,394.89,,1.3,0.0952,35.99,2.83,,0.8204,24.06,1.21,0.00467505,66.96,5245.18,9.3,0.2914,155.7,0.92,0.4937,451.6,26.69,546.4,7.604,6.7502,0.27869,0.31844,,
2021-12-24,1079.09,1.63,,45.13,12216.77,19.67,5.29,71.52,324.21,,1.15,0.0884,30.53,2.62,,0.7441,20.49,1.06,0.00401998,59.03,4945.73,8.551,0.2921,151.2,0.8586,0.5267,447.7,27.31,531.0,6.881,6.6057,0.33209,0.31178,,
2021-12-31,999.24,1.35,,39.83,11622.08,18.58,4.95,65.45,301.29,,1.13,0.0847,25.93,2.34,,0.6505,18.73,0.9828,0.00363034,53.73,5009.03,6.74,0.2609,130.9,0.753,0.4118,376.8,36.15,438.7,5.357,6.2854,0.46978,0.27129,,
2022-01-07,939.64,1.22,4.0,30.77,10680.56,18.18,4.95,56.05,281.13,,1.11,0.0803,21.45,2.2,,0.5231,16.86,0.9879,0.00339987,42.23,4171.59,7.234,0.2589,146.4,0.7784,0.4329,388.1,31.15,498.6,5.407,7.0621,0.44779,0.27913,,
2022-01-14,850.15,1.02,6.15,29.45,9936.89,15.57,4.71,53.02,257.95,,1.02,0.0684,17.49,2.2,,0.5166,15.14,0.9599,0.00328566,36.44,3750.05,4.408,0.2009,112.3,0.6283,0.3125,302.5,21.28,383.9,3.753,6.1111,0.29596,0.22221,,
2022-01-21,777.24,0.9375,8.61,28.54,9967.12,15.25,4.08,51.04,231.62,,0.9116,0.0615,16.29,2.02,,0.4552,12.98,0.8038,0.00316185,32.98,3352.51,4.291,0.1952,108.6,0.6013,0.3376,290.0,19.23,377.2,3.749,6.7915,0.24769,0.21857,,
2022-01-28,761.53,0.9024,11.79,26.05,9653.67,15.07,3.95,49.82,224.53,,0.962,0.053,15.16,2.17,,0.3815,12.09,0.7826,0.00314386,31.82,3600.52,4.742,0.2238,127.6,0.6825,0.3844,324.7,23.36,419.9,3.922,7.1624,0.27871,0.25798,,
2022-02-04,677.8,0.8043,9.83,26.7,9701.38,14.18,3.57,48.06,216.41,,0.8954,0.0505,13.87,2.21,,0.3618,12.45,0.7896,0.00319977,33.05,3452.62,6.07,0.2104,125.6,0.8057,0.3677,333.6,19.75,397.9,3.488,6.7726,0.27129,0.22658,,
2022-02-11,695.24,0.7798,9.05,27.37,10051.89,13.28,3.41,44.52,207.5,,0.879,0.0453,14.75,2.2,,0.3305,11.13,0.7004,0.00299892,32.31,3455.51,5.64,0.1945,110.6,0.7769,0.3194,302.6,18.7,380.6,2.864,6.2563,0.23134,0.21492,,
2022-02-18,689.7,0.744,9.29,26.33,9344.45,13.07,3.25,42.34,206.38,,0.8435,0.0448,13.57,2.08,,0.3279,11.15,0.6569,0.00298305,30.23,3420.03,5.206,0.181,102.9,0.7215,0.4721,304.0,17.23,360.1,2.434,6.3355,0.18997,0.20946,,
2022-02-25,690.71,0.6447,9.15,24.6,9525.64,12.52,2.94,41.88,227.43,,0.8536,0.0419,13.35,1.97,,0.3022,11.23,0.7074,0.00298846,30.63,3461.12,5.377,0.1728,101.1,0.7251,0.472,282.0,16.62,375.0,2.494,6.8076,0.15929,0.2024,,
2022-03-04,726.46,0.6769,8.61,24.7,9592.17,12.63,2.61,40.9,216.28,,0.8497,0.0379,14.05,1.88,,0.2989,10.71,0.5917,0.00300139,32.27,3564.31,4.995,0.1763,101.7,0.7602,0.4707,279.7,15.75,361.4,2.286,6.2488,0.12803,0.19946,,
2022-03-11,723.4,0.6599,8.17,24.86,9204.05,12.37,2.49,39.97,212.03,,0.878,0.0373,14.85,1.97,,0.2892,10.68,0.5476,0.00300622,31.73,3815.94,5.317,0.1972,114.9,0.8057,0.4772,327.4,16.78,390.8,2.701,6.4475,0.15855,0.20926,,
2022-03-18,710.02,0.6274,7.61,24.07,9301.78,12.03,2.17,39.43,195.5,,0.9035,0.0386,14.32,1.95,,0.2931,11.17,0.5516,0.00298441,30.08,3503.56,6.108,0.2297,129.7,0.858,0.5317,376.6,21.9,430.5,3.181,6.5917,0.16516,0.24244,,
2022-03-25,733.58,0.5725,7.56,24.24,9516.75,12.21,2.23,35.2,173.89,,0.8969,0.037,14.01,1.88,,0.2865,9.96,0.5158,0.00295974,28.37,3458.51,6.324,0.237,128.7,0.8432,0.5653,378.6,22.66,450.4,3.661,6.9988,0.22741,0.24803,,
2022-04-01,722.65,0.5847,7.25,22.65,9604.8,12.57,2.37,38.31,190.83,,0.8581,0.037,13.99,1.93,,0.2635,10.12,0.5211,0.00291538,25.49,3453.51,6.067,0.2004,110.3,0.7543,0.4513,319.8,17.34,418.1,2.887,6.6822,0.1753,0.20841,,
2022-04-08,795.71,0.5802,6.72,20.47,9582.78,12.28,2.11,30.42,185.82,,0.8086,0.036,14.47,1.95,,0.229,9.13,0.5223,0.00296956,27.52,3460.34,5.116,0.1965,108.8,0.7519,0.4304,328.1,16.41,406.6,2.635,6.4168,0.14885,0.19265,,
2022-04-15,640.17,0.5773,6.02,21.69,9161.69,12.11,1.94,31.11,195.79,,0.7486,0.0344,14.78,1.88,,0.2172,9.54,0.4585,0.00299037,26.22,3507.55,4.572,0.1896,104.6,0.6981,0.4185,307.7,16.21,398.8,2.678,6.4236,0.13675,0.18582,,
2022-04-22,665.16,0.5674,5.84,20.28,9430.25,10.78,2.06,31.35,206.87,,0.692,0.0349,14.34,1.83,,0.2148,9.28,0.4873,0.00291601,25.17,3405.73,3.614,0.1757,99.3,0.607,0.3422,284.0,13.05,389.9,2.218,6.2343,0.09522,0.14576,,
2022-04-29,670.61,0.5434,5.69,19.86,9045.38,10.36,2.13,31.3,211.62,,0.757,0.0341,14.93,1.66,,0.2035,8.84,0.4866,0.00258413,24.61,3208.95,3.535,0.1616,93.9,0.5662,0.3139,261.7,11.9,355.9,1.86,6.1332,0.08351,0.12773,,
2022-05-06,569.03,0.5402,5.8,20.13,8801.98,11.0,2.09,31.11,220.72,,0.6671,0.0336,11.95,1.67,,0.2016,8.03,0.4844,0.00261109,22.56,3207.61,2.213,0.1453,71.6,0.4481,0.2519,214.9,9.23,312.4,1.352,5.5674,0.06142,0.10804,,
2022-05-13,570.0,0.5234,5.4,20.06,8492.39,9.45,0.4186,30.47,214.0,,0.6352,0.0367,10.62,1.64,,0.1967,7.77,0.5155,0.00253111,22.85,3071.3,2.25,0.1355,71.7,0.4218,0.2586,197.9,8.22,319.4,1.092,5.7432,0.05083,0.10438,,
2022-05-20,555.52,0.4822,4.81,18.92,7307.22,8.61,0.369,27.07,197.81,,0.6034,0.0351,9.3,1.45,,0.178,6.99,0.4211,0.0021108,21.41,2668.72,2.104,0.1311,63.6,0.3891,0.2485,185.2,7.12,305.8,0.952,5.4148,0.04818,0.090575,,
2022-05-27,512.11,0.434,3.98,15.78,6513.29,7.49,0.3991,25.54,187.58,,0.5381,0.0335,7.31,1.21,,0.1517,5.36,0.4261,0.00198712,19.98,2446.43,2.017,0.1435,63.2,0.3953,0.2951,179.9,7.35,299.1,0.883,5.401,0.05037,0.09359,,
2022-06-03,435.51,0.3628,3.32,14.86,6198.34,6.65,0.3929,22.83,168.99,,0.4683,0.0275,6.72,1.02,,0.1303,4.88,0.3722,0.00200995,16.55,2255.95,1.547,0.1185,47.9,0.3433,0.2429,146.0,5.64,254.8,0.735,4.8594,0.04633,0.069369,,
2022-06-10,385.14,0.331,2.79,13.63,5707.75,5.47,0.3769,19.9,148.08,,0.431,0.0231,5.83,0.9078,,0.1227,4.48,0.3586,0.00181548,15.07,2154.99,1.301,0.1148,54.29,0.3264,0.2095,120.6,5.49,215.1,0.7,3.9604,0.04101,0.06653,,
2022-06-17,326.58,0.3334,2.47,13.2,4940.3,5.1,0.4056,18.25,146.05,,0.3883,0.0191,4.73,0.8568,,0.1102,4.14,0.3245,0.00178697,14.53,2119.99,1.355,0.1203,56.61,0.3592,0.2457,112.9,5.76,233.9,0.72,4.2955,0.04293,0.068735,,
2022-06-24,317.38,0.3401,2.32,13.02,4876.65,5.0,0.3897,18.38,148.22,,0.386,0.0197,4.59,0.8301,,0.1077,4.27,0.3337,0.00178611,12.03,2034.38,1.212,0.1091,50.95,0.3215,0.2342,105.7,5.24,219.2,0.678,4.1099,0.04166,0.062383,,
2022-07-01,321.89,0.3417,2.32,12.68,4828.92,4.49,0.3749,17.84,146.3,,0.4206,0.0209,4.45,0.9046,,0.1155,4.22,0.3325,0.0017832,11.45,1946.3,1.377,0.1075,52.12,0.3255,0.2466,106.8,6.39,234.7,0.77,3.9189,0.04575,0.06488,,
2022-07-08,348.32,0.3289,2.3,12.57,4857.1,4.43,0.3644,17.32,141.66,,0.349,0.0207,4.56,0.9534,,0.12,3.89,0.3548,0.00179126,12.41,1843.54,1.265,0.1066,55.76,0.3433,0.2364,110.3,7.23,247.8,0.896,4.0915,0.04858,0.064805,,
2022-07-15,339.29,0.3444,2.47,13.03,4853.23,3.95,0.3653,18.3,141.87,,0.3503,0.0216,4.41,0.8875,,0.1167,3.76,0.3482,0.00180727,10.68,1994.49,1.356,0.1132,58.39,0.3586,0.2535,131.9,6.61,261.4,0.844,4.1627,0.05424,0.072254,,
2022-07-22,346.05,0.3864,2.71,13.14,4785.8,3.92,0.3545,17.73,140.04,,0.3378,0.0217,4.42,0.8889,,0.1122,3.35,0.3253,0.00178473,10.98,2087.34,1.42,0.1176,59.74,0.3792,0.2673,139.3,8.99,283.4,0.858,4.4515,0.05992,0.075598,,
2022-07-29,339.61,0.3847,2.57,14.72,4848.73,4.1,0.3507,17.41,137.96,,0.3478,0.0244,4.45,0.8895,,0.1097,3.3,0.3106,0.00180626,11.15,1999.86,1.595,0.1239,61.1,0.3722,0.2704,141.0,8.24,322.8,0.85,4.7602,0.05848,0.076789,,
2022-08-05,332.77,0.3949,2.62,14.86,4619.0,3.96,0.3603,17.27,141.08,,0.332,0.0225,4.05,0.8869,,0.1113,3.03,0.3188,0.00165739,10.71,2065.05,1.827,0.1257,63.14,0.3757,0.2965,139.5,8.01,317.6,0.854,5.0549,0.06081,0.078918,,
2022-08-12,352.15,0.4211,2.54,12.89,4886.66,3.62,0.3745,17.76,142.86,,0.3438,0.0217,4.09,0.8854,,0.1117,2.8,0.2881,0.00152284,10.41,2060.5,1.839,0.111,55.67,0.3449,0.2633,119.7,6.45,301.9,0.712,4.5693,0.05392,0.069515,,
2022-08-19,348.92,0.4487,2.57,11.95,5117.99,3.63,0.3609,18.47,141.64,,0.335,0.0223,3.96,0.8261,,0.1141,2.63,0.2718,0.00149277,10.67,2004.04,1.501,0.1027,53.41,0.3224,0.2439,112.6,6.29,276.5,0.63,4.3228,0.05202,0.062548,,
2022-08-26,341.92,0.4496,2.54,11.59,5036.97,3.69,0.3419,18.7,140.01,,0.327,0.0229,4.05,0.8104,,0.1047,2.58,0.2766,0.00141546,10.38,1850.26,1.601,0.1064,60.9,0.3317,0.2367,118.3,6.69,279.1,0.675,4.2121,0.06509,0.061467,,
2022-09-02,346.73,0.4444,2.67,11.18,5102.11,3.58,0.33,19.77,126.76,,0.3304,0.0235,4.25,0.7714,,0.1086,2.48,0.2782,0.00142909,10.72,1777.0,1.87,0.1144,62.16,0.3552,0.3293,130.3,7.18,295.3,0.676,4.3301,0.06609,0.06397,,
2022-09-09,350.57,0.4443,2.86,11.5,5111.83,3.68,0.3296,19.95,151.04,,0.3198,0.0243,4.08,0.7887,,0.103,2.27,0.2851,0.0014337,10.57,1818.73,1.447,0.1069,52.63,0.3576,0.2915,111.8,5.85,266.2,0.551,4.1187,0.05722,0.057531,,
2022-09-16,360.28,0.4291,2.95,12.27,5277.45,3.56,0.2917,20.73,145.41,,0.348,0.023,4.26,0.7898,,0.1052,2.24,0.2701,0.00136704,11.26,1826.47,1.798,0.1173,52.53,0.4917,0.2706,113.5,5.9,274.3,0.555,4.2146,0.05568,0.058891,,
2022-09-23,334.28,0.3978,2.83,12.72,4834.51,3.4,0.2815,20.94,136.0,,0.3327,0.0217,4.42,0.8413,,0.1015,2.18,0.2832,0.00136892,10.9,1741.69,1.565,0.1185,51.82,0.4485,0.2614,114.3,5.91,284.7,0.552,4.2724,0.05286,0.056341,,
2022-09-30,327.44,0.4065,3.2,12.06,4670.49,3.47,0.2895,20.84,134.95,,0.3108,0.0221,4.47,0.7957,,0.0203,2.03,0.2804,0.00133637,9.43,1763.98,1.915,0.1287,53.9,0.5325,0.2678,117.2,5.85,278.2,0.549,4.3572,0.05269,0.060178,,
2022-10-07,327.86,0.3739,2.97,10.63,4567.67,3.34,0.27,19.99,130.98,,0.2857,0.0202,4.59,0.8299,,0.0205,1.92,0.2826,0.0013392,9.51,1893.34,1.904,0.1135,51.43,0.4766,0.2505,110.3,4.99,272.5,0.493,4.4351,0.0509,0.061386,,
2022-10-14,310.46,0.3712,2.64,11.5,4487.73,3.45,0.2803,19.83,122.35,,0.2908,0.0208,4.63,0.8652,,0.0218,1.96,0.2946,0.00137,9.8,1957.87,1.936,0.112,54.03,0.4688,0.2541,110.8,5.03,276.0,0.497,4.3978,0.05228,0.060644,,
2022-10-21,313.03,0.3616,2.68,9.41,4302.59,3.59,0.2687,19.19,112.32,,0.2995,0.0198,4.51,0.8563,,0.0217,1.95,0.3157,0.00147119,9.95,1967.88,2.194,0.1112,55.35,0.4582,0.2698,116.1,5.32,313.5,0.524,4.5817,0.05896,0.06058,,
2022-10-28,323.66,0.3801,2.73,10.64,4214.74,3.74,0.2479,19.2,123.36,,0.3047,0.0205,4.77,0.7734,,0.0226,1.75,0.2919,0.0015121,10.45,1952.52,2.594,0.109,68.26,0.4709,0.2818,116.7,5.21,337.9,0.506,4.7793,0.06284,0.059169,,
2022-11-04,316.71,0.3691,2.64,11.77,4307.75,3.85,0.2236,19.79,116.15,,0.3111,0.0215,4.72,0.801,,0.0218,1.63,0.3109,0.00149276,9.56,1889.77,1.812,0.0882,57.37,0.3408,0.1966,99.6,3.946,276.4,0.1854,3.5251,0.03442,0.045089,,
2022-11-11,323.08,0.3503,2.43,11.58,4069.65,3.88,0.234,19.29,114.51,,0.3124,0.0219,4.82,0.757,,0.0207,1.58,0.2985,0.00148513,10.21,1931.16,1.572,0.0865,62.12,0.3608,0.213,104.8,3.606,264.2,0.183,3.4871,0.03755,0.046123,,
2022-11-18,311.94,0.3643,2.17,10.74,4086.21,3.74,0.2392,18.78,112.59,,0.2987,0.0212,4.94,0.7498,,0.0203,1.67,0.2909,0.00143231,9.57,1802.35,1.579,0.0902,74.92,0.3962,0.2202,111.2,3.898,307.6,0.2144,3.6699,0.04505,0.049145,,
2022-11-25,292.24,0.3765,2.17,10.53,4169.91,3.6,0.2426,18.37,119.64,,0.3179,0.0236,4.88,0.7891,,0.0202,1.78,0.2872,0.00144286,9.77,1858.68,1.631,0.0877,77.07,0.3895,0.2229,111.0,4.347,291.8,0.1982,3.6086,0.0501,0.048197,,
2022-12-02,308.57,0.3893,2.13,10.53,4197.25,3.55,0.2494,19.11,124.63,,0.3293,0.0234,5.52,0.813,,0.0207,1.97,0.2998,0.00151556,10.71,1970.9,1.62,0.0838,76.5,0.3809,0.2284,106.3,4.221,284.4,0.1881,3.5981,0.05392,0.047924,,
2022-12-09,327.09,0.3822,2.6,12.03,4418.14,3.64,0.2453,20.14,125.17,,0.323,0.0229,5.94,0.8207,,0.0203,1.95,0.2934,0.00152028,10.39,1941.39,1.409,0.0764,64.37,0.3499,0.2284,102.0,3.68,251.0,0.1556,3.3823,0.04708,0.04382,,
2022-12-16,329.8,0.4118,2.57,10.93,4730.12,3.77,0.248,21.86,127.87,,0.3536,0.0249,6.05,0.8444,,0.0196,2.03,0.3101,0.00168769,11.85,1974.17,1.311,0.0739,69.15,0.3457,0.1949,101.4,3.766,243.24,0.1482,3.406,0.04822,0.043479,,
2022-12-23,309.19,0.4512,2.34,12.2,4570.33,3.91,0.2317,23.46,124.22,,0.3918,0.0217,5.93,0.8894,,0.0202,1.96,0.3152,0.00173543,11.46,2035.57,1.274,0.0726,70.91,0.3387,0.1778,96.8,4.021,244.53,0.1389,3.0164,0.04718,0.038083,,
2022-12-30,316.35,0.4781,1.99,13.22,4908.44,4.07,0.2229,24.12,121.15,,0.3492,0.0225,5.88,0.9108,,0.0203,2.19,0.3054,0.00176185,12.28,2062.94,1.415,0.0773,78.68,0.3452,0.1845,103.7,4.115,266.88,0.1527,3.2033,0.04894,0.04184,,
2023-01-06,317.92,0.5131,2.06,12.6,4850.0,4.14,0.2108,25.32,132.53,,0.38,0.0234,6.21,0.952,,0.0199,2.09,0.2722,0.00173532,12.65,2129.98,1.653,0.088,87.37,0.3845,0.2234,124.8,5.148,302.87,0.2383,3.8334,0.10265,0.052251,,
2023-01-13,313.36,0.5105,2.34,13.25,5132.79,4.38,0.2314,26.25,144.23,,0.3712,0.0254,6.31,0.9877,,0.0195,2.28,0.2988,0.00167303,12.3,2195.02,1.94,0.091,87.58,0.4004,0.2313,128.6,5.542,303.46,0.2287,4.0504,0.08572,0.069034,,
2023-01-20,336.73,0.4928,2.53,12.52,5217.53,4.7,0.227,28.51,141.71,,0.3991,0.0276,6.18,1.04,,0.0182,2.49,0.3252,0.00168158,12.91,2176.4,2.524,0.0944,94.84,0.4134,0.2478,136.6,6.239,318.43,0.2502,4.3305,0.08267,0.069423,,
2023-01-27,349.04,0.5409,2.73,13.78,5673.67,4.64,0.2229,29.87,153.27,,0.4188,0.0298,6.17,1.1,,0.0178,2.56,0.3591,0.00173857,12.79,2224.87,3.603,0.0909,96.63,0.3984,0.2534,134.4,5.621,326.88,0.2483,4.294,0.07807,0.06988,,
2023-02-03,349.67,0.5727,3.1,14.77,5530.8,4.86,0.2191,30.25,155.58,,0.4683,0.031,6.65,1.14,,0.0166,2.51,0.3281,0.00177024,13.05,2266.94,3.347,0.0851,92.51,0.3747,0.2465,122.9,5.51,312.75,0.2782,4.3274,0.12705,0.086759,,
2023-02-10,377.92,0.579,3.06,15.99,5727.05,5.05,0.2135,32.56,169.29,,0.4955,0.0301,7.55,1.26,,0.016,2.66,0.3289,0.00180645,12.84,2305.67,4.162,0.0905,97.43,0.3863,0.2641,136.0,7.348,316.77,0.3147,4.6089,0.182,0.087417,,
2023-02-17,411.28,0.6126,3.42,16.36,5722.69,5.21,0.2132,32.26,172.24,,0.4885,0.03,8.11,1.28,,0.0152,2.78,0.3451,0.00182195,13.13,2390.75,3.779,0.089,95.27,0.3779,0.2719,136.3,6.242,304.45,0.2867,5.4175,0.14444,0.074876,,
2023-02-24,393.03,0.657,3.7,16.33,6317.12,5.38,0.1987,27.71,173.85,,0.5192,0.0276,8.65,1.32,,0.0146,2.97,0.3713,0.00186149,14.14,2380.92,3.344,0.0827,89.93,0.3668,0.2493,124.0,5.339,291.14,0.2812,4.9959,0.22233,0.063964,,
2023-03-03,405.39,0.6901,3.88,16.29,4779.13,5.88,0.181,30.46,182.87,,0.5738,0.0267,9.78,1.35,,0.0151,3.22,0.3837,0.00193767,13.63,2256.75,3.696,0.0822,76.26,0.3714,0.2047,120.2,5.226,273.77,0.2531,4.8614,0.2761,0.061897,,
2023-03-10,422.35,0.7442,3.89,17.5,5209.95,5.85,0.1902,30.92,185.69,,0.4992,0.0272,11.69,1.42,,0.0145,3.64,0.4172,0.00208396,13.35,2163.22,4.28,0.0877,83.98,0.3857,0.2516,135.7,5.407,339.71,0.2623,5.4735,0.37542,0.064897,,
2023-03-17,463.67,0.7766,3.97,19.86,5487.33,5.85,0.1869,32.13,194.94,,0.5044,0.0298,12.71,1.35,,0.0136,3.66,0.447,0.00206418,14.94,2251.49,4.063,0.0918,93.32,0.4479,0.2372,124.7,4.985,326.78,0.2474,5.1376,0.33289,0.061979,,
2023-03-24,467.38,0.7413,4.0,17.69,5697.46,6.17,0.1889,33.01,203.89,,0.5355,0.0278,11.96,1.41,,0.0145,3.76,0.442,0.00215006,14.92,2417.21,5.157,0.1066,92.77,0.518,0.2384,123.0,5.065,313.24,0.252,5.0962,0.35894,0.073048,,
2023-03-31,489.35,0.7973,4.3,20.07,6091.79,5.91,0.1915,32.57,210.42,,0.5395,0.0275,12.13,1.48,,0.0141,3.65,0.4627,0.00206493,16.21,2255.25,5.701,0.1048,90.58,0.5054,0.2472,125.6,5.015,310.66,0.2364,5.3751,0.4806,0.064508,,
2023-04-07,521.27,0.8376,4.39,17.21,6167.15,6.28,0.1926,32.08,205.69,,0.5329,0.0288,11.41,1.56,,0.0142,4.03,0.4418,0.00202258,14.69,2192.56,9.309,0.1073,100.01,0.5209,0.2599,134.4,6.069,345.89,0.2761,5.5833,0.60307,0.069176,,
2023-04-14,545.18,0.85,4.57,16.68,6653.9,5.91,0.1973,34.85,246.71,,0.5345,0.0273,12.28,1.49,,0.0136,3.87,0.4238,0.00209443,15.85,2237.93,6.882,0.0945,86.75,0.4647,0.2362,119.8,5.417,328.55,0.2382,5.1951,0.44429,0.060244,,
2023-04-21,495.03,0.9183,4.48,16.83,6377.16,6.25,0.2026,38.35,235.74,,0.5155,0.0271,9.73,1.62,,0.0127,3.77,0.4378,0.00211519,15.25,2128.89,7.762,0.0944,88.22,0.4705,0.2349,117.7,6.404,324.25,0.2356,5.2729,0.47802,0.063472,,
2023-04-28,464.75,0.8265,4.25,16.77,6769.39,6.2,0.188,35.09,235.88,,0.5396,0.0258,10.51,1.5,,0.0114,3.84,0.47,0.00220793,14.25,2211.06,7.294,0.0918,83.42,0.449,0.2295,116.1,5.543,324.73,0.2183,5.18,0.37357,0.056473,,
2023-05-05,465.99,0.8291,3.64,14.94,6825.76,6.43,0.1753,34.52,227.14,,0.5347,0.0257,9.97,1.42,,0.0101,4.13,0.4943,0.00223881,14.97,2127.01,6.084,0.0887,83.5,0.4253,0.2162,115.2,5.194,314.0,0.1902,4.989,0.48322,0.051738,,
2023-05-12,489.84,0.8156,3.73,13.95,7328.21,5.96,0.1725,33.71,233.11,,0.5456,0.0265,10.24,1.45,,0.00947886,4.19,0.5182,0.00226488,15.42,2139.79,6.737,0.0881,92.18,0.4575,0.2108,114.7,5.054,309.35,0.1972,4.8974,0.45244,0.052232,,
2023-05-19,504.44,0.7823,3.89,14.6,7124.87,6.28,0.1637,34.52,228.1,,0.564,0.0262,11.74,1.55,,0.00915445,4.42,0.5173,0.0023591,15.46,2250.17,7.086,0.0887,91.45,0.482,0.2134,116.4,4.993,308.2,0.2004,4.854,0.40812,0.053359,,
2023-05-26,459.34,0.7974,3.96,13.98,7621.59,5.84,0.1497,33.5,240.94,,0.5631,0.027,12.46,1.58,,0.00883748,4.65,0.4653,0.00221803,13.77,2185.49,7.809,0.0913,94.19,0.5359,0.2075,115.7,4.794,306.56,0.2173,4.2559,0.43263,0.050174,,
2023-06-02,442.48,0.8241,3.67,14.17,7437.26,5.54,0.1491,35.4,248.68,,0.5389,0.027,11.99,1.6,,0.00901104,4.55,0.4519,0.00226006,14.18,2204.02,5.72,0.0835,77.68,0.5208,0.1717,102.8,3.655,235.03,0.1732,4.0191,0.52379,0.044349,,
2023-06-09,465.04,0.787,3.59,15.86,7549.44,5.38,0.1533,34.97,255.84,,0.5734,0.0276,12.35,1.64,,0.00885702,4.61,0.4423,0.00214147,14.69,2108.45,5.977,0.0795,77.19,0.4868,0.1665,107.0,3.96,247.01,0.1703,3.995,0.53709,0.045262,,
2023-06-16,462.8,0.8444,3.79,17.06,7765.82,5.33,0.1525,35.06,252.32,,0.5381,0.0264,12.52,1.67,,0.00873388,4.63,0.4567,0.00199733,14.39,2129.92,6.96,0.0916,88.2,0.4903,0.1895,194.3,4.328,239.44,0.1967,4.2585,0.70767,0.051942,,
2023-06-23,444.37,0.8649,4.01,17.02,8006.22,5.18,0.1528,36.64,270.68,,0.523,0.0254,12.3,1.59,,0.0082295,4.77,0.4899,0.00186826,15.77,2122.06,8.723,0.1073,113.58,0.4845,0.1883,299.2,4.196,246.12,0.2026,4.44,0.97962,0.050063,,
2023-06-30,436.54,0.9047,4.08,18.11,7923.29,4.77,0.1515,36.12,284.85,,0.5535,0.0249,11.58,1.64,,0.00793932,4.83,0.4936,0.00178743,15.57,2206.38,8.208,0.099,95.08,0.468,0.1835,265.6,4.033,234.35,0.2037,4.2784,0.87562,0.047014,,
2023-07-07,400.71,0.8965,3.67,16.99,7633.81,4.74,0.1619,36.4,297.03,,0.5237,0.025,11.35,1.69,,0.0079722,5.4,0.4729,0.00185035,16.33,2161.58,8.872,0.1313,92.89,0.7468,0.2049,249.9,4.085,248.68,0.2213,4.3364,0.87386,0.050675,,
2023-07-14,389.89,0.9043,3.44,14.63,7679.46,4.82,0.1729,38.78,310.54,,0.5157,0.0226,10.92,1.66,,0.00842096,5.23,0.4721,0.00192156,15.05,2134.36,8.705,0.1559,93.16,0.7384,0.2088,249.5,4.215,242.25,0.2239,4.2243,0.76108,0.05348,,
2023-07-21,404.74,0.9362,3.46,14.03,8517.45,5.05,0.1729,37.47,291.68,,0.5334,0.0247,10.88,1.66,,0.00853728,5.36,0.469,0.00181829,16.31,2217.48,7.893,0.1565,94.03,0.7046,0.1995,253.0,4.27,242.94,0.2048,4.1686,0.70859,0.052978,,
2023-07-28,406.59,1.03,3.32,14.98,7318.97,5.64,0.1705,37.22,281.18,,0.4955,0.0232,10.44,1.67,,0.00793842,5.01,0.4471,0.00181998,16.15,2298.94,7.894,0.1394,82.57,0.624,0.2075,223.1,4.121,243.13,0.2137,4.1208,0.73535,0.057746,,
2023-08-04,413.18,0.8014,2.93,15.08,7307.99,4.89,0.1523,36.71,280.73,,0.4923,0.0223,11.01,1.77,,0.00784899,5.21,0.4647,0.00180975,15.97,2310.45,7.694,0.1378,81.92,0.6256,0.2071,228.4,4.03,240.37,0.21,4.0988,0.71015,0.056965,,
2023-08-11,397.65,0.8024,3.01,18.12,7478.82,5.05,0.1454,36.44,270.76,,0.4344,0.023,10.47,1.66,,0.00831526,5.37,0.4648,0.00189032,15.36,2523.66,7.727,0.1297,65.25,0.5384,0.1812,188.9,3.586,216.21,0.1919,3.8954,0.55484,0.061376,,
2023-08-18,402.21,0.8089,3.17,18.54,6975.43,5.17,0.1541,34.46,270.23,,0.472,0.0261,10.79,1.54,,0.00811124,5.53,0.4554,0.00188442,15.79,2571.5,6.949,0.121,65.39,0.5236,0.1701,197.8,3.492,218.52,0.1814,3.8572,0.62133,0.05824,,
2023-08-25,427.69,0.8965,3.12,17.67,6468.42,4.73,0.1552,34.43,252.55,,0.4774,0.0281,10.78,1.56,,0.00836172,5.52,0.4473,0.0017654,16.16,2565.58,6.814,0.1187,63.93,0.5047,0.1654,196.1,3.257,213.79,0.1756,3.9106,0.61151,0.048587,,
2023-09-01,421.98,0.9148,3.38,16.99,6367.8,5.12,0.1557,34.85,259.47,,0.4666,0.0296,11.61,1.51,,0.00734555,5.43,0.4698,0.00173582,15.04,2716.27,6.643,0.1338,61.11,0.4969,0.1657,190.3,3.094,212.84,0.1714,3.845,0.58264,0.047826,,
2023-09-08,418.45,0.874,3.05,15.95,6217.72,5.46,0.1425,34.59,267.95,,0.4746,0.03,12.02,1.39,,0.00685564,5.66,0.4594,0.00182958,16.66,2831.39,7.028,0.1161,63.55,0.4925,0.1748,209.9,2.929,216.16,0.1727,3.8551,0.59507,0.049567,,
2023-09-15,434.91,0.9062,2.9,16.23,6475.18,5.72,0.1514,34.89,275.87,,0.5027,0.0289,12.66,1.45,,0.00695636,5.7,0.4644,0.00182379,16.38,2735.27,6.912,0.1123,63.58,0.5021,0.174,204.7,2.922,210.66,0.1741,3.8659,0.61951,0.04987,,
2023-09-22,430.61,0.9136,2.72,14.31,6487.69,6.27,0.1556,34.25,251.99,,0.5224,0.0289,11.58,1.49,,0.00673946,5.58,0.4612,0.00180401,15.44,2485.31,7.947,0.1143,68.19,0.5241,0.1871,242.3,3.305,215.64,0.1804,3.7331,0.76581,0.050696,,
2023-09-29,425.79,0.9421,2.73,15.4,6329.5,6.12,0.1526,35.74,251.03,,0.5219,0.0283,11.58,1.51,,0.00695671,5.64,0.4695,0.00189891,15.46,2664.7,7.734,0.1107,65.34,0.5174,0.188,227.8,3.091,211.55,0.174,3.6808,0.68049,0.048077,,
2023-10-06,406.16,0.9453,2.96,14.88,6674.82,6.04,0.1509,37.08,259.78,,0.5622,0.0292,12.29,1.54,,0.00659178,5.66,0.4921,0.001946,14.52,2754.94,7.807,0.1063,61.63,0.4874,0.1805,215.1,3.151,209.34,0.1639,3.6844,0.63904,0.046808,,
2023-10-13,426.69,0.9492,2.95,13.94,7034.15,6.55,0.1472,36.91,263.19,,0.5834,0.0296,11.12,1.67,,0.00649857,5.83,0.4922,0.0018599,14.93,2760.08,9.228,0.1108,65.26,0.5226,0.1997,243.4,3.233,214.13,0.1813,3.7437,0.77121,0.050017,,
2023-10-20,471.3,0.9066,2.99,15.58,6991.6,5.71,0.1345,36.97,272.13,,0.5641,0.0301,11.38,1.52,,0.00657508,5.5,0.5096,0.00186483,14.79,2660.22,13.918,0.1157,68.79,0.5561,0.2142,246.1,4.025,226.41,0.1953,3.8182,0.89241,0.052497,,
2023-10-27,472.0,0.9279,3.44,16.05,7267.26,6.09,0.1288,37.93,276.93,,0.5817,0.0309,11.93,1.58,,0.00619737,5.76,0.5797,0.00179466,15.66,2826.03,16.119,0.1255,71.6,0.6607,0.2276,237.5,4.06,240.7,0.2603,3.861,0.9486,0.05603,,
2023-11-03,479.65,1.07,3.62,16.85,7651.46,6.5,0.1268,40.98,274.83,,0.6176,0.034,12.9,1.68,,0.00594404,6.79,0.5283,0.00186535,17.68,2935.31,17.289,0.1244,74.88,0.6613,0.248,236.6,4.672,248.6,0.3716,4.217,1.0859,0.062197,,
2023-11-10,474.91,1.19,3.82,17.83,7870.8,6.82,0.1294,42.21,281.93,,0.6602,0.0309,12.91,1.79,,0.00639544,6.58,0.537,0.00198419,18.59,3351.79,16.732,0.121,70.54,0.6258,0.2588,230.1,4.58,243.5,0.3895,4.221,1.1443,0.062431,,
2023-11-17,487.53,1.12,3.71,18.4,8094.84,7.21,0.1235,42.6,282.7,,0.7323,0.0336,14.13,2.0,,0.00671405,6.61,0.5371,0.00189762,19.5,3446.46,17.076,0.1198,70.03,0.6157,0.2442,226.8,4.653,231.5,0.3753,4.242,1.0379,0.06294,,
2023-11-24,514.91,1.22,3.8,18.45,7970.55,6.99,0.1313,45.1,273.46,,0.7334,0.0307,15.02,2.15,,0.00668155,7.03,0.529,0.00206851,22.14,3517.95,17.435,0.122,72.31,0.6229,0.2439,230.0,4.711,226.9,0.4439,4.271,1.103,0.06233,,
2023-12-01,520.16,1.33,4.21,19.29,8291.72,6.96,0.1336,48.73,304.2,,0.772,0.0336,16.2,2.16,,0.0063204,7.71,0.559,0.00213192,18.76,3633.41,21.277,0.1333,77.18,0.6617,0.2612,251.1,5.577,240.1,0.7403,4.752,1.2504,0.07514,,
2023-12-08,501.48,1.28,4.21,18.82,7980.99,8.12,0.1339,47.58,289.12,,0.7509,0.0362,17.45,2.34,,0.00642007,8.07,0.598,0.00215117,18.06,3691.66,30.643,0.1221,71.18,0.6103,0.2405,225.9,10.508,242.3,0.8663,5.111,1.0825,0.07859,,
2023-12-15,499.7,1.35,4.2,20.67,8427.26,8.55,0.1295,43.81,317.04,,0.7478,0.037,18.86,2.22,,0.00633135,8.86,0.6133,0.00208492,16.27,3923.74,40.584,0.1258,71.12,0.6121,0.2479,228.9,9.795,269.5,1.6221,5.11,1.1871,0.09028,,
2023-12-22,477.54,1.42,4.37,20.24,8604.02,8.56,0.1327,46.36,319.11,,0.7276,0.0384,19.45,2.36,,0.00636799,8.45,0.5958,0.00211348,17.0,3956.05,35.755,0.129,72.83,0.6156,0.239,259.7,13.286,315.8,1.2601,5.107,1.1869,0.08597,,
2023-12-29,508.42,1.27,4.35,20.85,8991.48,9.26,0.1337,48.54,350.14,,0.7222,0.0402,19.93,2.63,,0.00636606,8.97,0.6067,0.00205378,16.64,3668.87,36.466,0.1152,64.27,0.5515,0.2263,232.5,11.276,305.6,1.1748,5.022,1.2487,0.07528,,
2024-01-05,514.84,1.36,4.2,20.37,8863.19,10.35,0.1336,48.51,342.94,0.6,0.7083,0.0387,19.33,2.74,0.1,0.00598312,9.76,0.5995,0.00208686,16.01,3827.73,36.91,0.1181,69.78,0.5763,0.218,245.7,12.598,305.2,1.1919,4.875,1.6211,0.07704,,
2024-01-12,508.09,1.4,4.36,20.33,8568.87,9.02,0.1285,53.55,356.24,0.7484,0.6974,0.0388,20.68,2.84,0.1198,0.00574218,10.17,0.6353,0.00212281,15.25,3978.07,35.95,0.1156,71.75,0.5464,0.2245,236.9,11.107,318.7,1.2297,4.746,2.3111,0.07547,,
2024-01-19,520.3,1.6,5.05,21.21,9248.68,9.47,0.1199,53.29,358.1,0.8794,0.671,0.0424,20.28,2.93,0.1855,0.00585431,10.98,0.679,0.00218726,15.73,4038.44,36.4,0.1137,68.35,0.5241,0.2113,236.9,12.339,305.2,1.2591,4.81,2.2397,0.07337,,
2024-01-26,568.26,1.66,5.9,23.98,9218.94,10.06,0.118,52.7,378.41,1.04,0.7606,0.0464,20.54,3.2,0.208,0.0056239,11.77,0.7188,0.00232981,16.47,3727.56,32.35,0.1092,66.94,0.5032,0.2016,235.2,12.739,306.1,1.0211,4.775,3.0413,0.06838,,
2024-02-02,540.8,1.72,6.36,25.41,10423.89,10.76,0.1119,54.26,427.64,1.2,0.7569,0.052,22.9,2.96,0.2103,0.00556392,12.86,0.7937,0.00249003,17.11,4093.51,35.16,0.1113,71.55,0.5261,0.2163,277.6,12.976,321.1,1.0872,4.706,3.1391,0.0783,,
2024-02-09,548.94,1.95,6.21,27.46,10594.01,11.38,0.1008,56.34,388.25,1.28,0.7903,0.0486,26.1,3.1,0.2448,0.00573383,14.18,0.8675,0.00249749,17.88,4567.65,38.88,0.1159,70.8,0.5571,0.2425,270.6,13.656,352.8,1.088,4.772,2.9342,0.08977,,
2024-02-16,537.01,2.17,5.9,25.28,10318.76,12.49,0.0935,61.89,406.82,1.36,0.856,0.0536,26.15,3.32,0.2514,0.00547606,15.99,0.9614,0.00252176,19.02,4425.1,35.82,0.1166,70.16,0.5425,0.4082,267.9,12.485,384.8,0.947,4.914,2.7717,0.10926,,
2024-02-23,523.64,2.47,6.77,28.25,10958.9,13.31,0.0906,65.2,458.88,1.41,0.8702,0.0471,28.5,3.31,0.2552,0.00521836,17.09,1.07,0.00281348,19.82,4483.75,40.69,0.1357,90.7,0.6271,0.7131,470.5,13.181,413.5,1.194,5.386,3.2941,0.11295,,
2024-03-01,563.35,2.7,6.66,30.14,11040.41,15.02,0.0951,62.73,446.19,1.4,0.9334,0.0542,28.91,3.47,0.2557,0.00459027,17.85,1.17,0.00280656,21.55,4548.9,40.11,0.1398,87.43,0.608,0.6446,423.4,14.136,521.1,1.3078,6.051,3.0236,0.12582,,
2024-03-08,532.0,2.95,7.63,35.21,12591.1,14.61,0.1055,76.92,501.55,1.46,1.01,0.0604,30.04,3.5,0.2764,0.00449554,19.29,1.15,0.00298826,22.58,4264.69,42.85,0.1322,85.93,0.6191,0.5476,402.6,12.579,588.2,2.7008,7.097,2.7965,0.11642,,
2024-03-15,627.93,3.0,7.73,35.88,12934.51,15.51,0.1081,84.35,548.99,1.48,1.08,0.0579,32.05,3.81,0.2761,0.004088,20.23,1.21,0.00308993,23.0,4436.13,36.52,0.135,89.65,0.6325,0.4996,485.1,15.129,560.2,2.2758,8.224,3.5635,0.11004,3.979,
2024-03-22,619.19,2.96,8.06,33.97,12686.67,17.29,0.1033,70.78,504.76,1.3,1.09,0.0554,34.48,3.69,0.2973,0.00437136,21.05,1.24,0.00296268,23.66,4622.16,36.78,0.1411,105.01,0.6292,0.6095,678.7,18.776,602.1,2.4606,10.598,5.5111,0.11565,6.532,
2024-03-29,627.0,2.97,7.45,33.89,13235.56,14.87,0.1042,69.83,461.38,1.15,1.14,0.0565,33.24,3.79,0.3062,0.00401359,20.44,1.26,0.00278798,23.33,4854.47,35.23,0.1293,101.21,0.5944,0.5696,684.8,17.134,584.4,2.1108,7.76,6.7294,0.10587,5.726,
2024-04-05,636.15,3.08,7.17,32.87,12827.85,14.49,0.1075,72.33,454.55,1.09,1.15,0.0548,30.55,3.78,0.3049,0.00398987,21.31,1.25,0.00278183,24.06,4776.6,26.03,0.1106,79.72,0.5033,0.389,525.7,12.881,550.2,1.5275,7.225,6.8226,0.08354,4.226,
2024-04-12,651.33,3.06,6.98,28.72,11947.51,13.64,0.1018,73.92,468.8,1.07,1.14,0.0521,31.46,3.84,0.2828,0.00389733,20.51,1.22,0.00281839,25.0,4669.98,28.27,0.1139,84.16,0.5246,0.4051,502.2,15.093,574.0,1.6895,7.028,5.8889,0.08882,3.996,
2024-04-19,644.55,3.15,6.56,23.11,11744.09,13.56,0.0955,68.87,515.84,1.05,1.09,0.0553,29.54,3.66,0.285,0.00405156,19.75,1.15,0.0027407,26.55,4787.0,25.78,0.1123,83.99,0.5103,0.5325,470.5,13.58,603.9,1.5742,7.942,5.4611,0.10349,4.365,
2024-04-26,569.92,3.12,6.3,22.22,11554.16,13.32,0.0963,63.27,487.39,0.9757,1.07,0.0555,29.95,3.73,0.285,0.00368352,18.65,1.22,0.00258168,29.51,4830.31,24.23,0.1109,81.32,0.5296,0.6206,469.0,12.987,593.0,1.6824,8.154,5.0506,0.11033,4.106,
2024-05-03,564.3,3.01,6.17,18.53,11157.7,12.66,0.1019,60.32,453.36,0.9562,1.12,0.0605,31.39,3.62,0.2784,0.0035746,17.91,1.08,0.00227911,27.13,4993.09,23.5,0.1048,81.41,0.4993,0.5346,433.0,11.721,595.6,1.608,8.115,4.2072,0.10868,3.668,
2024-05-10,555.39,3.38,6.12,18.01,10724.3,13.32,0.0972,58.46,420.16,0.8345,1.17,0.0549,27.52,3.44,0.2931,0.00342038,17.78,1.13,0.00243295,25.76,5248.11,24.15,0.1055,82.4,0.5096,0.5077,484.9,12.616,578.0,1.7895,7.861,4.81,0.11102,3.262,
2024-05-17,576.39,3.12,5.67,19.44,10952.31,12.83,0.0895,58.44,356.75,0.8285,1.13,0.0552,26.6,2.81,0.3035,0.00369371,16.79,1.15,0.00253511,25.28,4981.54,24.83,0.1086,83.9,0.5283,0.5212,484.0,12.051,602.1,1.7853,7.902,6.758,0.10684,5.099,
2024-05-24,563.3,3.18,5.63,19.05,10858.26,12.83,0.0938,53.49,346.14,0.7963,1.07,0.0562,27.82,2.61,0.2978,0.00349897,15.6,1.13,0.00255441,22.35,5125.54,24.23,0.1051,83.11,0.5135,0.4853,458.3,11.86,601.5,1.6726,8.211,5.849,0.09931,4.537,
2024-05-31,592.89,3.24,4.83,19.48,10362.72,12.84,0.094,55.75,358.01,0.8475,1.09,0.0582,24.77,2.58,0.2817,0.003464,14.57,1.01,0.00262007,21.66,5028.79,27.81,0.0999,80.49,0.4986,0.4469,474.6,11.029,676.8,1.6744,8.522,5.361,0.09145,4.066,
2024-06-07,572.47,3.15,4.47,20.3,10179.12,12.95,0.092,55.88,357.37,0.8025,1.17,0.0549,24.6,2.56,0.278,0.0035532,15.01,1.03,0.00262162,21.89,5323.28,25.06,0.0992,78.98,0.4891,0.429,428.4,9.62,610.7,1.765,8.598,5.728,0.08637,3.982,
2024-06-14,586.16,3.47,4.33,20.09,10932.64,13.15,0.0944,53.08,358.25,0.8464,1.16,0.0526,23.84,2.62,0.2894,0.00339483,14.84,0.9842,0.0025889,20.69,5086.46,20.26,0.0896,73.37,0.4797,0.3595,381.1,7.887,585.1,1.4561,7.633,5.67,0.07636,3.224,
2024-06-21,567.73,3.39,4.24,18.74,9677.07,11.79,0.0901,52.09,347.58,0.8441,1.16,0.0541,21.35,2.75,0.2467,0.00341999,13.69,1.03,0.00266535,21.28,5359.8,23.53,0.0913,75.31,0.4761,0.3539,394.0,8.171,577.6,1.7742,7.901,5.066,0.0767,3.084,
2024-06-28,525.23,3.41,4.41,16.56,10139.69,11.33,0.0881,52.61,351.44,0.8248,1.11,0.0489,20.19,2.73,0.2265,0.00373341,11.9,0.8803,0.00277242,22.2,5025.52,18.62,0.0839,62.05,0.4195,0.2974,312.7,6.922,498.3,1.5515,6.672,3.593,0.06463,1.903,
2024-07-05,499.89,3.04,4.23,15.62,9579.19,11.08,0.0882,50.21,389.93,0.766,1.04,0.0465,18.58,2.75,0.2241,0.00359927,11.01,0.9052,0.00279496,21.77,5055.61,21.64,0.1046,69.92,0.5205,0.3194,376.6,8.623,536.2,1.8467,7.272,4.22,0.07211,2.132,
2024-07-12,451.94,2.93,4.0,15.08,9006.78,10.22,0.0837,48.25,370.66,0.6397,1.01,0.0443,17.58,2.57,0.2106,0.00380394,10.14,0.9014,0.0027062,21.61,4605.52,27.47,0.1054,73.98,0.5984,0.3601,401.3,10.722,598.7,2.6817,7.872,4.48,0.07471,2.482,
2024-07-19,412.31,2.62,3.59,14.46,9031.01,10.24,0.0811,48.7,383.15,0.7106,0.8949,0.0437,17.17,2.42,0.1997,0.0035612,9.5,0.886,0.00276638,22.51,4466.6,24.22,0.1003,71.07,0.6012,0.3364,416.8,9.346,580.4,2.408,7.69,3.806,0.06757,2.13,
2024-07-26,406.27,2.67,3.72,14.6,9186.95,9.8,0.0742,48.99,376.65,0.7334,0.8808,0.043,16.99,2.42,0.1947,0.00333921,8.6,0.8892,0.00281123,20.41,4611.93,17.65,0.0882,62.46,0.5228,0.2816,332.5,7.328,501.7,1.624,6.725,2.44,0.0553,1.371,
2024-08-02,414.28,2.73,3.73,15.57,9029.22,9.47,0.0684,47.51,389.45,0.735,0.8355,0.0403,17.01,2.57,0.184,0.00332638,8.32,0.9857,0.00286548,18.65,4925.14,17.66,0.0978,59.73,0.5528,0.315,330.2,6.826,520.4,1.732,7.051,2.504,0.05263,1.329,
2024-08-09,402.26,2.55,3.5,16.21,9188.48,9.38,0.0662,50.31,349.11,0.766,0.8118,0.0406,17.87,2.48,0.1973,0.00324824,9.26,0.9808,0.00288491,20.15,4921.39,17.85,0.0935,66.33,0.5631,0.2934,333.1,7.149,538.9,1.691,7.306,2.927,0.05311,1.384,
2024-08-16,358.3,2.46,3.55,17.1,9438.63,10.44,0.0637,49.3,351.72,0.7915,0.7936,0.0402,19.12,2.35,0.1831,0.00348798,6.64,0.8898,0.00285546,17.46,4880.99,22.37,0.1009,64.82,0.6,0.3241,356.3,8.513,575.4,1.837,7.841,3.388,0.05896,1.664,
2024-08-23,329.11,2.36,3.59,16.97,10056.18,9.89,0.0611,48.01,358.29,0.7244,0.8132,0.0393,21.56,2.42,0.1788,0.00359817,6.84,0.9149,0.00267972,17.75,4886.7,16.43,0.0899,63.59,0.5472,0.2654,312.7,7.191,520.4,1.44,7.354,2.942,0.04797,1.234,
2024-08-30,326.89,2.48,3.21,16.37,9986.29,10.04,0.0607,49.19,329.61,0.7265,0.8345,0.0378,20.97,2.39,0.1827,0.00380379,7.25,0.8873,0.00260321,18.35,5196.03,16.25,0.0899,60.95,0.5295,0.2633,305.4,7.413,491.4,1.473,7.37,2.765,0.04948,1.299,
2024-09-06,341.28,2.6,3.04,16.83,9830.31,10.46,0.055,50.34,305.57,0.7402,0.8452,0.0405,20.57,2.37,0.1939,0.00365827,6.56,0.9148,0.00259754,18.45,5248.09,18.66,0.0951,63.24,0.5706,0.2691,316.4,8.326,561.5,1.461,8.018,3.276,0.0501,1.291,
2024-09-13,352.88,2.48,3.04,16.96,9599.57,11.18,0.0564,50.9,303.57,0.7547,0.8181,0.0394,21.28,2.37,0.2019,0.003582,6.6,0.9425,0.00251518,20.19,5328.84,21.69,0.0961,68.68,0.5871,0.3176,342.6,8.248,580.7,1.518,8.71,4.095,0.05377,1.468,
2024-09-20,369.98,2.71,3.35,19.37,9241.6,11.78,0.0569,51.49,288.36,0.8436,0.7677,0.0372,21.09,2.47,0.2269,0.00342494,7.41,0.9588,0.00248627,20.25,5314.39,23.24,0.1017,69.27,0.6412,0.3562,352.6,9.537,597.1,1.92,9.033,4.344,0.06139,1.765,
2024-09-27,385.34,2.9,3.19,20.59,9605.49,11.82,0.0582,51.28,273.53,0.8468,0.8561,0.0377,22.09,2.5,0.253,0.00316234,7.13,1.01,0.00248629,20.82,5712.27,20.76,0.0923,67.02,0.5336,0.3436,324.6,8.522,567.6,1.812,8.698,3.879,0.05428,1.471,
2024-10-04,394.05,2.82,3.36,23.34,9864.17,12.23,0.0557,57.67,274.4,0.9409,0.8734,0.0384,23.94,2.56,0.2863,0.00316755,7.95,1.11,0.00257161,22.92,6333.47,20.33,0.0905,64.8,0.5321,0.3308,321.3,7.921,567.1,1.844,9.132,4.062,0.05127,1.488,
2024-10-11,388.16,2.95,3.66,22.3,10725.74,13.17,0.0497,64.74,296.5,1.03,0.9793,0.0411,27.63,2.75,0.2758,0.00325012,8.83,1.05,0.00287454,22.79,6879.67,22.17,0.0972,74.3,0.5482,0.3554,369.9,8.348,599.3,2.457,9.081,5.035,0.05594,1.747,0.0139996
2024-10-18,417.7,3.14,3.39,26.1,11434.43,14.81,0.0458,63.63,319.14,1.04,1.07,0.0427,31.04,2.79,0.3078,0.00335736,8.82,1.21,0.00295476,23.77,7144.26,18.99,0.0943,71.06,0.5168,0.3105,352.2,7.797,587.6,3.483,8.672,4.512,0.04891,1.415,0.0137717
2024-10-25,428.78,3.29,4.0,29.31,12581.57,14.9,0.0441,64.3,316.88,1.14,1.13,0.0441,32.56,2.92,0.3306,0.00374489,10.07,1.15,0.00316224,24.92,7127.36,16.88,0.0906,66.86,0.503,0.2753,340.1,7.184,552.1,3.336,8.384,4.403,0.04285,1.268,0.0127766
2024-11-01,432.53,3.7,3.94,31.2,14033.91,15.93,0.0431,72.65,323.49,1.25,1.21,0.0479,34.6,3.12,0.3758,0.00364031,11.11,1.24,0.00318707,27.93,7832.75,25.75,0.1084,76.58,0.5884,0.3355,441.3,9.001,640.2,5.404,9.569,5.389,0.05489,1.819,0.0394925
2024-11-08,421.35,4.17,4.51,36.02,14441.62,16.56,0.0402,64.48,330.51,1.21,1.33,0.0441,41.99,3.42,0.3874,0.00360526,10.65,1.29,0.0032326,28.96,7695.4,24.55,0.1964,87.2,1.0543,0.3421,433.1,8.986,625.0,5.868,9.655,5.164,0.0902,1.548,0.0372739
2024-11-15,469.1,4.54,4.3,37.05,15476.32,18.88,0.0418,66.49,362.25,1.32,1.38,0.0439,43.11,3.67,0.4278,0.00322612,11.72,1.38,0.00329199,31.89,7254.31,28.43,0.5362,96.92,1.4331,0.4147,515.2,11.642,642.7,6.122,11.417,5.418,0.14697,2.204,0.0405599
2024-11-22,462.59,4.39,4.7,42.11,16143.76,19.23,0.0385,65.7,385.01,1.32,1.46,0.0458,49.71,3.98,0.4652,0.0031734,13.71,1.38,0.00374996,32.71,7742.27,29.99,0.5607,119.55,2.2937,0.4978,532.0,12.771,662.3,5.271,11.602,5.847,0.20846,2.533,0.0831183
2024-11-29,492.12,4.27,4.7,40.56,16424.39,22.09,0.0397,67.57,426.6,1.39,1.48,0.0471,56.59,4.27,0.4327,0.00323583,13.93,1.45,0.0037622,34.22,7903.54,33.27,0.4931,134.91,2.6013,0.5119,622.3,14.573,740.3,4.987,13.026,6.742,0.3329,2.96,0.128633
2024-12-06,478.39,4.51,4.86,45.16,16657.63,21.74,0.0397,66.17,477.76,1.37,1.64,0.0514,54.09,4.23,0.4375,0.00339081,14.47,1.55,0.00390293,36.47,8007.29,28.59,0.4304,121.11,2.4469,0.4267,546.2,13.194,716.4,5.427,13.56,6.167,0.29618,2.767,0.178894
2024-12-13,486.91,4.56,5.03,47.51,16119.56,20.97,0.0379,69.33,496.48,1.42,1.65,0.0506,56.63,4.33,0.4171,0.00339167,17.3,1.43,0.00421296,37.97,7760.43,20.42,0.3564,99.78,2.2031,0.3525,445.8,9.928,656.8,4.329,12.866,4.947,0.26551,1.951,0.15021
2024-12-20,479.42,5.01,5.09,45.13,15489.79,21.41,0.0339,68.36,487.89,1.41,1.59,0.0448,61.38,4.41,0.4562,0.00322646,18.92,1.52,0.00427867,38.3,7740.5,20.31,0.3382,98.51,2.0942,0.3607,439.1,10.154,710.7,4.902,16.03,5.274,0.27869,1.98,27.47
2024-12-27,490.41,4.88,5.66,45.38,14198.43,22.77,0.0322,73.03,479.21,1.4,1.65,0.0442,63.73,4.05,0.4525,0.00288541,17.42,1.58,0.00425798,40.4,7815.93,25.41,0.4407,115.72,2.3994,0.4309,470.9,12.121,708.3,5.728,18.071,5.381,0.30122,2.376,24.443
2025-01-03,494.81,5.01,5.34,47.4,15395.81,22.75,0.0277,79.23,475.12,1.43,1.6,0.0473,59.76,4.02,0.4418,0.00264186,15.36,1.32,0.00452775,38.63,7714.86,20.84,0.4224,102.34,2.5046,0.4019,447.9,10.229,695.2,4.666,18.405,3.955,0.27809,1.862,21.106
2025-01-10,475.98,4.84,5.44,47.38,15050.78,23.29,0.0244,68.78,498.67,1.52,1.62,0.0507,58.25,3.77,0.4488,0.00245493,15.5,1.38,0.004812,38.23,7532.97,20.69,0.4332,115.57,2.9587,0.3427,427.7,9.893,698.2,6.437,19.96,3.669,0.32629,1.79,20.457
2025-01-17,523.66,4.5,5.08,49.29,15411.89,24.54,0.0234,69.09,479.02,1.63,1.58,0.0506,51.97,3.8,0.4053,0.00252879,15.09,1.38,0.00481748,39.66,8152.39,20.14,0.4063,117.11,3.0223,0.331,425.2,8.807,685.0,7.151,24.794,3.668,0.32321,1.669,22.185
2025-01-24,516.52,4.09,5.01,52.43,14675.8,25.56,0.0208,66.72,481.34,1.67,1.62,0.047,49.21,3.6,0.398,0.0025475,14.43,1.46,0.00466323,38.8,7409.99,15.52,0.354,109.12,2.58,0.2678,360.4,7.487,645.9,5.641,21.25,2.675,0.25301,1.177,22.375
2025-01-31,457.97,3.81,4.25,50.27,14612.6,26.17,0.0199,64.22,491.97,1.79,1.7,0.0466,46.81,3.85,0.3781,0.00243536,14.47,1.46,0.00442485,35.19,7563.88,13.72,0.314,107.2,2.3928,0.2505,324.5,6.95,624.5,4.723,21.15,3.181,0.22922,1.115,22.988
2025-02-07,449.88,4.02,4.06,45.0,14474.73,23.2,0.0199,62.78,506.97,1.78,1.63,0.0452,46.2,3.86,0.3812,0.00227623,13.45,1.35,0.00414564,36.48,7514.23,14.9,0.3426,125.71,2.7283,0.3971,326.3,6.996,681.3,4.936,23.223,3.547,0.22009,1.097,26.816
2025-02-14,495.71,4.03,3.92,44.52,15053.87,19.85,0.0183,60.6,483.56,1.7,1.62,0.0465,49.32,3.9,0.3923,0.00217331,13.36,1.35,0.00415144,33.92,7157.64,16.14,0.3331,129.85,2.5763,0.3639,327.8,7.065,648.8,4.198,23.235,3.415,0.2111,1.152,23.208
2025-02-21,499.08,3.64,3.56,40.46,15013.11,19.48,0.0172,59.52,526.11,1.7,1.5,0.0451,54.87,3.92,0.4173,0.00204179,12.29,1.27,0.00411112,33.51,6586.03,14.34,0.3511,127.89,2.9396,0.3506,334.2,7.228,613.6,2.858,23.117,3.081,0.26413,1.056,20.527
2025-02-28,501.29,3.66,3.74,41.0,16020.46,16.96,0.0164,59.99,522.67,1.7,1.54,0.0442,45.97,4.16,0.4175,0.00201663,11.89,1.28,0.00429046,32.46,5383.1,9.47,0.263,94.62,2.1387,0.2686,357.5,5.427,566.7,1.678,19.816,2.062,0.19925,0.673,14.423
2025-03-07,466.55,3.74,3.45,37.53,14796.59,16.3,0.0157,57.8,540.04,1.58,1.51,0.0446,43.13,4.02,0.4111,0.00180768,11.51,1.22,0.0041977,31.73,5267.57,9.59,0.2625,90.22,2.2938,0.2808,332.9,5.568,601.0,1.557,21.248,2.064,0.18485,0.662,12.969
2025-03-14,497.44,4.01,3.45,39.84,14951.92,14.56,0.0141,58.63,590.32,1.43,1.67,0.0434,41.96,3.99,0.3999,0.00188039,10.94,1.2,0.00437403,31.46,4691.18,9.95,0.2831,91.48,2.4393,0.28,325.4,5.834,621.6,1.776,23.182,2.676,0.18591,0.656,16.305
2025-03-21,549.12,3.93,3.48,37.67,14818.82,13.99,0.0133,56.54,569.11,1.43,1.59,0.0415,40.8,3.98,0.3803,0.00203027,10.63,1.16,0.00447151,28.18,4494.93,8.69,0.2669,86.1,2.1369,0.2578,299.2,5.27,602.3,1.715,22.273,2.526,0.16766,0.588,12.48
2025-03-28,574.73,4.03,3.25,36.5,15291.14,14.33,0.014,53.97,550.62,1.13,1.67,0.0414,39.45,3.72,0.3394,0.00199147,10.42,1.14,0.00460911,29.49,4613.73,7.07,0.2263,70.62,1.9218,0.2185,272.2,4.587,581.5,1.563,20.676,2.639,0.14002,0.448,10.275
2025-04-04,538.43,3.9,3.11,32.3,14880.1,14.4,0.0141,51.08,528.11,1.18,1.67,0.0426,41.29,3.83,0.3387,0.00196144,10.51,1.13,0.00442398,30.34,4373.69,8.0,0.238,77.85,2.1196,0.2643,342.8,5.006,584.3,1.905,22.469,3.221,0.16528,0.472,15.41
2025-04-11,516.14,4.07,3.38,30.46,14551.48,13.81,0.0141,49.24,547.98,1.13,1.6,0.0424,39.37,4.14,0.3277,0.00203339,10.23,1.09,0.00417825,28.66,4385.91,8.53,0.2436,77.79,2.0787,0.2647,336.1,4.877,588.4,2.158,22.507,3.114,0.16602,0.475,17.626
2025-04-18,549.46,4.29,3.29,31.2,14903.06,13.73,0.0136,42.09,559.92,1.15,1.6,0.0441,39.04,4.29,0.3494,0.00176645,10.88,1.11,0.0042873,26.88,4231.13,9.68,0.2841,85.39,2.252,0.2769,345.5,5.026,599.5,2.931,22.166,3.299,0.19024,0.558,17.395
2025-04-25,605.66,4.5,3.58,33.76,15155.26,14.89,0.012,44.08,636.8,1.3,1.65,0.047,38.29,4.52,0.347,0.00178765,11.59,1.1,0.00416881,30.16,4458.05,9.28,0.2654,85.05,2.156,0.2611,356.2,4.605,588.9,2.614,21.435,3.212,0.17614,0.52,19.907
2025-05-02,582.98,4.41,3.77,35.16,15176.61,12.55,0.0114,45.55,588.3,1.23,1.82,0.048,35.77,4.21,0.3704,0.00171456,10.6,1.11,0.0039345,28.42,4412.01,13.16,0.3064,100.12,2.367,0.2899,408.4,5.763,651.6,3.1,21.886,3.906,0.20685,1.077,24.849
2025-05-09,576.47,4.74,3.98,33.62,14800.74,12.65,0.0117,45.69,608.93,1.18,1.66,0.0441,32.38,4.36,0.4097,0.00166745,11.67,1.14,0.00397959,29.71,4558.34,12.34,0.2925,100.94,2.428,0.2731,406.5,5.333,654.1,3.404,21.81,4.181,0.19685,1.359,27.079
2025-05-16,595.31,4.9,4.22,33.72,15031.11,13.12,0.0112,43.68,608.95,1.26,1.61,0.0497,31.74,4.64,0.4209,0.00173834,11.33,1.15,0.00397701,30.59,4174.66,13.1,0.2878,95.6,2.3417,0.2641,422.7,5.265,663.6,3.218,21.172,4.416,0.1882,1.238,39.073
2025-05-23,614.15,4.91,4.33,33.03,14783.23,14.14,0.0108,44.23,648.62,1.24,1.64,0.0466,33.87,4.73,0.4603,0.0017416,12.35,1.22,0.00397456,33.36,4244.03,12.14,0.2674,88.39,2.1792,0.2352,403.4,4.937,654.5,2.538,19.281,4.122,0.16869,1.17,34.183
2025-05-30,675.84,4.76,4.36,33.1,14452.5,12.87,0.0109,45.32,682.15,1.18,1.54,0.0471,33.09,4.26,0.4102,0.00170146,12.21,1.23,0.00395954,32.95,4326.75,13.27,0.2677,87.18,2.267,0.2322,410.8,5.556,652.0,2.262,18.261,4.054,0.16931,1.155,34.943
2025-06-06,693.45,4.1,4.43,33.25,14519.87,13.64,0.0116,46.89,696.98,1.19,1.53,0.047,33.76,4.32,0.4447,0.00172119,12.95,1.26,0.00445811,34.05,4403.22,11.44,0.2587,86.3,2.1655,0.2292,460.4,5.516,647.5,2.143,16.711,3.695,0.15442,1.072,41.175
2025-06-13,689.02,4.29,4.2,36.7,15770.43,14.44,0.0113,49.47,713.13,1.08,1.6,0.0485,33.7,4.36,0.4437,0.00168915,12.09,1.33,0.00411782,34.66,4729.71,9.71,0.2289,80.21,2.0172,0.2051,454.9,4.555,607.8,1.849,15.915,3.269,0.13363,0.838,35.795
2025-06-20,684.12,4.06,4.2,37.26,16495.42,12.46,0.0108,50.8,768.16,1.11,1.68,0.0499,29.41,4.33,0.4284,0.00150727,13.59,1.44,0.0041835,34.08,4847.79,11.44,0.2403,87.96,2.2061,0.2283,504.5,5.081,649.1,2.186,15.74,3.709,0.15269,1.042,39.74
2025-06-27,621.27,3.98,4.54,37.1,16618.34,10.91,0.0104,47.09,753.32,1.13,1.81,0.0537,29.72,4.45,0.4194,0.00155799,11.06,1.33,0.00401688,36.8,4957.41,10.64,0.2505,87.35,2.2709,0.2269,491.5,4.837,662.9,2.162,15.255,3.424,0.15936,0.955,39.907
2025-07-04,614.93,4.04,5.02,38.32,17810.75,11.1,0.0104,50.12,836.61,1.12,1.83,0.0566,29.11,4.84,0.4204,0.0014327,11.52,1.3,0.00400669,38.1,5258.9,12.41,0.4706,94.62,2.8361,0.2609,508.0,5.456,691.1,2.776,15.744,3.921,0.24135,1.149,48.91
2025-07-11,646.65,3.96,5.0,37.22,16351.85,11.01,0.0104,55.96,833.38,1.05,1.85,0.0631,29.62,4.97,0.43,0.00127278,12.26,1.24,0.00418565,39.54,5285.39,14.99,0.4625,116.59,3.454,0.2886,548.0,5.977,751.1,2.911,17.518,4.619,0.27086,1.323,46.029
2025-07-18,701.19,3.92,4.97,33.44,14841.46,11.69,0.0104,53.46,869.45,1.14,2.01,0.057,30.38,5.18,0.4466,0.00131588,13.66,1.29,0.00436542,39.43,5347.98,15.42,0.4442,114.78,3.2389,0.311,590.0,5.8,815.6,3.111,18.267,4.427,0.29161,1.277,43.64
2025-07-25,675.53,3.99,4.98,36.42,14085.36,11.82,0.00921871,55.52,848.58,1.11,1.74,0.0542,34.06,5.16,0.4656,0.00123549,12.61,1.32,0.00449766,39.95,5476.79,12.98,0.3994,110.39,2.948,0.2358,544.2,5.115,748.6,2.572,17.038,3.975,0.24851,1.001,38.189
2025-08-01,704.43,4.34,4.63,34.7,14105.97,10.92,0.00861966,56.22,855.96,1.16,1.78,0.0591,33.91,4.85,0.4681,0.0012553,13.12,1.33,0.00446002,40.22,5480.07,14.39,0.4446,123.75,3.187,0.2681,570.5,5.631,801.9,3.421,16.81,5.46,0.25929,1.234,45.293
2025-08-08,755.78,4.34,4.95,33.86,15215.24,10.59,0.00856755,54.41,782.07,1.13,1.66,0.045,35.26,4.6,0.4505,0.00121818,13.31,1.34,0.00423105,31.23,5710.73,15.47,0.4245,120.71,3.0877,0.2557,582.0,5.479,860.0,3.565,17.7,5.539,0.25208,1.212,46.023
2025-08-15,691.05,4.18,4.28,34.79,15058.0,10.89,0.00876132,55.31,745.0,1.03,1.65,0.0453,40.67,4.52,0.4677,0.00111185,14.47,1.32,0.00417473,32.07,5996.54,14.34,0.4079,118.19,3.0258,0.248,583.2,5.269,867.3,3.607,17.431,5.894,0.24811,1.277,46.024
2025-08-22,661.69,4.4,4.76,36.7,15646.98,11.16,0.00862655,51.71,786.25,0.9467,1.7,0.0444,40.54,4.69,0.461,0.0011441,13.16,1.37,0.00450292,33.14,6117.5,12.71,0.3528,108.89,2.7757,0.2345,544.2,4.75,861.9,3.455,16.883,4.612,0.21894,1.068,44.303
2025-08-29,681.01,4.48,4.59,34.26,15335.25,11.95,0.00785525,49.46,818.17,0.9116,1.67,0.0413,41.11,4.75,0.4757,0.00115075,13.22,1.4,0.00468176,33.35,6582.82,13.03,0.3616,114.9,2.877,0.2344,603.2,4.827,874.8,3.219,16.884,4.635,0.21953,1.172,47.086
2025-09-05,675.55,4.66,4.41,36.25,15314.23,12.14,0.00787391,48.29,828.05,0.8552,1.45,0.0419,43.31,4.39,0.4605,0.00114357,13.43,1.47,0.00468285,32.23,5969.24,14.08,0.3896,115.1,3.0279,0.2438,601.6,4.852,924.5,3.407,17.224,5.057,0.24076,1.469,53.658
2025-09-12,640.56,5.07,4.06,32.38,15573.71,12.8,0.00822662,48.15,812.78,0.7813,1.37,0.0356,41.73,4.63,0.4226,0.00111659,14.28,1.48,0.00460053,35.43,6342.44,13.57,0.3797,114.0,2.9701,0.2371,593.6,4.702,1056.8,3.014,16.82,5.009,0.23407,1.462,50.806
2025-09-19,594.32,4.64,3.76,32.63,15633.97,13.23,0.00833748,41.77,789.34,0.855,1.35,0.0369,36.84,4.66,0.4492,0.00094144,13.35,1.44,0.0046974,34.71,6211.43,12.11,0.3676,106.88,2.8674,0.2217,556.4,4.292,975.8,2.701,16.545,4.824,0.21608,1.602,47.16
2025-09-26,602.81,4.81,3.56,31.66,15757.62,12.31,0.00811883,44.13,792.54,0.7858,1.32,0.0357,36.43,4.28,0.447,0.00088051,12.09,1.53,0.00461725,33.66,6242.31,12.69,0.3962,118.85,2.9697,0.2223,594.2,4.525,1158.4,2.862,16.954,4.695,0.21634,1.811,48.189
2025-10-03,572.21,5.14,3.76,30.86,16081.39,11.97,0.00726082,38.16,747.46,0.8198,1.29,0.037,36.8,4.36,0.456,0.00088378,10.4,1.52,0.00443259,30.65,6091.69,9.55,0.3415,98.98,2.5282,0.1872,540.7,3.5,1302.5,2.085,16.665,3.876,0.18525,1.246,39.637
2025-10-10,563.27,5.24,3.97,29.37,15165.96,11.66,0.00730168,36.64,827.34,0.9001,1.31,0.0372,35.25,4.11,0.4328,0.00089911,10.59,1.56,0.00452085,31.8,6163.12,8.55,0.3179,93.33,2.3908,0.179,472.7,3.069,1119.1,1.858,15.973,3.203,0.17051,1.075,37.394
2025-10-17,576.11,5.15,4.01,29.15,13955.97,10.91,0.00751608,34.62,868.25,0.7954,1.31,0.0385,34.42,4.4,0.4377,0.00083047,10.36,1.5,0.00459046,30.81,6022.27,9.02,0.3304,100.02,2.6461,0.1866,559.4,3.293,1133.8,1.894,15.52,3.451,0.17999,1.042,47.329
2025-10-24,616.4,5.0,3.78,29.53,13620.39,10.89,0.00811011,35.83,888.76,0.8315,1.35,0.0387,35.34,4.55,0.4281,0.00089257,11.9,1.46,0.00497983,30.35,6308.49,7.83,0.3047,99.42,2.5267,0.1854,536.9,4.282,1080.4,1.658,13.16,3.053,0.19458,0.997,42.443
2025-10-31,658.25,4.98,3.58,28.88,13868.54,11.0,0.00842067,35.78,894.59,0.8452,1.31,0.041,32.91,4.55,0.4091,0.00091823,11.33,1.55,0.00421439,29.66,6041.73,7.6,0.2858,110.31,2.3662,0.2112,503.5,7.558,994.5,1.501,12.19,2.802,0.17664,0.995,41.801
2025-11-07,656.71,5.32,3.96,29.78,13685.52,10.83,0.00807185,39.39,871.07,0.8584,1.29,0.0425,34.4,4.69,0.4056,0.00087075,11.73,1.49,0.00414381,29.95,5978.24,6.48,0.254,95.79,2.2149,0.2187,483.4,4.788,923.3,1.266,10.99,2.432,0.14667,0.891,38.696
2025-11-14,621.56,5.47,3.75,30.8,13824.27,10.26,0.00813499,35.86,857.46,0.8312,1.4,0.0438,34.79,5.02,0.4034,0.00080855,12.12,1.46,0.00418874,31.15,6226.48,5.36,0.2473,83.09,2.0491,0.1958,539.3,4.05,850.2,1.057,9.92,2.229,0.14791,0.677,31.878
2025-11-21,621.99,5.94,3.75,32.43,13386.84,11.54,0.007933,34.99,831.84,0.8091,1.41,0.0454,33.1,4.82,0.3921,0.00080058,11.48,1.52,0.00454467,30.91,6010.01,5.73,0.248,82.38,2.155,0.2497,540.8,3.828,893.8,1.072,10.41,2.656,0.14137,0.806,31.924
2025-11-28,621.96,5.6,3.75,33.41,13193.27,11.17,0.00750037,34.41,879.6,0.8272,1.42,0.0455,33.25,4.83,0.4256,0.00072848,12.46,1.57,0.00450942,32.48,6112.72,5.43,0.2373,81.43,2.0442,0.228,598.5,3.427,890.5,1.119,10.17,2.365,0.13105,0.785,29.727
2025-12-05,563.24,4.92,3.64,34.12,14557.45,12.03,0.00687709,36.02,832.61,0.7854,1.42,0.0461,32.69,4.94,0.4344,0.00072671,11.31,1.51,0.00461811,32.71,5913.15,5.16,0.2291,78.96,1.9784,0.2081,558.3,3.066,886.8,1.029,10.36,2.1,0.11822,0.787,28.827
2025-12-12,563.32,5.1,3.9,36.12,15299.77,11.48,0.00682981,36.45,905.54,0.8272,1.44,0.0512,33.91,4.66,0.4343,0.00075202,10.67,1.5,0.00468538,32.37,6049.9,4.557,0.2165,76.79,1.9223,0.2027,591.1,3.057,848.8,0.904,10.28,1.888,0.11199,0.718,24.839
2025-12-19,536.55,5.11,3.87,39.12,14078.08,12.24,0.00628648,38.29,852.69,0.8116,1.39,0.0569,33.39,4.51,0.4519,0.0007462,10.26,1.48,0.00478338,31.45,6119.4,4.759,0.2203,78.73,1.8654,0.2032,622.4,3.04,860.5,0.935,10.34,1.885,0.11547,0.711,25.349
2025-12-26,549.66,4.87,3.85,42.33,13464.86,12.09,0.00627955,40.45,815.74,0.814,1.42,0.0559,32.33,4.71,0.4268,0.0006865,9.3,1.42,0.00474335,30.98,6199.6,5.184,0.233,82.26,2.0909,0.2373,639.1,3.27,889.2,1.127,10.51,2.205,0.12548,0.776,26.866
2026-01-02,166.92,0.3904,1.79,13.807,90875.0,2.08,0.2017,3118.1,1.479,0.2131,13.209,0.1628,1.695,112.1,0.3997,2.505,138.43,,0.29935,5.478,394.38,5.207,0.22543,80.54,2.0895,0.2988,654.9,3.174,908.8,1.197,10.31,2.2,0.11731,0.741,24.433
2026-01-09,174.44,0.3923,1.824,13.568,95113.9,2.163,0.193,3334.01,1.537,0.2205,13.779,0.1444,1.72,113.82,0.372,2.172,142.0,,0.31961,5.338,394.64,5.203,0.22471,74.87,2.0509,0.2467,592.8,4.054,950.4,1.063,10.22,1.978,0.11176,0.694,24.467
2026-01-16,153.33,0.3524,1.532,11.853,88456.1,1.887,0.1655,2926.95,1.283,0.1957,11.965,0.1215,1.49,102.93,0.3343,1.962,125.59,,0.29812,4.815,360.3,4.447,0.20777,69.51,1.8879,0.2202,582.2,3.372,877.4,0.945,9.62,1.847,0.10326,0.568,22.21
2026-01-23,124.05,0.2894,1.244,9.858,77600.9,1.499,0.1313,2315.85,1.039,0.1722,9.537,0.1028,1.171,86.8,0.2764,1.501,101.69,,0.28453,3.831,291.09,3.508,0.17386,58.41,1.5946,0.2099,522.3,2.649,749.5,0.703,8.2,1.562,0.08855,0.485,30.587
2026-01-30,113.2,0.2727,1.073,9.176,71181.5,1.357,0.1091,2108.61,0.947,0.1632,8.888,0.0966,1.056,76.03,0.2597,1.38,87.78,,0.27918,3.508,243.26,3.217,0.16178,54.9,1.4404,0.1951,530.8,2.45,643.6,0.61,7.03,1.166,0.09126,0.457,32.447
2026-02-06,126.65,0.2843,0.927,9.387,69094.9,1.368,0.1082,2011.64,0.97,0.1624,8.867,0.10591,1.058,79.19,0.2808,1.43,87.41,,0.28074,3.509,296.88,3.141,0.17302,55.08,1.5235,0.1907,558.1,2.433,621.6,0.624,7.16,1.255,0.10029,0.472,30.727
2026-02-13,118.52,0.2718,0.8342,8.886,67691.3,1.321,0.0952,1954.05,0.9304,0.1511,8.71,0.10587,1.016,77.94,0.2616,1.41,83.49,,0.28955,3.475,246.41,3.568,0.15445,53.32,1.3936,0.1629,569.6,2.12,616.0,0.619,7.13,1.199,0.09824,0.446,29.032
2026-02-20,115.07,0.2801,0.9401,9.133,66841.6,1.551,0.09263,1993.34,0.9774,0.1668,8.916,0.10633,1.153,76.71,0.2589,1.376,85.67,,0.28162,3.783,220.45,3.048,0.15795,54.25,1.3785,0.1341,447.3,2.427,626.4,0.588,6.88,1.259,0.09693,0.501,31.544
2026-02-27,106.45,0.2495,0.9308,8.869,67209.0,1.453,0.0795,1943.06,0.9356,0.1613,8.568,0.09456,1.215,97.14,0.2455,1.355,82.06,,0.28867,3.695,196.88,2.805,0.14891,52.69,1.3457,0.1236,447.1,2.437,615.9,0.563,6.96,1.18,0.09392,0.517,30.703
2026-03-06,112.85,0.2638,0.9189,9.715,71478.1,1.418,0.0898,2093.84,0.885,0.1594,9.153,0.09599,1.336,95.96,0.2642,1.848,87.91,,0.2988,3.955,227.18,3.05,0.16712,55.1,1.4157,0.1325,462.6,2.659,659.6,0.628,7.21,1.292,0.0963,0.553,37.268
2026-03-13,107.37,0.2556,0.9303,9.098,68843.9,1.433,0.08147,2083.2,0.8755,0.1528,8.794,0.09317,1.286,84.7,0.2485,1.643,87.58,,0.31482,3.481,219.91,2.985,0.15912,54.24,1.3919,0.1287,468.6,2.4,629.9,0.582,6.59,1.163,0.08912,0.538,38.365
2026-03-20,95.53,0.2415,0.9193,8.659,66526.2,1.255,0.09133,1993.08,0.8039,0.1423,8.425,0.09212,1.16,84.43,0.2628,1.667,81.82,,0.31801,3.359,214.75,2.802,0.16562,53.52,1.3258,0.1263,459.3,2.221,609.8,0.561,6.5,1.111,0.0881,0.459,37.844
2026-03-27,91.61,0.2436,0.8366,8.874,67304.4,1.231,0.09813,2053.84,0.8247,0.1589,8.595,0.09041,1.248,82.34,0.2506,1.842,79.6,,0.31882,3.097,241.45,2.771,0.15867,53.22,1.2964,0.1248,421.3,2.266,593.0,0.618,6.54,1.016,0.08801,0.451,36.853
2026-04-03,89.19,0.2384,0.821,8.963,70887.0,1.228,0.09217,2186.65,0.8607,0.1593,8.715,0.08244,1.336,83.2,0.2452,1.878,81.6,,0.32265,3.03,361.66,2.893,0.15058,53.57,1.3237,0.1246,422.4,2.425,591.8,0.623,6.54,1.036,0.08517,0.41,40.847
2026-04-10,91.96,0.2487,0.9377,9.28,75851.1,1.276,0.14683,2330.45,0.9324,0.1773,9.287,0.09086,1.365,83.9,0.2587,1.793,86.36,,0.33431,3.322,324.71,3.26,0.17175,55.46,1.4313,0.1296,442.9,2.483,625.7,0.633,7.1,1.236,0.08735,0.454,40.712
2026-04-17,95.98,0.253,0.9924,9.485,78045.0,1.267,0.16168,2348.23,0.9474,0.1804,9.495,0.09225,1.39,84.69,0.2697,1.814,86.55,,0.32381,3.278,355.34,3.653,0.1713,56.06,1.4293,0.1364,452.2,2.447,632.0,0.751,7.36,1.336,0.0924,0.445,42.437
2026-04-24,92.67,0.2507,0.9946,9.113,78668.9,1.21,0.14385,2328.31,0.9245,0.1777,9.154,0.09669,1.274,85.69,0.2774,1.813,84.14,,0.3383,3.246,403.96,3.776,0.15919,55.35,1.3957,0.1386,446.5,2.353,619.9,0.811,7.3,1.586,0.0877,0.413,41.543
2026-05-01,99.13,0.2815,1.1242,10.154,81413.4,1.373,0.17101,2347.78,1.1785,0.2488,10.62,0.10311,1.58,88.67,0.417,2.034,94.54,,0.35058,4.021,596.35,4.227,0.16762,59.07,1.4445,0.1475,456.6,3.416,655.4,0.878,7.52,1.978,0.09749,0.463,43.017
2026-05-08,90.54,0.2552,0.9409,9.297,78041.8,1.273,0.14066,2186.28,0.9646,0.1979,9.715,0.09214,1.525,83.5,0.3521,1.831,86.45,,0.35747,3.555,515.43,4.721,0.15102,56.0,1.4131,0.1349,412.2,2.609,652.3,0.7,7.15,1.838,0.09008,0.378,45.715
2026-05-15,85.86,0.243,0.9501,9.237,76377.7,1.262,0.14408,2095.97,0.9548,0.2028,9.431,0.09055,2.439,82.39,0.4432,1.977,85.31,,0.36525,3.392,660.31,5.15,0.14673,52.81,1.3485,0.1416,349.0,2.561,655.5,0.755,7.01,1.82,0.08854,0.369,62.822
2026-05-22,81.76,0.2338,0.9222,8.885,73651.9,1.173,0.18277,2010.54,0.9366,0.1823,9.095,0.09039,2.315,91.9,0.3602,2.028,81.89,,0.34884,2.991,552.57,6.368,0.24503,51.96,1.3306,0.1333,299.5,2.647,720.9,0.716,7.15,1.372,0.0966,0.376,72.106
2026-05-29,63.05,0.1622,0.6716,6.703,62099.2,0.963,0.13642,1630.0,0.7649,0.1548,7.724,0.07909,2.024,71.33,0.3488,1.679,64.98,,0.32796,2.513,424.47,5.33,0.20316,42.09,1.1336,0.1106,224.2,2.366,591.4,0.588,6.43,1.269,0.08193,0.3,59.741
2026-06-05,65.58,0.167,0.651,6.53,64024.7,0.9575,0.11648,1662.97,0.7606,0.1681,7.841,0.07528,2.07,73.77,0.3486,1.731,67.43,,0.31845,2.495,422.55,5.03,0.18184,44.04,1.135,0.1089,201.6,2.432,608.3,0.624,6.8,1.38,0.08114,0.331,63.923
2026-06-12,75.1,0.1624,0.6564,6.329,64225.7,0.9705,0.126,1730.8,0.8145,0.2224,7.986,0.08003,2.204,76.31,0.3416,1.695,74.15,1.695,0.32677,3.115,453.67,5.005,0.21629,45.92,1.1498,0.1078,199.7,2.289,589.9,0.621,6.68,1.398,0.07807,0.334,66.979
2026-06-19,89.11,0.1445,0.5835,6.322,59895.7,0.8109,0.15901,1580.7,0.7222,0.2127,7.316,0.07171,1.866,77.83,0.3086,1.547,72.08,1.552,0.32348,2.937,389.7,4.625,0.17083,42.92,1.0524,0.0982,193.2,2.165,554.5,0.6138,6.51,1.26,0.07106,0.336,61.494
2026-06-26,89.41,0.1892,0.6261,6.925,62741.8,0.8777,0.12816,1774.84,0.7859,0.2424,7.965,0.07324,1.98,79.84,0.3303,1.595,81.35,1.776,0.32928,3.146,462.98,4.668,0.20029,45.43,1.137,0.1018,237.7,2.196,587.3,0.7254,6.75,1.421,0.07632,0.427,71.346
2026-07-03,98.69,0.1645,0.6228,6.438,64180.1,0.8454,0.13315,1820.89,0.7755,0.204,8.071,0.08002,1.899,80.77,0.3275,1.552,77.47,1.646,0.33116,3.679,531.45,4.907,0.18991,44.8,1.1019,0.1015,245.4,2.248,581.2,0.6834,6.69,1.536,0.0676,0.422,67.332
2026-07-10,89.66,0.1663,0.5985,6.457,64579.0,0.8247,0.12141,1870.94,0.7246,0.1931,8.355,0.08094,1.92,80.32,0.3482,1.483,76.22,1.439,0.32745,3.519,553.03,5.113,0.19031,47.19,1.0979,0.09993,216.3,2.153,570.2,0.6781,6.72,1.578,0.06651,0.445,61.136
2026-07-17,97.8,0.1656,0.6337,6.695,64773.3,0.8247,0.12442,1914.49,0.7457,0.1881,8.6,0.07697,1.803,84.8,0.3956,1.478,75.5,1.521,0.33287,3.952,494.77,4.995,0.18028,47.75,1.1047,0.10073,212.3,2.181,574.0,0.6402,6.7,1.556,0.07025,0.4284,59.64
2026-07-24,92.27,0.1902,0.5669,6.598,63111.9,0.7936,0.1125,1858.72,0.7196,0.1974,8.275,0.07311,1.695,86.43,0.3851,1.368,73.03,1.415,0.32747,4.216,471.86,4.986,0.17441,44.75,1.0802,0.09173,213.3,2.077,586.5,0.6127,6.46,1.386,0.07004,0.4,52.61
2026-07-31,91.85,0.1976,0.6005,6.551,65230.4,0.812,0.1151,1926.39,0.7122,0.1882,8.353,0.07727,1.636,94.46,0.3541,1.335,77.42,1.344,0.32998,4.073,523.04,4.45,0.16333,46.45,1.0435,0.09276,218.4,2.222,608.5,0.6319,6.73,1.36,0.06863,0.3822,53.88
2026-08-07,86.87,0.1768,0.5358,6.433,63146.6,0.7675,0.10835,1883.99,0.6834,0.1688,9.397,0.07544,1.625,104.39,0.3328,1.267,75.57,1.351,0.33205,3.313,494.09,4.133,0.15796,44.72,1.0019,0.08831,204.6,2.283,607.6,0.6136,6.69,1.255,0.06464,0.5022,57.16
2026-08-14,139.83,0.2246,0.6512,7.556,77157.7,0.9269,0.12273,2438.59,0.7705,0.2128,11.46,0.10735,1.95,109.81,0.3845,1.504,95.35,1.51,0.34342,4.556,835.45,5.216,0.19897,52.03,1.4969,0.10901,273.2,2.419,695.0,0.7724,7.83,1.863,0.07983,0.6151,82.28
2026-08-21,143.02,0.2194,0.6209,7.476,76989.9,0.9079,0.11928,2442.67,0.7561,0.2078,11.514,0.10757,1.996,114.23,0.3705,1.475,93.59,1.469,0.34395,4.448,832.73,5.247,0.1942,51.88,1.4653,0.10703,268.6,2.389,697.9,0.7705,8.04,1.717,0.07348,0.5229,80.03
2026-08-28,123.08,0.1947,0.52,7.165,78028.41,0.824,0.10731,2446.47,0.6702,0.2083,11.223,0.0884,1.842,111.16,0.3433,1.405,102.72,1.33,0.3322,5.08,824.61,4.961,0.1752,48.3,1.367,0.106,245.0,2.383,686.67,0.778,7.94,1.736,0.07351,0.5384,84.39
