date,BTC_kraken,ETH_kraken,BTC_okx,ETH_okx,BTC_coinbase,ETH_coinbase
2016-08-04,591.0,12.22,591.0,12.22,,
2016-08-11,573.2,10.77,573.2,10.77,,
2016-08-18,582.1,11.09,582.1,11.09,,
2016-08-25,574.2,11.61,574.2,11.61,,
2016-09-01,617.3,11.58,617.3,11.58,,
2016-09-08,613.9,11.96,613.9,11.96,,
2016-09-15,599.6,13.78,599.6,13.78,,
2016-09-22,604.9,13.27,604.9,13.27,,
2016-09-29,614.9,13.02,614.9,13.02,,
2016-10-06,635.2,11.85,635.2,11.85,,
2016-10-13,631.5,12.03,631.5,12.03,,
2016-10-20,677.3,11.51,677.3,11.51,,
2016-10-27,747.0,10.84,747.0,10.84,,
2016-11-03,722.4,10.69,722.4,10.69,,
2016-11-10,741.6,10.04,741.6,10.04,,
2016-11-17,741.9,9.8,741.9,9.8,,
2016-11-24,742.3,8.55,742.3,8.55,,
2016-12-01,765.0,8.32,765.0,8.32,,
2016-12-08,777.5,8.21,777.5,8.21,,
2016-12-15,830.0,7.82,830.0,7.82,,
2016-12-22,978.0,7.54,978.0,7.54,,
2016-12-29,1133.2,11.02,1133.2,11.02,,
2017-01-05,789.8,9.79,789.8,9.79,,
2017-01-12,892.3,10.35,892.3,10.35,,
2017-01-19,896.8,10.5,896.8,10.5,,
2017-01-26,988.7,10.59,988.7,10.59,,
2017-02-02,1055.8,11.39,1055.8,11.39,,
2017-02-09,1015.7,12.99,1015.7,12.99,,
2017-02-16,1125.6,12.69,1125.6,12.69,,
2017-02-23,1225.0,17.3,1225.0,17.3,,
2017-03-02,1143.3,16.4,1143.3,16.4,,
2017-03-09,1252.9,34.75,1252.9,34.75,,
2017-03-16,1032.0,41.24,1032.0,41.24,,
2017-03-23,1043.4,53.01,1043.4,53.01,,
2017-03-30,1138.1,45.28,1138.1,45.28,,
2017-04-06,1219.1,46.5,1219.1,46.5,,
2017-04-13,1204.2,48.0,1204.2,48.0,,
2017-04-20,1290.5,53.24,1290.5,53.24,,
2017-04-27,1513.5,80.39,1513.5,80.39,,
2017-05-04,1782.0,88.4,1782.0,88.4,,
2017-05-11,1836.0,87.7,1836.0,87.7,,
2017-05-18,2408.2,185.23,2408.2,185.23,,
2017-05-25,2291.3,228.5,2291.3,228.5,,
2017-06-01,2690.0,256.18,2690.0,256.18,,
2017-06-08,2452.6,347.23,2452.6,347.23,,
2017-06-15,2644.9,324.47,2644.9,324.47,,
2017-06-22,2554.0,316.2,2554.0,316.2,,
2017-06-29,2611.3,266.3,2611.3,266.3,,
2017-07-06,2373.8,223.0,2373.8,223.0,,
2017-07-13,2254.9,193.5,2254.9,193.5,,
2017-07-20,2525.0,202.21,2525.0,202.21,,
2017-07-27,2700.8,218.48,2700.8,218.48,,
2017-08-03,3371.8,297.78,3371.8,297.78,,
2017-08-10,4388.0,302.25,4388.0,302.25,,
2017-08-17,4151.0,317.31,4151.0,317.31,,
2017-08-24,4579.7,383.5,4579.7,383.5,,
2017-08-31,4641.6,341.84,4641.6,341.84,,
2017-09-07,3882.2,276.21,3882.2,276.21,,
2017-09-14,3863.1,282.36,3863.1,282.36,,
2017-09-21,4213.8,310.33,4213.8,310.33,,
2017-09-28,4223.6,292.0,4223.6,292.0,,
2017-10-05,4822.6,303.0,5848.0,331.0,,
2017-10-12,5579.4,314.36,5987.5,297.72,,
2017-10-19,5762.8,296.87,5900.0,304.66,,
2017-10-26,6741.9,290.1,7453.3,293.18,,
2017-11-02,7463.5,308.38,6175.3,301.44,,
2017-11-09,7260.0,329.31,7745.1,357.78,,
2017-11-16,8250.6,379.5,9057.1,454.99,,
2017-11-23,9795.8,424.0,11727.4,477.21,,
2017-11-30,13737.7,417.01,15361.5,442.65,,
2017-12-07,16150.1,680.0,19200.0,700.11,,
2017-12-14,16220.7,784.55,12570.2,608.04,,
2017-12-21,15445.9,741.26,13234.7,721.41,,
2017-12-28,15185.7,938.0,16484.5,1099.11,,
2018-01-04,14937.6,1245.02,12645.3,1230.43,,
2018-01-11,11185.0,1019.97,11485.8,1050.2,,
2018-01-18,11419.8,1063.77,11753.0,1220.0,,
2018-01-25,10101.6,1105.3,8837.6,897.0,,
2018-02-01,7559.0,748.54,8426.0,848.0,,
2018-02-08,9489.7,920.56,10594.7,932.61,,
2018-02-15,10468.1,840.35,9399.9,825.23,,
2018-02-22,10310.0,850.1,11142.1,857.0,,
2018-03-01,9903.0,750.0,9062.7,700.0,,
2018-03-08,8174.2,610.89,7380.8,462.19,,
2018-03-15,8880.0,559.79,8478.0,515.01,,
2018-03-22,7943.3,445.87,6449.8,360.7,,
2018-03-29,6790.4,377.95,7041.0,401.41,,
2018-04-05,6941.0,430.13,8275.9,521.97,,
2018-04-12,8170.0,525.76,8939.0,633.86,,
2018-04-19,8855.7,616.98,9299.7,681.38,,
2018-04-26,9217.1,687.02,9510.0,775.17,,
2018-05-03,9305.4,750.1,8602.0,725.83,,
2018-05-10,8344.9,706.01,8391.0,713.79,,
2018-05-17,7500.3,577.15,7340.7,572.17,,
2018-05-24,7374.9,556.38,7726.9,623.17,,
2018-05-31,7659.8,605.61,7223.0,567.51,,
2018-06-07,6294.2,476.0,6517.2,502.08,,
2018-06-14,6755.4,535.99,5776.1,421.81,,
2018-06-21,6134.2,441.53,6313.0,449.39,,
2018-06-28,6584.2,466.59,6738.9,490.0,,
2018-07-05,6377.9,444.67,6388.0,453.38,,
2018-07-12,7367.4,479.36,7522.4,469.16,,
2018-07-19,8166.0,471.72,8230.8,467.44,,
2018-07-26,7604.1,419.82,7002.0,406.1,,
2018-08-02,6275.9,355.18,6319.6,321.74,,
2018-08-09,6269.5,281.2,6406.4,300.46,,
2018-08-16,6359.8,270.02,6675.2,273.72,,
2018-08-23,7022.7,288.07,7219.1,291.62,,
2018-08-30,6686.6,227.92,6371.2,201.55,,
2018-09-06,6319.5,183.02,6481.0,217.51,,
2018-09-13,6392.1,209.83,6687.7,241.71,,
2018-09-20,6453.5,213.9,6602.8,233.35,,
2018-09-27,6463.9,219.02,6580.2,223.56,,
2018-10-04,6530.5,223.33,6379.3,202.0,,
2018-10-11,6442.5,203.56,6645.3,210.21,,
2018-10-18,6413.9,200.8,6488.6,204.91,,
2018-10-25,6307.5,196.88,6482.7,205.9,,
2018-11-01,6503.3,216.95,6381.8,210.56,,
2018-11-08,5600.9,177.8,5644.0,177.27,,
2018-11-15,4548.2,134.6,3883.6,112.06,,
2018-11-22,4219.8,121.73,4174.5,117.47,,
2018-11-29,3694.3,100.5,3576.4,95.55,,
2018-12-06,3435.2,89.14,3243.3,86.25,,
2018-12-13,3683.6,99.4,3906.2,125.58,,
2018-12-20,3808.2,130.34,3769.0,135.72,,
2018-12-27,3886.2,153.51,3805.0,150.94,,
2019-01-03,3999.9,149.29,3575.6,122.18,,
2019-01-10,3606.6,122.14,3523.1,116.95,,
2019-01-17,3556.1,116.59,3555.5,113.37,,
2019-01-24,3435.4,107.5,3464.0,107.59,,
2019-01-31,3367.4,103.26,3627.3,116.86,,
2019-02-07,3574.0,120.58,3621.1,126.1,,
2019-02-14,3942.0,147.29,3777.4,139.82,,
2019-02-21,3799.1,134.11,3797.6,131.3,,
2019-02-28,3851.7,136.92,3906.0,135.27,,
2019-03-07,3853.4,131.26,3988.6,139.35,,
2019-03-14,4032.1,138.78,3993.2,136.49,,
2019-03-21,4025.8,139.1,4097.5,141.0,,
2019-03-28,4972.2,161.3,5120.4,166.79,,
2019-04-04,5321.0,177.54,5061.4,163.17,,
2019-04-11,5224.9,166.57,5237.5,167.88,,
2019-04-18,5442.2,165.6,5334.0,158.99,,
2019-04-25,5323.3,158.36,5770.9,162.96,,
2019-05-02,5939.6,169.21,6875.5,185.5,,
2019-05-09,8203.0,249.13,7960.8,254.81,,
2019-05-16,7622.1,243.2,7982.1,248.55,,
2019-05-23,8663.2,269.5,8679.3,267.78,,
2019-05-30,7787.1,245.88,7717.1,235.82,,
2019-06-06,8171.0,262.5,9202.0,271.94,,
2019-06-13,9277.1,268.91,10809.9,313.61,,
2019-06-20,12933.7,334.51,11151.1,298.61,,
2019-06-27,11979.8,302.1,11222.4,291.28,,
2019-07-04,12096.2,288.46,10415.9,234.15,,
2019-07-11,9703.9,211.5,10440.6,222.29,,
2019-07-18,9769.8,216.51,9523.0,208.73,,
2019-07-25,10090.1,218.68,10946.5,220.63,,
2019-08-01,11962.7,225.97,11384.2,210.41,,
2019-08-08,10018.0,186.2,10390.5,193.92,,
2019-08-15,10125.0,187.27,10067.1,187.91,,
2019-08-22,9716.1,172.81,9605.7,170.16,,
2019-08-29,10584.9,175.02,10387.5,181.35,,
2019-09-05,10160.7,178.47,10304.3,188.82,,
2019-09-12,10157.6,210.23,9990.4,210.51,,
2019-09-19,8439.0,169.92,7966.3,167.28,,
2019-09-26,8382.3,180.88,8008.8,173.63,,
2019-10-03,8590.8,193.5,8403.6,183.59,,
2019-10-10,8000.0,174.39,8023.4,173.01,,
2019-10-17,7475.0,162.37,9521.8,183.71,,
2019-10-24,9166.2,183.54,9182.0,181.26,,
2019-10-31,9338.4,191.06,8797.1,186.8,,
2019-11-07,8762.1,187.75,8525.4,184.27,,
2019-11-14,8083.1,174.26,6983.7,143.53,,
2019-11-21,7525.9,152.85,7304.2,149.44,,
2019-11-28,7190.5,145.3,7546.8,150.61,,
2019-12-05,7202.0,143.19,7119.0,143.11,,
2019-12-12,7287.9,132.88,7185.5,129.56,,
2019-12-19,7192.1,124.87,7395.4,132.0,,
2019-12-26,7174.4,130.33,7467.3,137.24,,
2020-01-02,8043.3,140.7,8154.4,144.96,,
2020-01-09,8810.3,166.31,8633.9,164.76,,
2020-01-16,8659.0,167.66,8459.5,163.32,,
2020-01-23,9280.9,173.48,9448.3,192.52,,
2020-01-30,9616.2,203.76,10097.7,226.86,,
2020-02-06,10354.6,266.4,9862.6,258.89,,
2020-02-13,9602.2,258.85,9864.1,270.02,,
2020-02-20,8783.5,223.71,8557.8,220.36,,
2020-02-27,8758.7,224.48,8399.9,216.7,,
2020-03-05,7943.3,194.81,5325.8,123.98,,
2020-03-12,5415.2,118.61,6073.6,127.96,,
2020-03-19,6689.9,136.35,6130.8,129.01,,
2020-03-26,6662.9,135.88,6784.8,143.65,,
2020-04-02,7368.0,173.78,7018.3,161.9,,
2020-04-09,6619.8,152.62,7097.4,178.78,,
2020-04-16,7136.9,183.16,7544.9,193.92,,
2020-04-23,8779.9,215.45,8814.1,208.16,,
2020-04-30,9166.1,199.48,8652.0,188.31,,
2020-05-07,9317.1,200.07,9821.9,208.79,,
2020-05-14,9510.1,209.87,9055.2,205.49,,
2020-05-21,9213.9,208.28,9477.5,233.61,,
2020-05-28,9664.1,244.54,9498.9,237.36,,
2020-06-04,9892.4,247.96,9418.3,235.39,,
2020-06-11,9453.1,233.61,9372.5,230.63,,
2020-06-18,9282.0,234.54,9158.2,226.14,,
2020-06-25,9234.5,231.11,9028.7,224.99,,
2020-07-02,9440.1,246.97,9216.1,237.68,,
2020-07-09,9195.0,238.37,9120.3,233.68,,
2020-07-16,9529.9,264.53,9959.1,310.76,,
2020-07-23,11108.2,318.18,11086.8,368.14,,
2020-07-30,11746.0,401.25,11569.8,386.67,,
2020-08-06,11576.6,387.15,11860.6,430.36,,
2020-08-13,11757.4,407.57,11651.8,392.68,,
2020-08-20,11469.5,385.71,11615.6,416.88,,
2020-08-27,11396.9,439.81,10174.5,344.35,,
2020-09-03,10229.7,351.29,10280.7,360.71,,
2020-09-10,10951.1,364.99,10835.5,370.77,,
2020-09-17,10230.7,320.12,10755.2,355.46,,
2020-09-24,10774.9,359.69,10591.8,346.74,,
2020-10-01,10669.9,341.8,11403.3,375.01,,
2020-10-08,11433.1,379.08,11446.3,375.54,,
2020-10-15,12813.0,391.51,12915.6,404.99,,
2020-10-22,13289.5,388.63,13689.1,386.36,,
2020-10-29,14163.3,402.68,15343.7,455.26,,
2020-11-05,15708.7,464.39,15874.8,451.86,,
2020-11-12,17800.0,479.11,18254.4,532.81,,
2020-11-19,18723.4,569.52,18116.1,554.36,,
2020-11-26,19231.4,597.74,19122.5,594.65,,
2020-12-03,18548.5,573.21,19220.7,585.15,,
2020-12-10,21378.1,638.28,23877.8,654.3,,
2020-12-17,23226.7,585.5,27362.7,698.81,,
2020-12-24,28879.9,752.5,33517.4,918.0,,
2020-12-31,36876.7,1211.85,39671.0,1303.17,,
2021-01-07,37390.1,1129.9,35735.0,1241.41,,
2021-01-14,35511.8,1378.0,31953.6,1319.99,,
2021-01-21,30424.2,1240.68,32859.6,1310.56,,
2021-01-28,37670.9,1667.78,37924.8,1537.46,,
2021-02-04,44847.5,1743.48,48543.2,1799.52,,
2021-02-11,52130.0,1850.95,57321.3,1960.41,,
2021-02-18,49727.7,1625.01,43395.9,1318.5,,
2021-02-25,50400.0,1566.41,50588.2,1651.53,,
2021-03-04,55851.0,1795.79,59673.2,1857.88,,
2021-03-11,58933.0,1823.76,57158.5,1789.04,,
2021-03-18,52293.8,1582.0,56364.5,1709.38,,
2021-03-25,58786.2,1918.89,57928.1,2077.08,,
2021-04-01,55928.5,1961.94,59641.7,2148.67,,
2021-04-08,62969.0,2432.04,55450.3,2144.06,,
2021-04-15,53815.2,2358.01,50250.3,2341.86,,
2021-04-22,54899.3,2749.19,56597.9,2929.0,,
2021-04-29,57497.1,3527.69,57379.1,3877.28,,
2021-05-06,49502.7,3858.37,47712.3,3631.41,,
2021-05-13,36742.3,2443.62,33317.5,1925.07,,
2021-05-20,39283.9,2889.61,35488.0,2382.08,,
2021-05-27,37565.3,2705.05,36161.8,2721.01,,
2021-06-03,37396.4,2608.1,36037.2,2351.17,,
2021-06-10,38337.1,2367.47,34417.7,2111.14,,
2021-06-17,33683.3,1967.62,33198.8,1843.59,,
2021-06-24,35046.2,2276.66,35513.5,2330.79,,
2021-07-01,33885.1,2318.11,33951.4,2145.33,,
2021-07-08,32815.2,1993.71,31373.7,1890.55,,
2021-07-15,32125.0,1995.0,34180.0,2138.56,,
2021-07-22,40011.0,2300.1,41289.0,2583.02,,
2021-07-29,39749.0,2724.91,43989.5,3031.64,,
2021-08-05,45571.7,3164.5,46168.9,3156.72,,
2021-08-12,44714.7,3014.36,48517.0,3180.0,,
2021-08-19,48991.3,3228.54,48476.4,3187.18,,
2021-08-26,48872.2,3829.08,50217.8,3907.39,,
2021-09-02,46073.4,3500.0,45895.5,3416.61,,
2021-09-09,48152.3,3614.81,47647.9,3362.92,,
2021-09-16,43562.8,3077.49,43343.6,3053.02,,
2021-09-23,41524.8,2850.86,47888.6,3405.84,,
2021-09-30,55350.2,3575.26,55365.9,3557.52,,
2021-10-07,57381.2,3605.87,60768.5,3787.7,,
2021-10-14,66035.8,4160.0,59867.0,3999.9,,
2021-10-21,58500.1,3922.39,60450.1,4212.28,,
2021-10-28,62942.9,4607.01,61940.4,4604.55,,
2021-11-04,64969.0,4634.94,64077.1,4584.45,,
2021-11-11,60367.8,4292.75,59203.2,4367.35,,
2021-11-18,57203.3,4271.01,54295.2,4078.64,,
2021-11-25,57237.9,4588.4,47952.5,4071.31,,
2021-12-02,50515.1,4439.83,49618.1,4024.33,,
2021-12-09,48881.3,4019.8,47240.0,3926.56,,
2021-12-16,48624.9,3980.44,50050.3,4053.76,,
2021-12-23,46473.2,3628.29,47346.0,3778.09,,
2021-12-30,43410.0,3538.91,41616.2,3097.7,,
2022-01-06,43927.8,3373.77,43225.4,3352.55,,
2022-01-13,41686.2,3084.31,35300.0,2432.37,,
2022-01-20,36827.6,2462.96,37977.2,2616.93,,
2022-01-27,36903.3,2682.36,41514.0,2991.2,,
2022-02-03,44420.0,3246.1,42562.6,2919.22,,
2022-02-10,43873.1,3124.43,38340.0,2652.83,,
2022-02-17,37250.1,2580.05,39361.5,2809.04,,
2022-02-24,43922.5,2948.9,38856.0,2627.01,,
2022-03-03,41965.3,2728.16,38938.1,2579.6,,
2022-03-10,41124.0,2775.03,41345.1,2854.87,,
2022-03-17,42910.3,3036.71,44866.0,3170.43,,
2022-03-24,47059.3,3387.05,46409.9,3499.62,,
2022-03-31,43179.4,3168.44,42740.0,3255.41,,
2022-04-07,41150.0,3117.99,40440.8,3072.46,,
2022-04-14,41369.9,3077.51,39659.7,2944.41,,
2022-04-21,39249.9,2889.37,38490.7,2805.75,,
2022-04-28,39682.8,2940.61,34369.8,2516.83,,
2022-05-05,28994.1,2075.24,30009.8,2062.52,,
2022-05-12,28664.3,1910.92,29846.6,2004.62,,
2022-05-19,29520.3,1940.79,29212.8,1796.89,,
2022-05-26,29790.0,1816.4,29968.1,1811.42,,
2022-06-02,30190.8,1791.62,28090.3,1526.02,,
2022-06-09,22559.6,1236.43,19821.7,1071.55,,
2022-06-16,19951.3,1048.43,21330.4,1223.6,,
2022-06-23,20086.2,1097.99,19048.1,1050.72,,
2022-06-30,20542.7,1185.68,20900.2,1163.34,,
2022-07-07,20233.6,1114.73,21173.7,1351.68,,
2022-07-14,23242.4,1521.61,22845.0,1613.0,,
2022-07-21,22964.3,1637.83,23771.6,1711.98,,
2022-07-28,22827.9,1618.99,23019.2,1698.82,,
2022-08-04,23958.8,1853.82,24525.4,1984.13,,
2022-08-11,23336.2,1833.0,21422.4,1621.36,,
2022-08-18,21375.1,1656.64,20018.9,1486.74,,
2022-08-25,20052.6,1554.82,19791.6,1560.42,,
2022-09-01,19283.1,1630.3,21640.9,1768.46,,
2022-09-08,20233.0,1638.75,19815.0,1417.09,,
2022-09-15,18469.2,1244.89,18990.2,1311.0,,
2022-09-22,19400.0,1336.86,19143.9,1293.5,,
2022-09-29,20162.7,1352.76,19536.2,1326.28,,
2022-10-06,19155.9,1294.38,19158.0,1286.16,,
2022-10-13,19124.1,1284.61,19193.0,1313.71,,
2022-10-20,20775.9,1566.32,20679.0,1586.98,,
2022-10-27,20153.5,1519.01,21244.2,1623.94,,
2022-11-03,15863.7,1098.32,16575.7,1231.94,,
2022-11-10,16664.0,1215.28,16581.8,1177.24,,
2022-11-17,16599.3,1183.37,16575.0,1217.86,,
2022-11-24,17166.9,1294.37,17030.5,1260.12,,
2022-12-01,16837.3,1231.19,17154.9,1273.53,,
2022-12-08,17804.9,1307.46,16742.6,1186.42,,
2022-12-15,16829.4,1213.52,16795.2,1211.07,,
2022-12-22,16541.6,1189.29,16560.2,1196.87,,
2022-12-29,16848.9,1256.32,17000.8,1274.44,,
2023-01-05,17943.0,1389.11,20911.7,1556.23,,
2023-01-12,20680.0,1512.17,22788.7,1635.01,,
2023-01-19,23056.5,1611.62,23527.0,1611.41,,
2023-01-26,23732.6,1641.6,23099.2,1644.52,,
2023-02-02,22964.8,1650.33,21943.1,1536.3,,
2023-02-09,24334.5,1675.76,24922.9,1711.44,,
2023-02-16,24186.6,1643.39,23247.9,1605.06,,
2023-02-23,23634.9,1665.22,22438.8,1569.3,,
2023-03-02,21699.1,1532.26,20356.1,1456.22,,
2023-03-09,24372.6,1656.38,27550.6,1793.43,,
2023-03-16,27300.0,1737.51,27803.4,1762.85,,
2023-03-23,28358.2,1793.31,28124.7,1797.6,,
2023-03-30,28179.1,1909.02,27888.3,1837.02,,
2023-04-06,29895.2,1917.94,30330.5,2093.81,,
2023-04-13,28814.0,1934.82,27472.3,1859.54,,
2023-04-20,28424.9,1866.14,29661.9,1919.94,,
2023-04-27,29033.3,1905.0,28947.2,1917.18,,
2023-05-04,27617.8,1842.0,27081.8,1818.78,,
2023-05-11,27402.3,1821.75,26900.0,1807.4,,
2023-05-18,26327.7,1799.75,27272.0,1843.99,,
2023-05-25,27216.2,1873.59,27177.6,1901.54,,
2023-06-01,26352.3,1832.32,25752.2,1741.29,,
2023-06-08,25123.9,1650.37,26559.9,1738.11,,
2023-06-15,29992.0,1888.72,30588.1,1886.33,,
2023-06-22,30088.1,1827.76,30499.4,1918.42,,
2023-06-29,30502.8,1911.01,30351.0,1866.2,,
2023-07-06,30395.3,1871.96,30377.4,1937.0,,
2023-07-13,29912.6,1888.83,29898.5,1873.95,,
2023-07-20,29336.1,1871.8,29351.7,1876.37,,
2023-07-27,29152.3,1839.09,29009.0,1829.42,,
2023-08-03,29570.8,1854.07,29372.1,1848.24,,
2023-08-10,28698.5,1805.56,26105.8,1671.24,,
2023-08-17,26417.4,1679.1,26123.2,1655.52,,
2023-08-24,27305.4,1705.12,25872.1,1633.09,,
2023-08-31,25763.8,1632.29,25774.5,1619.71,,
2023-09-07,26231.1,1608.0,26548.7,1629.51,,
2023-09-14,27135.1,1622.72,26576.7,1590.81,,
2023-09-21,26359.9,1597.61,27153.0,1683.72,,
2023-09-28,27800.0,1647.7,27898.1,1631.18,,
2023-10-05,26868.2,1566.56,26899.5,1553.91,,
2023-10-12,28335.1,1563.75,29827.1,1625.66,,
2023-10-19,34489.9,1787.71,34448.3,1792.5,,
2023-10-26,35441.7,1847.43,34884.9,1874.42,,
2023-11-02,35626.4,1889.1,37154.5,2057.15,,
2023-11-09,37896.7,2060.92,36571.1,1967.0,,
2023-11-16,37428.1,2064.2,37439.7,2064.86,,
2023-11-23,37870.0,2029.53,39765.5,2160.78,,
2023-11-30,43761.7,2233.47,43911.7,2352.18,,
2023-12-07,42889.1,2260.41,41809.8,2221.72,,
2023-12-14,43630.0,2200.78,43680.2,2293.13,,
2023-12-21,43468.1,2380.4,42457.5,2298.99,,
2023-12-28,42849.5,2210.31,44048.1,2230.79,,
2024-01-04,46664.8,2584.13,42906.2,2537.59,,
2024-01-11,42747.8,2527.96,41656.2,2468.16,,
2024-01-18,40069.8,2234.18,42260.2,2270.17,,
2024-01-25,42551.7,2283.42,42936.0,2301.96,,
2024-02-01,44333.6,2423.67,48148.4,2509.0,,
2024-02-08,51835.1,2777.76,51781.4,2807.26,,
2024-02-15,51866.9,2971.37,51522.1,3043.7,,
2024-02-22,62487.8,3385.53,62172.1,3422.18,,
2024-02-29,66098.9,3817.95,69191.5,3883.86,,
2024-03-07,73082.4,4007.21,67963.8,3627.78,,
2024-03-14,67866.0,3515.43,65673.1,3397.45,,
2024-03-21,69437.3,3498.52,70394.0,3617.28,,
2024-03-28,65991.5,3312.28,69555.9,3389.71,,
2024-04-04,70612.2,3543.42,64173.3,3055.01,,
2024-04-11,61284.4,2985.4,65043.9,3159.1,,
2024-04-18,64291.3,3138.84,63536.4,3320.8,,
2024-04-25,58272.2,2970.02,64432.0,3160.01,,
2024-05-02,61172.1,2972.86,61411.7,2938.02,,
2024-05-09,66233.0,3033.23,66887.5,3077.35,,
2024-05-16,69144.0,3736.82,68846.4,3832.58,,
2024-05-23,67575.4,3762.39,68147.1,3799.56,,
2024-05-30,71103.6,3866.35,69508.5,3690.61,,
2024-06-06,68233.7,3559.28,66705.4,3591.76,,
2024-06-13,64949.0,3557.63,64097.9,3475.4,,
2024-06-20,60815.1,3367.66,61719.8,3399.93,,
2024-06-27,60146.6,3292.88,56826.0,2971.46,,
2024-07-04,57743.1,3102.21,60088.2,3191.0,,
2024-07-11,64120.0,3387.54,67167.5,3499.64,,
2024-07-18,65367.0,3336.11,67645.8,3268.9,,
2024-07-25,64638.1,3230.87,59087.7,2827.3,,
2024-08-01,55091.0,2343.07,60127.9,2614.15,,
2024-08-08,58693.6,2664.15,59863.4,2672.19,,
2024-08-15,61179.7,2629.76,64133.5,2763.79,,
2024-08-22,59025.6,2528.36,58214.1,2480.99,,
2024-08-29,57970.0,2450.08,53687.9,2245.38,,
2024-09-05,57350.6,2339.99,60334.2,2408.8,,
2024-09-12,61777.7,2374.75,62656.1,2570.64,,
2024-09-19,63139.2,2580.05,65756.2,2666.2,,
2024-09-26,60635.3,2363.93,62724.8,2446.83,,
2024-10-03,60558.0,2366.78,62230.1,2440.42,,
2024-10-10,67589.9,2610.42,68631.9,2706.49,,
2024-10-17,66633.4,2523.56,67786.0,2502.08,,
2024-10-24,72331.1,2656.19,68100.0,2442.75,,
2024-10-31,75642.0,2723.26,79687.3,3209.49,,
2024-11-07,90490.9,3190.95,90260.0,3086.37,,
2024-11-14,94364.5,3072.09,95920.9,3294.33,,
2024-11-21,95952.9,3657.55,97029.4,3728.07,,
2024-11-28,98757.1,3844.31,99907.1,3990.93,,
2024-12-05,101177.0,3834.0,102696.9,3894.72,,
2024-12-12,100166.1,3624.84,95370.9,3302.52,,
2024-12-19,99310.8,3494.01,94505.4,3374.0,,
2024-12-26,94380.8,3354.0,98029.8,3629.76,,
2025-01-02,95060.4,3326.34,95073.9,3285.69,,
2025-01-09,100496.4,3451.43,104933.5,3384.29,,
2025-01-16,103648.5,3239.35,104972.6,3315.1,,
2025-01-23,103708.0,3113.22,99348.2,3080.8,,
2025-01-30,96623.8,2788.76,96488.7,2653.1,,
2025-02-06,97874.0,2737.85,96913.6,2694.24,,
2025-02-13,96625.7,2715.01,95451.7,2782.89,,
2025-02-20,84089.8,2332.44,87427.9,2229.99,,
2025-02-27,90610.4,2241.22,83070.1,2097.38,,
2025-03-06,83673.4,1907.97,83316.6,1895.12,,
2025-03-13,86879.5,2057.01,85194.0,2007.21,,
2025-03-20,86899.0,2009.22,82735.2,1813.87,,
2025-03-27,82508.1,1792.97,82547.6,1759.67,,
2025-04-03,82556.3,1668.81,83850.8,1586.97,,
2025-04-10,84023.8,1577.06,84345.4,1573.79,,
2025-04-17,93677.0,1796.05,93902.1,1793.8,,
2025-04-24,94205.4,1793.92,95467.6,1830.67,,
2025-05-01,97031.4,1811.43,104134.6,2462.32,,
2025-05-08,103589.7,2610.35,105515.9,2579.3,,
2025-05-15,109675.1,2552.1,106973.3,2511.6,,
2025-05-22,107811.7,2682.41,104711.9,2523.15,,
2025-05-29,104745.4,2608.18,105975.1,2514.42,,
2025-06-05,108702.0,2771.98,105568.0,2541.8,,
2025-06-12,104892.0,2525.79,98911.3,2175.01,,
2025-06-19,107360.0,2419.12,107744.1,2436.6,,
2025-06-26,108846.9,2570.49,108909.9,2558.37,,
2025-07-03,111323.7,2770.33,118678.1,2992.61,,
2025-07-10,118712.6,3372.67,118683.9,3785.88,,
2025-07-17,118735.3,3629.0,118600.0,3819.01,,
2025-07-24,117820.7,3806.85,113943.4,3476.23,,
2025-07-31,115010.0,3683.56,118787.0,4217.52,,
2025-08-07,123354.3,4750.83,118243.5,4561.54,,
2025-08-14,114262.7,4334.99,114406.6,4798.42,,
2025-08-21,111268.6,4506.04,108801.7,4484.9,,
2025-08-28,111771.1,4450.0,111336.4,4299.21,,
2025-09-04,113952.8,4349.81,115224.0,4582.3,,
2025-09-11,116469.0,4592.34,115534.1,4482.91,,
2025-09-18,113300.0,4154.62,110035.6,4021.55,,
2025-09-25,118599.9,4350.03,122807.0,4532.19,,
2025-10-02,123329.7,4526.57,113199.0,4034.31,,
2025-10-09,110781.9,3987.78,108480.0,3979.46,,
2025-10-16,107644.1,3805.71,113699.7,4074.82,,
2025-10-23,110104.2,3902.54,110117.0,3853.21,,
2025-10-30,103900.0,3424.01,103753.1,3515.29,,
2025-11-06,101666.6,3413.51,94589.7,3105.65,,
2025-11-13,91427.7,3022.4,87084.1,2836.5,,
2025-11-20,90535.7,3026.95,91439.9,3028.81,,
2025-11-27,93457.9,3189.39,89554.8,3026.96,,
2025-12-04,92019.8,3324.64,89027.7,3084.56,,
2025-12-11,86207.8,2833.01,88071.1,2974.66,,
2025-12-18,87613.7,2945.49,87839.2,2949.25,,
2025-12-25,87500.1,2967.13,91332.9,3135.59,,
2026-01-01,91273.3,3166.37,90875.0,3118.1,,
2026-01-08,96933.3,3354.58,95113.9,3334.01,,
2026-01-15,89372.9,2979.9,88456.1,2926.95,,
2026-01-22,89159.6,3006.19,77600.9,2315.85,,
2026-01-29,73013.6,2142.84,71181.5,2108.61,,
2026-02-05,67052.3,1940.52,69094.9,2011.64,,
2026-02-12,66425.7,1955.31,67691.3,1954.05,,
2026-02-19,67978.6,2056.79,66841.6,1993.34,,
2026-02-26,72684.8,2129.35,67209.0,1943.06,,
2026-03-05,70200.4,2052.18,71478.1,2093.84,,
2026-03-12,71270.9,2203.68,68843.9,2083.2,,
2026-03-19,71309.6,2168.53,66526.2,1993.08,,
2026-03-26,68098.5,2140.1,67304.4,2053.84,,
2026-04-02,71109.0,2190.38,70887.0,2186.65,,
2026-04-09,74810.1,2360.32,75851.1,2330.45,,
2026-04-16,78204.0,2374.95,78045.0,2348.23,,
2026-04-23,75750.3,2252.11,78668.9,2328.31,,
2026-04-30,81438.0,2351.0,81413.4,2347.78,,
2026-05-07,79292.1,2257.79,78041.8,2186.28,,
2026-05-14,77479.4,2127.3,76377.7,2095.97,,
2026-05-21,74337.1,2021.81,73651.9,2010.54,,
2026-05-28,64035.8,1810.58,62099.2,1630.0,,
2026-06-04,61464.4,1620.37,64024.7,1662.97,,
2026-06-11,64454.8,1748.99,64225.7,1730.8,,
2026-06-18,60980.8,1619.85,59895.7,1580.7,,
2026-06-25,59959.4,1607.9,62741.8,1774.84,,
2026-07-02,62241.1,1742.03,64180.1,1820.89,,
2026-07-09,64709.4,1916.61,64579.0,1870.94,,
2026-07-16,66072.5,1933.37,64773.3,1914.49,,
2026-07-23,63901.0,1908.21,63111.9,1858.72,,
2026-07-30,64411.4,1875.97,64473.0,1878.38,,
