date,dynamic,eq_rolling,eq_hold
2021-08-06,99.900000,99.900000,99.900000
2021-08-13,119.648069,119.648069,119.648069
2021-08-20,129.340305,129.340305,129.340305
2021-08-27,134.192161,134.192161,134.192161
2021-09-03,151.163032,151.178447,151.178447
2021-09-10,140.879781,142.158492,142.158492
2021-09-17,156.228743,161.288063,161.288063
2021-09-24,137.639404,142.879176,142.879176
2021-10-01,145.801486,150.341252,150.341252
2021-10-08,155.911529,161.269223,161.303351
2021-10-15,168.112503,173.933825,167.756724
2021-10-22,170.846962,176.666731,171.753970
2021-10-29,183.986755,188.927265,221.901952
2021-11-05,205.512816,211.660642,242.960240
2021-11-12,214.960906,222.646879,244.706825
2021-11-19,210.580995,218.994479,242.784539
2021-11-26,217.027214,221.568745,253.298579
2021-12-03,212.732910,209.579664,244.979930
2021-12-10,167.692974,168.173112,193.837693
2021-12-17,167.308916,166.794736,194.605830
2021-12-24,189.977754,189.163382,214.577427
2021-12-31,183.712023,182.752492,205.061230
2022-01-07,146.119350,162.668581,175.621302
2022-01-14,139.385752,168.250649,180.899476
2022-01-21,97.202830,125.227533,130.780170
2022-01-28,85.128496,120.569472,122.802543
2022-02-04,94.317625,136.287272,138.173936
2022-02-11,85.366274,137.047888,143.044903
2022-02-18,82.492658,129.042991,134.287910
2022-02-25,70.974658,119.838986,123.865642
2022-03-04,79.057897,117.212205,120.821733
2022-03-11,85.029355,114.423655,116.376042
2022-03-18,105.034648,125.403580,126.834927
2022-03-25,104.501745,135.139043,138.216940
2022-04-01,129.837765,154.510355,156.541718
2022-04-08,102.907535,133.527854,135.003904
2022-04-15,104.883427,127.800504,128.711945
2022-04-22,104.843737,126.819401,126.253475
2022-04-29,93.445717,111.730405,108.408011
2022-05-06,73.619542,99.741042,97.308997
2022-05-13,48.814729,64.468889,61.659283
2022-05-20,46.935999,65.279309,62.051088
2022-05-27,53.034636,59.712990,56.022874
2022-06-03,53.351325,64.258108,60.046587
2022-06-10,49.840140,60.208392,55.911877
2022-06-17,38.842570,46.082084,43.239208
2022-06-24,42.822081,53.652912,50.534401
2022-07-01,31.254694,47.619701,44.346850
2022-07-08,43.421603,51.748594,48.463919
2022-07-15,42.488015,50.753444,47.272728
2022-07-22,40.365632,55.276838,52.245834
2022-07-29,42.826032,59.978304,56.311585
2022-08-05,41.637380,63.061124,59.978937
2022-08-12,43.440641,66.219768,63.468206
2022-08-19,33.394964,54.005120,51.134028
2022-08-26,32.762507,51.804457,48.440888
2022-09-02,32.271938,52.509106,49.146053
2022-09-09,36.709077,56.174461,52.622241
2022-09-16,34.205980,51.111208,47.735044
2022-09-23,33.233979,49.819497,46.471161
2022-09-30,34.430547,48.816897,45.313891
2022-10-07,33.534028,48.929280,45.372008
2022-10-14,29.491774,45.721130,42.159913
2022-10-21,31.159750,45.664231,41.868922
2022-10-28,31.266757,48.720172,45.057469
2022-11-04,34.566911,53.151569,49.588805
2022-11-11,27.218264,39.807293,36.591894
2022-11-18,28.008879,37.939059,34.442808
2022-11-25,26.643749,37.982070,34.726537
2022-12-02,27.951918,39.573027,36.459919
2022-12-09,27.285465,38.753828,35.326855
2022-12-16,23.926948,34.323845,31.331777
2022-12-23,24.041613,34.165903,31.050393
2022-12-30,23.697669,32.609702,29.457927
2023-01-06,24.394413,34.791560,31.734151
2023-01-13,30.365957,42.407231,39.622972
2023-01-20,32.918675,47.433500,44.268031
2023-01-27,33.584312,50.009131,47.968986
2023-02-03,34.039118,52.742040,52.125995
2023-02-10,31.283399,49.177097,47.536953
2023-02-17,48.442513,54.701047,59.002356
2023-02-24,42.667379,52.203415,55.116225
2023-03-03,38.564532,49.168442,51.025119
2023-03-10,33.231369,41.843517,43.300423
2023-03-17,45.018831,51.898355,53.236758
2023-03-24,41.083306,50.736605,50.137269
2023-03-31,45.371569,53.105429,51.596920
2023-04-07,35.026737,53.002169,50.615228
2023-04-14,38.359958,57.500478,54.536508
2023-04-21,33.379245,50.404496,47.599486
2023-04-28,39.142064,51.250576,50.138675
2023-05-05,38.417348,50.784616,52.071278
2023-05-12,23.497278,44.935189,44.684487
2023-05-19,24.406529,45.988358,45.107249
2023-05-26,23.035722,45.042281,43.827324
2023-06-02,22.087802,46.482892,45.195647
2023-06-09,20.609209,42.116853,40.396191
2023-06-16,19.505125,37.964067,36.125274
2023-06-23,22.660968,42.962487,41.086887
2023-06-30,20.023608,44.202471,42.057573
2023-07-07,19.717630,43.644376,40.600971
2023-07-14,18.489466,46.245852,43.238590
2023-07-21,13.080343,329.847896,842.688893
2023-07-28,12.590091,323.068894,801.164164
2023-08-04,12.059094,313.071826,789.143604
2023-08-11,15.770142,318.260804,785.629367
2023-08-18,16.766133,277.003893,693.484968
2023-08-25,15.481101,272.817210,657.617143
2023-09-01,13.798723,262.147744,609.953358
2023-09-08,13.597770,268.423015,606.983736
2023-09-15,14.406768,271.154691,553.195308
2023-09-22,14.365355,268.329618,575.412738
2023-09-29,15.146695,274.590631,608.331944
2023-10-06,14.480323,273.681921,604.451902
2023-10-13,13.028909,262.621902,548.710810
2023-10-20,13.376225,272.140232,550.972408
2023-10-27,15.692195,308.226650,625.591581
2023-11-03,18.789752,338.842990,694.871486
2023-11-10,24.045777,391.103522,809.033994
2023-11-17,28.119217,401.562323,713.042176
2023-11-24,22.483482,397.545641,725.711190
2023-12-01,23.709618,407.764990,707.569319
2023-12-08,26.333803,672.708858,60.804073
2023-12-15,22.253299,648.423484,59.814780
2023-12-22,25.920943,704.333870,65.853505
2023-12-29,21.516492,718.765990,64.799821
2024-01-05,20.714684,685.387671,62.036290
2024-01-12,18.373949,675.410865,60.865550
2024-01-19,19.523256,655.002303,59.100483
2024-01-26,18.099288,644.307218,58.184370
2024-02-02,18.622153,643.916257,58.599768
2024-02-09,16.521221,668.463271,61.500548
2024-02-16,19.491917,733.590212,66.830167
2024-02-23,22.204258,761.408962,67.902907
2024-03-01,18.990072,916.434536,92.445314
2024-03-08,19.121615,1047.211146,131.552736
2024-03-15,20.200340,1104.652110,145.318111
2024-03-22,16.223015,984.673881,126.798412
2024-03-29,16.380467,1099.479914,137.612887
2024-04-05,13.311611,980.517721,118.158543
2024-04-12,10.827209,904.214352,104.143434
2024-04-19,9.427780,800.264262,94.010866
2024-04-26,10.884249,832.076805,105.323567
2024-05-03,10.653671,820.932228,103.024912
2024-05-10,10.607953,806.438085,100.887216
2024-05-17,12.043158,853.679937,113.750497
2024-05-24,12.721117,868.406419,117.062920
2024-05-31,12.691480,850.601928,122.608516
2024-06-07,12.240193,814.234401,126.523946
2024-06-14,11.721248,715.955691,102.051208
2024-06-21,11.384889,652.944403,90.742101
2024-06-28,11.236185,647.596968,89.113000
2024-07-05,10.639383,563.619861,77.454587
2024-07-12,11.225753,599.248989,80.531312
2024-07-19,11.171129,679.700943,98.502127
2024-07-26,11.859023,650.121006,94.181111
2024-08-02,11.112659,573.638003,78.463519
2024-08-09,11.454808,540.098295,73.198648
2024-08-16,11.374628,515.105080,68.031533
2024-08-23,13.117089,598.983917,82.439585
2024-08-30,11.903279,534.448230,72.637695
2024-09-06,10.856628,482.469452,65.553555
2024-09-13,11.395795,541.945950,74.185721
2024-09-20,11.767909,567.040462,77.147698
2024-09-27,12.530004,621.042735,88.952938
2024-10-04,11.488978,549.507556,76.268463
2024-10-11,10.694077,556.351846,77.059668
2024-10-18,11.677825,578.981260,82.504883
2024-10-25,9.237004,540.982422,76.041510
2024-11-01,10.309218,546.277549,77.447000
2024-11-08,10.905654,588.843291,81.371937
2024-11-15,14.377930,690.362343,114.939594
2024-11-22,14.594916,810.191099,122.530923
2024-11-29,17.998367,945.784071,127.817139
2024-12-06,18.374284,1170.655570,145.683482
2024-12-13,16.201399,1065.410523,138.790645
2024-12-20,14.341163,863.978084,108.947809
2024-12-27,13.817892,843.209082,106.239446
2025-01-03,16.381026,937.274946,119.677233
2025-01-10,15.180024,850.931117,104.888165
2025-01-17,19.817627,955.948727,118.026263
2025-01-24,17.832899,832.607131,99.610315
2025-01-31,17.108280,814.888583,97.432568
2025-02-07,13.336668,628.763217,72.122374
2025-02-14,14.264339,686.811910,79.453232
2025-02-21,13.228127,649.250463,74.202826
2025-02-28,10.616459,593.812106,66.926281
2025-03-07,9.930203,577.204884,63.228593
2025-03-14,9.146084,538.012826,58.044187
2025-03-21,8.455357,543.253653,58.407081
2025-03-28,7.389195,539.813962,58.282512
2025-04-04,7.007647,508.495600,54.697965
2025-04-11,6.678152,489.280507,52.886333
2025-04-18,7.063597,498.441899,54.173229
2025-04-25,7.537323,562.758049,64.439058
2025-05-02,7.585707,566.989489,65.886593
2025-05-09,8.248151,640.443707,74.321508
2025-05-16,7.019496,621.206964,72.944860
2025-05-23,6.836434,617.391615,73.905998
2025-05-30,5.722071,566.891081,66.175939
2025-06-06,5.579863,1381.882512,103.661480
2025-06-13,3.616217,1356.023918,64.630417
2025-06-20,3.085869,1275.564736,60.307512
2025-06-27,3.193278,1261.006390,60.210649
2025-07-04,3.208616,1273.056470,61.937204
2025-07-11,3.050822,1431.818571,72.699721
2025-07-18,3.476863,1588.793480,86.799591
2025-08-15,3.696371,1549.718992,80.055728
2025-08-22,3.991523,1614.003120,84.279672
2025-08-29,3.598092,1511.051329,77.353255
2025-09-05,3.255697,1513.796185,77.020319
2025-09-12,2.942931,1616.112381,85.177710
2025-09-19,2.773159,1565.945284,82.248007
2025-09-26,2.530200,1429.070593,74.144506
2025-10-03,2.757057,1592.745345,83.409640
2025-10-10,2.889342,1254.670568,65.592838
2025-10-17,2.955555,1285.581686,64.174802
2025-10-24,3.111220,1346.545151,68.396883
2025-10-31,3.250721,1340.330953,67.472544
2025-11-07,4.666643,1433.719487,67.574059
2025-11-14,4.079504,1256.166538,60.427815
2025-11-21,3.512843,1124.453599,54.025194
2025-11-28,3.215350,1183.429413,56.585697
2025-12-05,2.677772,1108.150303,53.304395
2025-12-12,3.034133,1096.503192,53.921665
2025-12-19,2.634117,1012.116033,51.346402
2025-12-26,2.566211,982.087597,50.117346
2026-01-02,2.640933,1057.695077,54.481201
2026-01-09,2.246395,1057.917282,55.401579
2026-01-16,2.733225,1105.521331,57.141400
2026-01-23,2.267131,1032.219233,51.531785
2026-01-30,1.952865,935.658796,47.410863
2026-02-06,1.453422,795.056146,39.440013
2026-02-13,1.514133,799.725152,39.342086
2026-02-20,1.412165,777.474717,39.230767
2026-02-27,1.599913,767.048548,37.733448
2026-03-06,1.194729,777.721111,37.388478
2026-03-13,1.214821,801.893220,38.893074
2026-03-20,1.139104,800.167884,39.469320
2026-03-27,1.004016,746.052880,37.271315
2026-04-03,0.993570,762.026928,37.263164
2026-04-10,0.930552,798.651202,40.151781
2026-04-17,0.872272,836.226133,41.597721
2026-04-24,0.898171,826.731357,41.554020
2026-05-01,0.829165,814.577175,41.320855
2026-05-08,0.904991,897.844850,46.390427
2026-05-15,0.751220,837.594430,44.121416
2026-05-22,0.733403,805.124367,42.920568
2026-05-29,0.706031,781.802853,42.160673
2026-06-05,0.527261,635.854207,34.586003
2026-06-12,0.540304,656.115170,35.924161
2026-06-19,0.587093,671.626633,37.196717
2026-06-26,0.516349,618.037278,34.544356
2026-07-03,0.556799,651.210162,36.646774
2026-07-10,0.540588,661.311034,36.740179
2026-07-17,0.552562,648.521133,36.455517
2026-08-02,0.539158,624.144135,35.255552
