date,nav_line1,nav_line2
2016-08-05,199.800000,199.800000
2016-08-12,207.603782,207.603782
2016-08-19,196.238377,196.238377
2016-08-26,201.494085,201.494085
2016-09-02,208.549054,208.553345
2016-09-09,212.739423,212.217611
2016-09-16,218.610136,217.856913
2016-09-23,224.726748,224.198366
2016-09-30,224.834910,224.144878
2016-10-07,221.753141,220.692149
2016-10-14,219.116638,217.762733
2016-10-21,219.019743,217.612731
2016-10-28,220.278003,219.263619
2016-11-04,222.645384,221.802224
2016-11-11,216.233418,216.406629
2016-11-18,213.339884,215.547506
2016-11-25,210.695864,212.838441
2016-12-02,197.104253,204.221377
2016-12-09,205.880683,209.939038
2016-12-16,199.832618,206.413951
2016-12-23,208.220932,223.883536
2016-12-30,228.416997,240.353423
2017-01-06,248.234523,247.342863
2017-01-13,233.798908,231.073850
2017-01-20,253.144116,250.385468
2017-01-27,255.817494,254.055180
2017-02-03,276.467033,277.124520
2017-02-10,276.461014,273.892409
2017-02-17,300.465171,295.682898
2017-02-24,324.065147,321.848804
2017-03-03,417.560680,397.351670
2017-03-10,386.542878,365.566945
2017-03-17,639.449879,589.845136
2017-03-24,651.680145,635.832995
2017-03-31,681.380260,634.586307
2017-04-07,661.387860,582.612848
2017-04-14,696.867738,624.592499
2017-04-21,721.772192,644.516963
2017-04-28,932.738256,882.256703
2017-05-05,1137.191983,1091.671942
2017-05-12,1157.028709,1060.590531
2017-05-19,1516.822925,1463.518053
2017-05-26,1832.977621,1846.269052
2017-06-02,2277.812250,2416.386634
2017-06-09,2725.295957,2986.997321
2017-06-16,2942.972222,3603.065094
2017-06-23,2961.803557,3398.714186
2017-06-30,2606.672065,2933.311971
2017-07-07,2446.050493,2593.538434
2017-07-14,2084.179086,2150.357777
2017-07-21,2389.177634,2398.910427
2017-07-28,2309.595933,2192.195933
2017-08-04,2526.881436,2475.357217
2017-08-11,3365.127302,3401.116422
2017-08-18,3508.835026,3339.777393
2017-08-25,3820.989461,3709.459914
2017-09-01,4411.369268,4360.398814
2017-09-08,3635.521478,3486.451527
2017-09-15,3103.483497,2963.051416
2017-09-22,3118.259096,2988.673390
2017-09-29,3512.376377,3331.356727
2017-10-06,3695.231018,3509.075883
2017-10-13,4409.905045,3982.446374
2017-10-20,4337.039960,3753.172900
2017-10-27,4214.099104,3663.438357
2017-11-03,4788.784750,3986.469589
2017-11-10,4540.043526,3823.748682
2017-11-17,5165.537237,4309.392738
2017-11-24,6454.942426,5677.496182
2017-12-01,7461.771092,6075.563008
2017-12-08,9278.362586,6953.448132
2017-12-15,11919.303761,9192.104316
2017-12-22,10531.058993,8433.223449
2017-12-29,11459.059723,9279.960895
2018-01-05,14398.941806,11943.185435
2018-01-12,14960.558280,13805.600033
2018-01-19,12315.393360,11301.489748
2018-01-26,12176.564752,11369.340844
2018-02-02,10105.015259,9717.219571
2018-02-09,9875.254311,9415.705176
2018-02-16,11064.307780,10214.978304
2018-02-23,10631.550419,9511.617009
2018-03-02,10991.457112,9582.492730
2018-03-09,9303.950330,8135.477816
2018-03-16,7992.335361,6824.835624
2018-03-23,7839.309803,6364.441353
2018-03-30,5908.143818,4723.452856
2018-04-06,5616.821367,4461.620573
2018-04-13,7073.277284,5774.616948
2018-04-20,8381.228796,7038.561301
2018-04-27,8661.258829,7342.903899
2018-05-04,9942.277627,8705.296911
2018-05-11,8625.996522,7539.015589
2018-05-18,8621.900568,7637.994345
2018-05-25,7545.817502,6542.315785
2018-06-01,7534.797899,6493.179037
2018-06-08,7713.111240,6695.631275
2018-06-15,6414.530288,5509.091640
2018-06-22,6064.658903,5219.249836
2018-06-29,5938.166676,4976.282891
2018-07-06,6414.300819,5394.942556
2018-07-13,5934.100583,4962.003673
2018-07-20,6580.313668,5304.861231
2018-07-27,7081.456569,5615.222586
2018-08-03,6377.101465,5028.969394
2018-08-10,5201.192668,4060.508506
2018-08-17,5223.965415,3964.455222
2018-08-24,5008.079259,3695.912453
2018-08-31,5126.705202,3751.421870
2018-09-07,4322.711442,3064.338009
2018-09-14,4283.695863,3023.532045
2018-09-21,4704.495222,3373.412642
2018-09-28,4441.991331,3141.554058
2018-10-05,4486.672244,3184.249130
2018-10-12,4061.994199,2847.932198
2018-10-19,4196.030709,2943.633564
2018-10-26,4194.944976,2941.699679
2018-11-02,4139.194881,2902.632859
2018-11-09,4235.677387,2986.486199
2018-11-16,3615.158540,2533.930183
2018-11-23,2681.495712,1856.930200
2018-11-30,2469.668422,1709.158953
2018-12-07,2069.293348,1427.775296
2018-12-14,1916.803772,1316.649497
2018-12-21,2396.411621,1655.345901
2018-12-28,2712.736655,1911.645808
2019-01-04,2856.644683,2051.468606
2019-01-11,2543.684189,1780.312452
2019-01-18,2468.280551,1716.761480
2019-01-25,2401.447810,1665.283619
2019-02-01,2274.253550,1567.505176
2019-02-08,2455.714281,1702.744331
2019-02-15,2469.483482,1720.069581
2019-02-22,2876.096809,2028.095052
2019-03-01,2701.661481,1889.716048
2019-03-08,2703.169173,1885.169890
2019-03-15,2749.482975,1918.472401
2019-03-22,2766.500370,1924.866830
2019-03-29,2845.171469,1985.294598
2019-04-05,3401.391330,2353.977470
2019-04-12,3411.240484,2356.203739
2019-04-19,3575.782171,2473.599787
2019-04-26,3389.045480,2314.215681
2019-05-03,3671.763635,2502.858034
2019-05-10,3923.908263,2655.306967
2019-05-17,5020.712832,3454.009217
2019-05-24,5299.493418,3616.913009
2019-05-31,5692.120740,3885.370337
2019-06-07,5333.614416,3639.657640
2019-06-14,5688.948523,3870.125710
2019-06-21,6497.465197,4397.574635
2019-06-28,7401.577721,4936.469532
2019-07-05,6699.090497,4480.675865
2019-07-12,6818.102182,4521.443483
2019-07-19,5769.186815,3807.210134
2019-07-26,5565.992298,3677.251833
2019-08-02,5726.281703,3774.094816
2019-08-09,5995.095908,3941.746575
2019-08-16,5262.236211,3459.311975
2019-08-23,5402.614629,3547.952097
2019-08-30,4833.430533,3176.094330
2019-09-06,5039.529815,3317.299505
2019-09-13,5206.570467,3418.221649
2019-09-20,5692.321192,3717.225050
2019-09-27,4587.172313,2994.708690
2019-10-04,4604.023963,3007.053147
2019-10-11,4709.297143,3077.076171
2019-10-18,4495.062334,2936.565187
2019-10-25,4790.379911,3126.608579
2019-11-01,4990.051573,3252.777097
2019-11-08,4870.351665,3175.677768
2019-11-15,4735.032515,3088.345856
2019-11-22,4004.486121,2610.342374
2019-11-29,4199.524730,2736.066504
2019-12-06,4058.956358,2644.252263
2019-12-13,3926.473655,2558.102350
2019-12-20,3697.924708,2407.379587
2019-12-27,3689.657625,2403.217593
2020-01-03,3803.355511,2474.902930
2020-01-10,4154.090880,2705.146465
2020-01-17,4733.462263,3077.228455
2020-01-24,4498.170460,2924.152651
2020-01-31,4975.177549,3234.270365
2020-02-07,5682.895516,3692.002140
2020-02-14,6616.810969,4331.137717
2020-02-21,6199.368857,4056.088655
2020-02-28,5421.862775,3532.873000
2020-03-06,5762.980238,3760.869081
2020-03-13,3331.526604,2156.799312
2020-03-20,3515.761393,2262.975905
2020-03-27,3608.522559,2320.788809
2020-04-03,3791.249119,2439.436295
2020-04-10,4044.778010,2608.225687
2020-04-17,4281.537700,2766.486257
2020-04-24,4638.213172,3002.734238
2020-05-01,5346.168672,3454.217638
2020-05-08,5625.709895,3613.135657
2020-05-15,5249.305332,3368.557357
2020-05-22,5360.116734,3446.434450
2020-05-29,5609.714880,3611.686975
2020-06-05,5941.453556,3834.618671
2020-06-12,5838.767974,3769.214447
2020-06-19,5651.976745,3643.188262
2020-06-26,5644.683256,3644.059894
2020-07-03,5568.720678,3592.670642
2020-07-10,5819.676639,3765.316599
2020-07-17,5679.381541,3669.803039
2020-07-24,6369.576009,4151.764577
2020-07-31,7722.796744,5054.920008
2020-08-07,8196.925280,5406.653677
2020-08-14,8880.904698,5952.972137
2020-08-21,8324.078896,5490.995363
2020-08-28,8378.308090,5542.611220
2020-09-04,7926.418306,5295.344014
2020-09-11,7746.329975,5155.040336
2020-09-18,8049.904985,5335.887999
2020-09-25,7620.166234,5004.572775
2020-10-02,7514.259823,4931.175402
2020-10-09,7897.672390,5188.955540
2020-10-16,7996.394067,5239.424243
2020-10-23,9040.882065,5908.057202
2020-10-30,8968.159297,5774.110829
2020-11-06,10478.764510,6767.389683
2020-11-13,10960.841175,7075.901359
2020-11-20,12134.694487,7789.882086
2020-11-27,11724.446741,7596.292980
2020-12-04,12857.211726,8336.158774
2020-12-11,12370.764511,8014.330080
2020-12-18,15345.777025,9870.805602
2020-12-25,15518.893417,9882.273737
2021-01-01,18288.174920,11629.329591
2021-01-08,27997.860991,18026.545904
2021-01-15,26035.734253,16868.572887
2021-01-22,25402.990409,16782.940835
2021-01-29,27406.722056,18315.323035
2021-02-05,32266.085906,21983.838667
2021-02-12,37395.903677,24725.902524
2021-02-19,41877.527537,27224.476151
2021-02-26,32807.251235,20971.605071
2021-03-05,34712.857785,22200.682490
2021-03-12,40397.269717,25794.879167
2021-03-19,41272.798829,26377.899113
2021-03-26,38834.668525,24794.706028
2021-04-02,45331.955968,29467.611790
2021-04-09,44144.985357,28634.213794
2021-04-16,49219.638865,32427.702041
2021-04-23,44337.833100,29996.361472
2021-04-30,51068.035393,34812.981292
2021-05-07,57567.169545,41102.447789
2021-05-14,58720.859718,45114.374466
2021-05-21,39450.780589,28199.857948
2021-05-28,38514.010846,27824.919395
2021-06-04,41322.859549,30430.156333
2021-06-11,38997.379832,27518.295343
2021-06-18,37178.406806,26159.052931
2021-06-25,31543.556039,21698.492026
2021-07-02,35598.644606,25100.701178
2021-07-09,35518.925985,25053.580690
2021-07-16,32065.882067,22261.090780
2021-07-23,35251.334096,24820.145212
2021-07-30,42631.136184,29381.196850
2021-08-06,46585.946162,33270.640973
2021-08-13,52768.297253,37988.900786
2021-08-20,53325.001021,37942.240794
2021-08-27,53040.789753,37747.550953
2021-09-03,58963.057866,43902.469092
2021-09-10,50476.931218,36494.237455
2021-09-17,53287.092384,38579.584261
2021-09-24,47127.818400,33638.605074
2021-10-01,53051.473372,37913.808619
2021-10-08,58329.372714,41219.950150
2021-10-15,64924.970856,45215.434864
2021-10-22,65352.879586,46019.786822
2021-10-29,69837.280280,50259.029892
2021-11-05,69784.270591,50706.398287
2021-11-12,72915.286236,52849.034946
2021-11-19,66610.245681,48504.835114
2021-11-26,61931.092720,45325.055056
2021-12-03,63417.062739,47025.953859
2021-12-10,57311.304145,43132.151381
2021-12-17,56467.101531,42692.057192
2021-12-24,60504.749067,45000.296490
2021-12-31,55087.087893,40951.170645
2022-01-07,48617.665899,35752.942537
2022-01-14,50408.613648,37064.390661
2022-01-21,40797.079314,29190.240622
2022-01-28,41452.731154,29323.919587
2022-02-04,47042.521604,33869.923488
2022-02-11,47113.037516,33525.293162
2022-02-18,44652.795737,31846.571632
2022-02-25,44028.574720,31515.317185
2022-03-04,42800.072543,30185.082060
2022-03-11,42145.826595,29610.929658
2022-03-18,46954.088446,33580.358058
2022-03-25,49670.828892,35464.503926
2022-04-01,53488.768954,38864.147563
2022-04-08,49184.575973,35869.566140
2022-04-15,47010.522344,34217.607831
2022-04-22,45950.781013,33396.515739
2022-04-29,44140.493097,31866.624823
2022-05-06,41720.847715,30342.508871
2022-05-13,32538.698489,23087.274184
2022-05-20,32064.066049,22598.462519
2022-05-27,29835.451388,20386.577075
2022-06-03,30830.345005,21021.820003
2022-06-10,29554.970001,19930.767039
2022-06-17,20044.205347,13265.132374
2022-06-24,21710.248956,14651.086333
2022-07-01,19228.439496,12817.248816
2022-07-08,21933.065923,14699.088643
2022-07-15,21582.590888,14638.562593
2022-07-22,25217.508534,17683.821673
2022-07-29,27380.180716,19570.903320
2022-08-05,27122.244742,19524.695776
2022-08-12,29545.014877,21728.577256
2022-08-19,24812.616607,18039.984643
2022-08-26,23644.292892,16992.638021
2022-09-02,24018.999993,17562.681116
2022-09-09,25947.994135,19075.523553
2022-09-16,22797.559018,16234.793615
2022-09-23,21694.406487,15221.298905
2022-09-30,21767.519595,15242.094475
2022-10-07,21869.257663,15302.636197
2022-10-14,21379.630595,14926.293965
2022-10-21,21392.832119,14946.559013
2022-10-28,24278.847726,17477.077972
2022-11-04,25303.534384,18373.721769
2022-11-11,20086.311232,14461.393454
2022-11-18,19303.246825,13733.469863
2022-11-25,19095.168111,13583.397073
2022-12-02,20173.629416,14534.122835
2022-12-09,19965.574242,14273.618511
2022-12-16,18929.539749,13331.200881
2022-12-23,19434.985854,13820.925333
2022-12-30,19154.942089,13600.166641
2023-01-06,19921.547474,14287.662257
2023-01-13,23089.394416,16429.862050
2023-01-20,26348.499771,18770.407737
2023-01-27,26100.937246,18289.864209
2023-02-03,26854.256073,18949.259640
2023-02-10,24613.571776,17297.639942
2023-02-17,27730.779403,19411.591550
2023-02-24,26251.882764,18401.898950
2023-03-03,25459.303603,17906.434704
2023-03-10,23085.834185,16277.435720
2023-03-17,30144.504155,20781.181807
2023-03-24,29842.582032,20431.872286
2023-03-31,30972.458604,21228.316200
2023-04-07,31035.456865,21522.028141
2023-04-14,34426.303441,24075.535190
2023-04-21,30553.533996,21269.569619
2023-04-28,32066.217562,22007.906287
2023-05-05,33040.676561,22957.959227
2023-05-12,29965.147275,20812.467418
2023-05-19,30050.610257,20868.091266
2023-05-26,30088.372874,20982.277366
2023-06-02,31035.587115,21776.446419
2023-06-09,30050.256840,21043.848222
2023-06-16,28941.589801,19913.232940
2023-06-23,32843.105268,22246.461864
2023-06-30,33076.209026,22568.896959
2023-07-07,32461.034898,21986.199083
2023-07-14,33053.029807,22599.048372
2023-07-21,32415.427478,22102.799756
2023-07-28,31949.660487,21845.488096
2023-08-04,31410.486772,21382.639445
2023-08-11,31752.024435,21612.314600
2023-08-18,28345.611410,19367.028218
2023-08-25,28275.111611,19295.125876
2023-09-01,27930.939980,19033.804931
2023-09-08,28053.413586,19120.360967
2023-09-15,28477.272552,19291.665929
2023-09-22,28042.047768,18854.372721
2023-09-29,28867.581624,19579.346936
2023-10-06,29229.067913,19561.545409
2023-10-13,27829.678235,18535.546073
2023-10-20,29770.930990,19495.364023
2023-10-27,33517.504730,21796.789851
2023-11-03,34419.310597,22411.035437
2023-11-10,37991.234141,25053.176181
2023-11-17,36546.126290,23883.019175
2023-11-24,38221.548116,25149.339690
2023-12-01,38762.771904,25371.092536
2023-12-08,44029.206065,28749.576134
2023-12-15,41614.399116,27115.404246
2023-12-22,43645.847039,28432.479540
2023-12-29,42454.120606,27871.816173
2024-01-05,43191.053416,27943.935906
2024-01-12,44984.235321,30002.279820
2024-01-19,44024.666827,29475.365972
2024-01-26,42147.279293,27523.471252
2024-02-02,43216.781335,28126.215679
2024-02-09,46881.353126,30418.143287
2024-02-16,52346.507631,34114.253136
2024-02-23,52722.408165,34920.232140
2024-03-01,63437.905273,41541.835139
2024-03-08,70634.372533,46643.408747
2024-03-15,69746.796268,45433.680029
2024-03-22,63180.862513,40868.537433
2024-03-29,67897.123756,43522.303065
2024-04-05,65049.956070,41441.399456
2024-04-12,63998.931786,40652.138380
2024-04-19,60590.858500,38427.783726
2024-04-26,61243.217544,39045.863350
2024-05-03,60567.353004,38657.615401
2024-05-10,57663.174708,36562.022624
2024-05-17,62469.628777,39296.467148
2024-05-24,69541.647596,45207.168287
2024-05-31,69325.406704,45323.113250
2024-06-07,69505.233979,44917.375082
2024-06-14,65964.201306,42566.167589
2024-06-21,65326.652784,42553.427987
2024-06-28,62081.759290,40624.643200
2024-07-05,56568.147595,36486.105722
2024-07-12,58619.216794,38064.236097
2024-07-19,66556.466434,42915.139193
2024-07-26,65020.477525,41070.688909
2024-08-02,59032.968073,37351.219065
2024-08-09,54940.571393,33805.438143
2024-08-16,53976.663413,33403.120647
2024-08-23,58132.864457,35836.855137
2024-08-30,53366.530831,32840.331298
2024-09-06,47842.730131,29243.977170
2024-09-13,53130.994359,32340.041010
2024-09-20,55580.629827,33862.984563
2024-09-27,58186.904833,35519.045225
2024-10-04,53495.467276,32360.373532
2024-10-11,53897.395928,32620.051423
2024-10-18,58747.616840,35489.983784
2024-10-25,55697.776834,33344.059511
2024-11-01,57752.915245,34516.122639
2024-11-08,65852.812039,39767.845048
2024-11-15,73660.872680,43548.071800
2024-11-22,79581.556603,46968.331023
2024-11-29,82067.002853,49041.639121
2024-12-06,87808.779518,53153.156250
2024-12-13,87447.879359,52575.087660
2024-12-20,81010.451489,48012.105599
2024-12-27,77847.062913,46104.764869
2025-01-03,82701.075694,49256.746744
2025-01-10,77352.920538,45649.098148
2025-01-17,83805.956681,49191.015371
2025-01-24,81963.560914,47782.740028
2025-01-31,80879.756943,47262.403979
2025-02-07,70208.370149,40200.652869
2025-02-14,71955.351785,41299.117486
2025-02-21,70562.869585,40465.135172
2025-02-28,60642.867772,34654.820857
2025-03-07,60179.020092,34182.604281
2025-03-14,55987.140052,31649.863717
2025-03-21,56823.734449,32157.597415
2025-03-28,55910.453419,31591.800635
2025-04-04,54564.707956,30786.967650
2025-04-11,50690.184724,28493.021802
2025-04-18,51360.192537,28869.305712
2025-04-25,57678.456719,32420.076019
2025-05-02,59250.675075,33301.510715
2025-05-09,69220.525176,38847.241090
2025-05-16,72208.883175,40642.132747
2025-05-23,73393.749636,41213.966113
2025-05-30,72296.102007,40673.831374
2025-06-06,71681.880298,40270.550707
2025-06-13,73731.321305,41480.027416
2025-06-20,70309.043129,39458.282929
2025-06-27,71836.798276,40262.762153
2025-07-04,73394.849816,41183.501479
2025-07-11,83182.236641,46846.258314
2025-07-18,91662.345343,52212.831874
2025-07-25,93820.442601,53741.789599
2025-08-01,89092.662774,50857.300384
2025-08-08,96997.313780,56102.283612
2025-08-15,102492.387927,60069.121737
2025-08-22,106778.339037,63475.077998
2025-08-29,97705.234428,57794.373468
2025-09-05,98139.551186,57708.493043
2025-09-12,105206.845378,62303.427443
2025-09-19,102292.812021,60048.500472
2025-09-26,94673.004666,55123.062388
2025-10-03,105707.337643,61583.965809
2025-10-10,93919.672842,54007.880429
2025-10-17,90992.198834,52742.446953
2025-10-24,94154.337957,54447.211013
2025-10-31,92484.298399,53408.736550
2025-11-07,84951.899787,48654.961432
2025-11-14,77165.179648,44133.547338
2025-11-21,69160.591798,39495.655778
2025-11-28,74852.002931,42890.509546
2025-12-05,74125.363805,42554.109319
2025-12-12,75226.696753,43241.260205
2025-12-19,73023.128559,41915.812595
2025-12-26,72047.870750,41309.829835
2026-01-02,75589.682666,43544.332218
2026-01-09,75328.017226,43273.364455
2026-01-16,80003.814392,46042.317094
2026-01-23,73332.959410,41938.277110
2026-01-30,68016.097672,38762.688147
2026-02-06,54520.582623,30694.914015
2026-02-13,53668.375470,30267.226166
2026-02-20,52288.674554,29408.713348
2026-02-27,50962.690066,28697.903717
2026-03-06,52467.845918,29518.417077
2026-03-13,55065.560643,31027.350828
2026-03-20,55605.877810,31431.853597
2026-03-27,51938.503455,29317.917559
2026-04-03,52987.467692,29975.909039
2026-04-10,57855.683771,32740.116323
2026-04-17,61767.392405,35032.680731
2026-04-24,60537.699543,34148.091237
2026-05-01,60557.743146,34089.773167
2026-05-08,61492.071739,34544.715301
2026-05-15,59953.739760,33602.550271
2026-05-22,56457.779383,31563.048726
2026-05-29,54945.639871,30724.958314
2026-06-05,44411.829195,24709.798310
2026-06-12,46550.665904,25918.028921
2026-06-19,47193.898619,26327.356814
2026-06-26,44021.880982,24514.431647
2026-07-03,47469.308355,26561.108701
2026-07-10,48599.350654,27186.155155
2026-07-17,49125.002960,27551.338518
2026-07-24,49459.820281,27757.377755
2026-07-31,48973.920515,27535.694915
2026-08-02,48999.071715,27533.439986
