,close
1997-09-26,1.03
1997-10-03,1.0
1997-10-09,0.78
1997-10-17,0.75
1997-10-24,0.61
1997-10-31,0.61
1997-11-07,0.59
1997-11-14,0.51
1997-11-21,0.5
1997-11-28,0.47
1997-12-05,0.51
1997-12-12,0.52
1997-12-19,0.5
1997-12-24,0.495
1998-01-02,0.48
1998-01-09,0.405
1998-01-16,0.31
1998-01-23,0.31
1998-01-27,0.31
1998-02-06,0.445
1998-02-13,0.39
1998-02-20,0.44
1998-02-27,0.48
1998-03-06,0.45
1998-03-13,0.45
1998-03-20,0.43
1998-03-27,0.46
1998-04-03,0.43
1998-04-09,0.44
1998-04-17,0.4
1998-04-24,0.37
1998-05-01,0.37
1998-05-08,0.38
1998-05-15,0.385
1998-05-22,0.38
1998-05-29,0.39
1998-06-05,0.305
1998-06-12,0.3
1998-06-19,0.28
1998-06-26,0.32
1998-07-03,0.32
1998-07-10,0.32
1998-07-17,0.315
1998-07-24,0.25
1998-07-31,0.29
1998-08-07,0.295
1998-08-14,0.28
1998-08-21,0.29
1998-08-28,0.25
1998-09-04,0.238
1998-09-11,0.241
1998-09-18,0.255
1998-09-25,0.23
1998-09-30,0.23
1998-10-09,0.22
1998-10-16,0.233
1998-10-23,0.232
1998-10-30,0.275
1998-11-06,0.3
1998-11-13,0.29
1998-11-20,0.29
1998-11-27,0.32
1998-12-04,0.31
1998-12-11,0.325
1998-12-18,0.29
1998-12-24,0.29
1998-12-31,0.305
1999-01-08,0.31
1999-01-15,0.29
1999-01-22,0.285
1999-01-29,0.285
1999-02-05,0.285
1999-02-12,0.285
1999-02-19,0.285
1999-02-26,0.295
1999-03-05,0.29
1999-03-12,0.28
1999-03-19,0.28
1999-03-26,0.26
1999-04-01,0.24
1999-04-09,0.25
1999-04-16,0.241
1999-04-23,0.255
1999-04-30,0.25
1999-05-07,0.255
1999-05-14,0.275
1999-05-21,0.25
1999-05-28,0.229
1999-06-04,0.233
1999-06-11,0.237
1999-06-17,0.24
1999-06-25,0.26
1999-07-02,0.25
1999-07-09,0.26
1999-07-16,0.38
1999-07-23,0.33
1999-07-30,0.31
1999-08-06,0.32
1999-08-13,0.3
1999-08-20,0.29
1999-08-27,0.28
1999-09-03,0.28
1999-09-10,0.3
1999-09-17,0.3
1999-09-24,0.29
1999-09-30,0.29
1999-10-08,0.29
1999-10-15,0.3
1999-10-22,0.285
1999-10-29,0.295
1999-11-05,0.29
1999-11-12,0.275
1999-11-19,0.32
1999-11-26,0.305
1999-12-03,0.285
1999-12-10,0.305
1999-12-17,0.285
1999-12-24,0.285
1999-12-30,0.285
2000-01-07,0.46
2000-01-14,0.425
2000-01-21,0.425
2000-01-28,0.425
2000-02-03,0.425
2000-02-11,0.425
2000-02-18,0.425
2000-02-25,0.425
2000-03-03,0.57
2000-03-10,0.64
2000-03-17,0.61
2000-03-24,0.65
2000-03-31,0.98
2000-04-07,0.68
2000-04-14,0.62
2000-04-20,0.58
2000-04-28,0.54
2000-05-05,0.57
2000-05-12,0.54
2000-05-19,0.49
2000-05-26,0.47
2000-06-02,0.47
2000-06-09,0.495
2000-06-16,0.54
2000-06-23,0.62
2000-06-30,0.6
2000-07-07,0.57
2000-07-14,0.53
2000-07-21,0.54
2000-07-28,0.6
2000-08-04,0.6
2000-08-11,0.62
2000-08-18,0.58
2000-08-25,0.6
2000-09-01,0.61
2000-09-08,0.59
2000-09-15,0.59
2000-09-22,0.5
2000-09-29,0.52
2000-10-05,0.52
2000-10-13,0.52
2000-10-20,0.49
2000-10-27,0.49
2000-11-03,0.49
2000-11-10,0.47
2000-11-17,0.49
2000-11-24,0.45
2000-12-01,0.45
2000-12-08,0.45
2000-12-15,0.45
2000-12-22,0.44
2000-12-29,0.44
2001-01-05,0.44
2001-01-12,0.46
2001-01-19,0.46
2001-01-23,0.46
2001-02-02,0.46
2001-02-09,0.44
2001-02-16,0.44
2001-02-23,0.4
2001-03-02,0.4
2001-03-09,0.39
2001-03-16,0.34
2001-03-23,0.305
2001-03-30,0.39
2001-04-06,0.39
2001-04-12,0.39
2001-04-20,0.37
2001-04-27,0.37
2001-05-04,0.37
2001-05-11,0.36
2001-05-18,0.36
2001-05-25,0.37
2001-06-01,0.36
2001-06-08,0.37
2001-06-15,0.35
2001-06-22,0.35
2001-06-29,0.35
2001-07-05,0.35
2001-07-13,0.35
2001-07-20,0.35
2001-07-27,0.34
2001-08-03,0.31
2001-08-10,0.31
2001-08-17,0.31
2001-08-24,0.31
2001-08-31,0.31
2001-09-07,0.31
2001-09-14,0.31
2001-09-21,0.31
2001-09-28,0.31
2001-10-05,0.306
2001-10-12,0.305
2001-10-19,0.305
2001-10-26,0.305
2001-11-02,0.335
2001-11-09,0.32
2001-11-16,0.32
2001-11-23,0.325
2001-11-30,0.325
2001-12-07,0.325
2001-12-14,0.305
2001-12-21,0.31
2001-12-28,0.31
2002-01-04,0.31
2002-01-11,0.31
2002-01-18,0.31
2002-01-25,0.31
2002-02-01,0.31
2002-02-08,0.31
2002-02-15,0.31
2002-02-22,0.31
2002-03-01,0.37
2002-03-08,0.38
2002-03-15,0.365
2002-03-22,0.36
2002-03-28,0.385
2002-04-04,0.36
2002-04-12,0.395
2002-04-19,0.42
2002-04-26,0.425
2002-05-03,0.405
2002-05-10,0.405
2002-05-17,0.395
2002-05-24,0.38
2002-05-31,0.41
2002-06-07,0.41
2002-06-14,0.41
2002-06-21,0.41
2002-06-28,0.41
2002-07-05,0.49
2002-07-12,0.54
2002-07-19,0.46
2002-07-26,0.46
2002-08-02,0.45
2002-08-09,0.45
2002-08-16,0.445
2002-08-23,0.43
2002-08-30,0.43
2002-09-06,0.47
2002-09-13,0.47
2002-09-20,0.46
2002-09-27,0.46
2002-10-04,0.46
2002-10-11,0.46
2002-10-18,0.283
2002-10-25,0.28
2002-11-01,0.445
2002-11-08,0.27
2002-11-15,0.325
2002-11-22,0.33
2002-11-29,0.33
2002-12-06,0.32
2002-12-13,0.345
2002-12-20,0.355
2002-12-27,0.35
2003-01-03,0.35
2003-01-10,0.32
2003-01-17,0.33
2003-01-24,0.3
2003-01-30,0.3
2003-02-07,0.3
2003-02-14,0.29
2003-02-21,0.298
2003-02-28,0.27
2003-03-07,0.27
2003-03-14,0.27
2003-03-21,0.27
2003-03-28,0.27
2003-04-04,0.27
2003-04-11,0.27
2003-04-17,0.27
2003-04-25,0.25
2003-05-02,0.27
2003-05-09,0.27
2003-05-16,0.27
2003-05-23,0.28
2003-05-30,0.3
2003-06-06,0.25
2003-06-13,0.3
2003-06-20,0.3
2003-06-27,0.3
2003-07-04,0.3
2003-07-11,0.3
2003-07-18,0.3
2003-07-25,0.27
2003-08-01,0.245
2003-08-08,0.25
2003-08-15,0.23
2003-08-22,0.257
2003-08-29,0.268
2003-09-05,0.276
2003-09-11,0.276
2003-09-19,0.28
2003-09-26,0.29
2003-10-03,0.29
2003-10-10,0.25
2003-10-17,0.27
2003-10-24,0.27
2003-10-31,0.27
2003-11-07,0.305
2003-11-14,0.25
2003-11-21,0.3
2003-11-28,0.3
2003-12-05,0.285
2003-12-12,0.25
2003-12-19,0.255
2003-12-24,0.31
2004-01-02,0.308
2004-01-09,0.265
2004-01-16,0.29
2004-01-21,0.29
2004-01-30,0.27
2004-02-06,0.27
2004-02-13,0.32
2004-02-20,0.29
2004-02-27,0.3
2004-03-05,0.31
2004-03-12,0.31
2004-03-19,0.299
2004-03-26,0.32
2004-04-02,0.319
2004-04-08,0.3
2004-04-16,0.3
2004-04-23,0.29
2004-04-30,0.29
2004-05-07,0.288
2004-05-14,0.29
2004-05-21,0.29
2004-05-28,0.29
2004-06-04,0.26
2004-06-11,0.26
2004-06-18,0.26
2004-06-25,0.26
2004-07-02,0.26
2004-07-09,0.268
2004-07-16,0.252
2004-07-23,0.27
2004-07-30,0.292
2004-08-06,0.29
2004-08-13,0.29
2004-08-20,0.299
2004-08-27,0.299
2004-09-03,0.299
2004-09-10,0.299
2004-09-17,0.299
2004-09-24,0.299
2004-09-30,0.299
2004-10-08,0.299
2004-10-15,0.299
2004-10-21,0.299
2004-10-29,0.299
2004-11-05,0.299
2004-11-12,0.285
2004-11-19,0.29
2004-11-26,0.44
2004-12-03,0.365
2004-12-10,0.38
2004-12-17,0.42
2004-12-24,0.41
2004-12-31,0.41
2005-01-07,0.4
2005-01-14,0.4
2005-01-21,0.4
2005-01-28,0.42
2005-02-04,0.42
2005-02-08,0.42
2005-02-18,0.42
2005-02-25,0.42
2005-03-04,0.42
2005-03-11,0.39
2005-03-18,0.375
2005-03-24,0.375
2005-04-01,0.355
2005-04-08,0.38
2005-04-15,0.385
2005-04-22,0.385
2005-04-29,0.37
2005-05-06,0.33
2005-05-13,0.33
2005-05-20,0.395
2005-05-27,0.395
2005-06-03,0.36
2005-06-10,0.36
2005-06-17,0.36
2005-06-24,0.34
2005-06-30,0.34
2005-07-08,0.34
2005-07-15,0.32
2005-07-22,0.304
2005-07-29,0.32
2005-08-05,0.32
2005-08-12,0.32
2005-08-19,0.32
2005-08-26,0.315
2005-09-02,0.31
2005-09-09,0.31
2005-09-16,0.31
2005-09-23,0.31
2005-09-30,0.31
2005-10-07,0.31
2005-10-14,0.32
2005-10-21,0.33
2005-10-28,0.32
2005-11-04,0.34
2005-11-11,0.34
2005-11-18,0.34
2005-11-25,0.34
2005-12-02,0.34
2005-12-09,0.321
2005-12-16,0.321
2005-12-23,0.33
2005-12-30,0.33
2006-01-06,0.33
2006-01-13,0.33
2006-01-20,0.33
2006-01-27,0.33
2006-02-03,0.32
2006-02-10,0.32
2006-02-17,0.327
2006-02-24,0.29
2006-03-03,0.272
2006-03-10,0.29
2006-03-17,0.315
2006-03-24,0.313
2006-03-31,0.309
2006-04-07,0.29
2006-04-13,0.31
2006-04-21,0.31
2006-04-28,0.285
2006-05-04,0.29
2006-05-12,0.29
2006-05-19,0.308
2006-05-26,0.29
2006-06-02,0.308
2006-06-09,0.29
2006-06-16,0.3
2006-06-23,0.291
2006-06-30,0.3
2006-07-07,0.3
2006-07-14,0.28
2006-07-21,0.29
2006-07-28,0.3
2006-08-04,0.3
2006-08-11,0.31
2006-08-18,0.32
2006-08-25,0.32
2006-09-01,0.34
2006-09-08,0.33
2006-09-15,0.34
2006-09-22,0.36
2006-09-29,0.6
2006-10-06,0.58
2006-10-13,0.6
2006-10-20,0.6
2006-10-27,0.56
2006-11-03,0.55
2006-11-10,0.52
2006-11-17,0.53
2006-11-24,0.53
2006-12-01,0.505
2006-12-08,0.505
2006-12-15,0.505
2006-12-22,0.6
2006-12-29,0.59
2007-01-05,0.53
2007-01-12,0.5
2007-01-19,0.495
2007-01-26,0.51
2007-02-02,0.53
2007-02-09,0.5
2007-02-16,0.52
2007-02-23,0.55
2007-03-02,0.57
2007-03-09,0.55
2007-03-16,0.495
2007-03-23,0.51
2007-03-30,0.55
2007-04-04,0.55
2007-04-13,0.55
2007-04-20,0.555
2007-04-27,0.56
2007-05-04,0.56
2007-05-11,0.63
2007-05-18,0.59
2007-05-25,0.66
2007-06-01,0.67
2007-06-08,0.65
2007-06-15,0.73
2007-06-22,0.67
2007-06-29,0.63
2007-07-06,0.62
2007-07-13,0.63
2007-07-20,0.75
2007-07-27,0.83
2007-08-03,0.72
2007-08-10,0.65
2007-08-17,0.57
2007-08-24,0.72
2007-08-31,0.71
2007-09-07,0.71
2007-09-14,0.7
2007-09-21,0.61
2007-09-28,0.61
2007-10-05,0.58
2007-10-12,0.6
2007-10-18,0.56
2007-10-26,0.56
2007-11-02,0.7
2007-11-09,1.1
2007-11-16,1.09
2007-11-23,1.15
2007-11-30,1.05
2007-12-07,1.02
2007-12-14,0.88
2007-12-21,0.77
2007-12-28,0.77
2008-01-04,0.78
2008-01-11,0.73
2008-01-18,0.69
2008-01-25,0.53
2008-02-01,0.65
2008-02-06,0.63
2008-02-15,0.62
2008-02-22,0.66
2008-02-29,0.67
2008-03-07,0.7
2008-03-14,0.63
2008-03-20,0.54
2008-03-28,0.58
2008-04-03,0.58
2008-04-11,0.595
2008-04-18,0.59
2008-04-25,0.575
2008-05-02,0.58
2008-05-09,0.58
2008-05-16,0.71
2008-05-23,0.69
2008-05-30,0.67
2008-06-06,0.51
2008-06-13,0.415
2008-06-20,0.343
2008-06-27,0.39
2008-07-04,0.357
2008-07-11,0.325
2008-07-18,0.294
2008-07-25,0.274
2008-08-01,0.24
2008-08-08,0.216
2008-08-15,0.228
2008-08-21,0.244
2008-08-29,0.273
2008-09-05,0.27
2008-09-12,0.265
2008-09-19,0.244
2008-09-26,0.235
2008-10-03,0.198
2008-10-10,0.165
2008-10-17,0.19
2008-10-24,0.181
2008-10-31,0.181
2008-11-07,0.177
2008-11-14,0.199
2008-11-21,0.187
2008-11-28,0.189
2008-12-05,0.192
2008-12-12,0.177
2008-12-19,0.187
2008-12-24,0.175
2009-01-02,0.166
2009-01-09,0.168
2009-01-16,0.165
2009-01-23,0.151
2009-01-30,0.157
2009-02-06,0.153
2009-02-13,0.154
2009-02-20,0.151
2009-02-27,0.145
2009-03-06,0.13
2009-03-13,0.141
2009-03-20,0.13
2009-03-27,0.106
2009-04-03,0.111
2009-04-09,0.109
2009-04-17,0.108
2009-04-24,0.1
2009-04-30,0.102
2009-05-08,0.103
2009-05-15,0.099
2009-05-22,0.136
2009-05-29,0.172
2009-06-05,0.249
2009-06-12,0.271
2009-06-19,0.253
2009-06-26,0.264
2009-07-03,0.265
2009-07-10,0.268
2009-07-17,0.274
2009-07-24,0.268
2009-07-31,0.261
2009-08-07,0.25
2009-08-14,0.252
2009-08-21,0.25
2009-08-28,0.246
2009-09-04,0.211
2009-09-11,0.223
2009-09-18,0.207
2009-09-25,0.193
2009-10-02,0.193
2009-10-09,0.193
2009-10-16,0.193
2009-10-23,0.198
2009-10-30,0.192
2009-11-06,0.19
2009-11-13,0.201
2009-11-20,0.183
2009-11-27,0.181
2009-12-04,0.184
2009-12-11,0.183
2009-12-18,0.18
2009-12-24,0.178
2009-12-31,0.175
2010-01-08,0.195
2010-01-15,0.18
2010-01-22,0.174
2010-01-29,0.171
2010-02-05,0.174
2010-02-12,0.177
2010-02-19,0.175
2010-02-26,0.172
2010-03-05,0.183
2010-03-12,0.189
2010-03-19,0.229
2010-03-26,0.247
2010-04-01,0.259
2010-04-09,0.258
2010-04-16,0.252
2010-04-23,0.249
2010-04-30,0.235
2010-05-07,0.231
2010-05-14,0.231
2010-05-20,0.208
2010-05-28,0.22
2010-06-04,0.216
2010-06-11,0.204
2010-06-18,0.199
2010-06-25,0.195
2010-07-02,0.193
2010-07-09,0.202
2010-07-16,0.204
2010-07-23,0.216
2010-07-30,0.235
2010-08-06,0.181
2010-08-13,0.179
2010-08-20,0.183
2010-08-27,0.179
2010-09-03,0.183
2010-09-10,0.183
2010-09-17,0.186
2010-09-24,0.186
2010-09-30,0.19
2010-10-08,0.19
2010-10-15,0.179
2010-10-22,0.177
2010-10-29,0.175
2010-11-05,0.177
2010-11-12,0.175
2010-11-19,0.171
2010-11-26,0.162
2010-12-03,0.168
2010-12-10,0.168
2010-12-17,0.168
2010-12-24,0.186
2010-12-31,0.201
2011-01-07,0.201
2011-01-14,0.201
2011-01-21,0.216
2011-01-28,0.231
2011-02-02,0.231
2011-02-11,0.228
2011-02-18,0.228
2011-02-25,0.224
2011-03-04,0.22
2011-03-11,0.22
2011-03-18,0.198
2011-03-25,0.213
2011-04-01,0.213
2011-04-08,0.211
2011-04-15,0.211
2011-04-21,0.209
2011-04-29,0.205
2011-05-06,0.207
2011-05-13,0.203
2011-05-20,0.224
2011-05-27,0.224
2011-06-03,0.22
2011-06-10,0.216
2011-06-17,0.213
2011-06-24,0.207
2011-06-30,0.211
2011-07-08,0.207
2011-07-15,0.205
2011-07-22,0.207
2011-07-29,0.203
2011-08-05,0.198
2011-08-12,0.198
2011-08-19,0.19
2011-08-26,0.181
2011-09-02,0.183
2011-09-09,0.183
2011-09-16,0.183
2011-09-23,0.183
2011-09-30,0.183
2011-10-07,0.169
2011-10-14,0.169
2011-10-21,0.153
2011-10-28,0.169
2011-11-04,0.16
2011-11-11,0.154
2011-11-18,0.138
2011-11-25,0.132
2011-12-02,0.128
2011-12-09,0.119
2011-12-16,0.106
2011-12-23,0.11
2011-12-30,0.111
2012-01-06,0.108
2012-01-13,0.108
2012-01-20,0.106
2012-01-27,0.107
2012-02-03,0.103
2012-02-10,0.107
2012-02-17,0.103
2012-02-24,0.063
2012-03-02,0.055
2012-03-09,0.045
2012-03-16,0.04
2012-03-23,0.038
2012-03-30,0.038
2012-04-05,0.038
2012-04-13,0.038
2012-04-20,0.037
2012-04-27,0.038
2012-05-04,0.037
2012-05-11,0.035
2012-05-18,0.034
2012-05-25,0.034
2012-06-01,0.033
2012-06-08,0.032
2012-06-15,0.031
2012-06-22,0.031
2012-06-29,0.031
2012-07-06,0.031
2012-07-13,0.031
2012-07-20,0.03
2012-07-27,0.03
2012-08-03,0.03
2012-08-10,0.03
2012-08-17,0.03
2012-08-24,0.03
2012-08-31,0.03
2012-09-07,0.032
2012-09-14,0.032
2012-09-21,0.03
2012-09-28,0.03
2012-10-05,0.03
2012-10-12,0.03
2012-10-19,0.03
2012-10-26,0.03
2012-11-02,0.03
2012-11-09,0.03
2012-11-16,0.03
2012-11-23,0.029
2012-11-30,0.029
2012-12-07,0.029
2012-12-14,0.029
2012-12-21,0.029
2012-12-28,0.03
2013-01-04,0.03
2013-01-11,0.03
2013-01-18,0.03
2013-01-25,0.03
2013-02-01,0.029
2013-02-08,0.028
2013-02-15,0.028
2013-02-22,0.028
2013-03-01,0.027
2013-03-08,0.028
2013-03-15,0.028
2013-03-22,0.027
2013-03-28,0.027
2013-04-05,0.028
2013-04-12,0.028
2013-04-19,0.03
2013-04-26,0.031
2013-05-03,0.032
2013-05-10,0.032
2013-05-16,0.031
2013-05-24,0.027
2013-05-31,0.028
2013-06-07,0.03
2013-06-14,0.028
2013-06-21,0.029
2013-06-28,0.029
2013-07-05,0.029
2013-07-12,0.029
2013-07-19,0.03
2013-07-26,0.032
2013-08-02,0.031
2013-08-09,0.031
2013-08-16,0.031
2013-08-23,0.029
2013-08-30,0.031
2013-09-06,0.032
2013-09-13,0.032
2013-09-19,0.032
2013-09-27,0.031
2013-10-04,0.031
2013-10-11,0.032
2013-10-18,0.033
2013-10-25,0.031
2013-11-01,0.031
2013-11-08,0.03
2013-11-15,0.03
2013-11-22,0.031
2013-11-29,0.03
2013-12-06,0.03
2013-12-13,0.029
2013-12-20,0.033
2013-12-27,0.033
2014-01-03,0.03
2014-01-10,0.031
2014-01-17,0.032
2014-01-24,0.031
2014-01-30,0.031
2014-02-07,0.03
2014-02-14,0.03
2014-02-21,0.031
2014-02-28,0.031
2014-03-07,0.031
2014-03-14,0.03
2014-03-21,0.03
2014-03-28,0.03
2014-04-04,0.03
2014-04-11,0.03
2014-04-17,0.03
2014-04-25,0.03
2014-05-02,0.03
2014-05-09,0.03
2014-05-16,0.03
2014-05-23,0.03
2014-05-30,0.03
2014-06-06,0.029
2014-06-13,0.029
2014-06-20,0.031
2014-06-27,0.03
2014-07-04,0.031
2014-07-11,0.031
2014-07-18,0.031
2014-07-25,0.031
2014-08-01,0.031
2014-08-08,0.031
2014-08-15,0.031
2014-08-22,0.03
2014-08-29,0.031
2014-09-05,0.031
2014-09-12,0.031
2014-09-19,0.031
2014-09-26,0.031
2014-10-03,0.03
2014-10-10,0.031
2014-10-17,0.03
2014-10-24,0.03
2014-10-31,0.03
2014-11-07,0.033
2014-11-14,0.032
2014-11-21,0.033
2014-11-28,0.034
2014-12-05,0.039
2014-12-12,0.034
2014-12-19,0.034
2014-12-24,0.033
2015-01-02,0.035
2015-01-09,0.035
2015-01-16,0.035
2015-01-23,0.034
2015-01-30,0.034
2015-02-06,0.034
2015-02-13,0.032
2015-02-18,0.032
2015-02-27,0.031
2015-03-06,0.031
2015-03-13,0.032
2015-03-20,0.032
2015-03-27,0.031
2015-04-02,0.032
2015-04-10,0.032
2015-04-17,0.048
2015-04-24,0.051
2015-04-30,0.052
2015-05-08,0.06
2015-05-15,0.054
2015-05-22,0.05
2015-05-29,0.045
2015-06-05,0.045
2015-06-12,0.052
2015-06-19,0.052
2015-06-26,0.052
2015-07-03,0.052
2015-07-10,0.052
2015-07-17,0.052
2015-07-24,0.052
2015-07-31,0.052
2015-08-07,0.071
2015-08-14,0.065
2015-08-21,0.061
2015-08-28,0.055
2015-09-04,0.052
2015-09-11,0.059
2015-09-18,0.06
2015-09-25,0.058
2015-10-02,0.057
2015-10-09,0.057
2015-10-16,0.058
2015-10-23,0.058
2015-10-30,0.058
2015-11-06,0.058
2015-11-13,0.057
2015-11-20,0.055
2015-11-27,0.054
2015-12-04,0.052
2015-12-11,0.051
2015-12-18,0.05
2015-12-24,0.05
2015-12-31,0.052
2016-01-08,0.048
2016-01-15,0.048
2016-01-22,0.045
2016-01-29,0.043
2016-02-05,0.042
2016-02-12,0.041
2016-02-19,0.043
2016-02-26,0.043
2016-03-04,0.045
2016-03-11,0.044
2016-03-18,0.041
2016-03-24,0.04
2016-04-01,0.04
2016-04-08,0.04
2016-04-15,0.04
2016-04-22,0.04
2016-04-29,0.039
2016-05-06,0.038
2016-05-13,0.038
2016-05-20,0.036
2016-05-27,0.037
2016-06-03,0.038
2016-06-10,0.038
2016-06-17,0.038
2016-06-24,0.038
2016-06-30,0.038
2016-07-08,0.037
2016-07-15,0.037
2016-07-22,0.036
2016-07-29,0.036
2016-08-05,0.036
2016-08-12,0.036
2016-08-19,0.036
2016-08-26,0.039
2016-09-02,0.04
2016-09-09,0.042
2016-09-15,0.044
2016-09-23,0.042
2016-09-30,0.047
2016-10-07,0.047
2016-10-14,0.046
2016-10-20,0.049
2016-10-28,0.05
2016-11-04,0.049
2016-11-11,0.048
2016-11-18,0.059
2016-11-25,0.056
2016-12-02,0.059
2016-12-09,0.051
2016-12-16,0.047
2016-12-23,0.04
2016-12-30,0.041
2017-01-06,0.041
2017-01-13,0.035
2017-01-20,0.03
2017-01-27,0.031
2017-02-03,0.032
2017-02-10,0.033
2017-02-17,0.03
2017-02-24,0.03
2017-03-03,0.028
2017-03-10,0.028
2017-03-17,0.028
2017-03-24,0.028
2017-03-31,0.027
2017-04-07,0.029
2017-04-13,0.027
2017-04-21,0.027
2017-04-28,0.027
2017-05-05,0.027
2017-05-12,0.027
2017-05-19,0.026
2017-05-26,0.026
2017-06-02,0.026
2017-06-09,0.025
2017-06-16,0.025
2017-06-23,0.025
2017-06-30,0.025
2017-07-07,0.025
2017-07-14,0.025
2017-07-21,0.025
2017-07-28,0.025
2017-08-04,0.025
2017-08-11,0.025
2017-08-18,0.025
2017-08-25,0.027
2017-09-01,0.035
2017-09-08,0.03
2017-09-15,0.034
2017-09-22,0.035
2017-09-29,0.035
2017-10-06,0.039
2017-10-13,0.043
2017-10-20,0.042
2017-10-27,0.044
2017-11-03,0.041
2017-11-10,0.04
2017-11-17,0.039
2017-11-24,0.037
2017-12-01,0.036
2017-12-08,0.035
2017-12-15,0.038
2017-12-22,0.04
2017-12-29,0.04
2018-01-05,0.042
2018-01-12,0.04
2018-01-19,0.039
2018-01-26,0.04
2018-02-02,0.039
2018-02-09,0.035
2018-02-15,0.037
2018-02-23,0.039
2018-03-02,0.039
2018-03-09,0.04
2018-03-16,0.04
2018-03-23,0.038
2018-03-29,0.038
2018-04-06,0.038
2018-04-13,0.038
2018-04-20,0.036
2018-04-27,0.036
2018-05-04,0.038
2018-05-11,0.037
2018-05-18,0.038
2018-05-25,0.038
2018-06-01,0.038
2018-06-08,0.038
2018-06-15,0.037
2018-06-22,0.036
2018-06-29,0.035
2018-07-06,0.032
2018-07-13,0.035
2018-07-20,0.034
2018-07-27,0.034
2018-08-03,0.032
2018-08-10,0.034
2018-08-17,0.034
2018-08-24,0.036
2018-08-31,0.038
2018-09-07,0.036
2018-09-14,0.036
2018-09-21,0.036
2018-09-28,0.036
2018-10-05,0.036
2018-10-12,0.035
2018-10-19,0.035
2018-10-26,0.035
2018-11-02,0.035
2018-11-09,0.035
2018-11-16,0.035
2018-11-23,0.035
2018-11-30,0.034
2018-12-07,0.034
2018-12-14,0.033
2018-12-21,0.033
2018-12-28,0.032
2019-01-04,0.032
2019-01-11,0.032
2019-01-18,0.034
2019-01-25,0.034
2019-02-01,0.034
2019-02-08,0.034
2019-02-15,0.035
2019-02-22,0.035
2019-03-01,0.035
2019-03-08,0.034
2019-03-15,0.033
2019-03-22,0.033
2019-03-29,0.032
2019-04-04,0.033
2019-04-12,0.032
2019-04-18,0.032
2019-04-26,0.032
2019-05-03,0.031
2019-05-10,0.03
2019-05-17,0.03
2019-05-24,0.029
2019-05-31,0.03
2019-06-06,0.029
2019-06-14,0.029
2019-06-21,0.03
2019-06-28,0.029
2019-07-05,0.029
2019-07-12,0.029
2019-07-19,0.029
2019-07-26,0.028
2019-08-02,0.027
2019-08-09,0.026
2019-08-16,0.026
2019-08-23,0.026
2019-08-30,0.026
2019-09-06,0.026
2019-09-13,0.026
2019-09-20,0.026
2019-09-27,0.025
2019-10-04,0.026
2019-10-11,0.025
2019-10-18,0.025
2019-10-25,0.025
2019-11-01,0.025
2019-11-08,0.026
2019-11-15,0.026
2019-11-22,0.026
2019-11-29,0.025
2019-12-06,0.025
2019-12-13,0.025
2019-12-20,0.025
2019-12-27,0.025
2020-01-03,0.025
2020-01-10,0.026
2020-01-17,0.025
2020-01-24,0.025
2020-01-31,0.024
2020-02-07,0.024
2020-02-14,0.025
2020-02-21,0.025
2020-02-28,0.024
2020-03-06,0.024
2020-03-13,0.024
2020-03-20,0.023
2020-03-27,0.023
2020-04-03,0.023
2020-04-09,0.023
2020-04-17,0.023
2020-04-24,0.023
2020-04-29,0.023
2020-05-08,0.023
2020-05-15,0.026
2020-05-22,0.028
2020-05-29,0.027
2020-06-05,0.028
2020-06-12,0.027
2020-06-19,0.028
2020-06-26,0.028
2020-07-03,0.027
2020-07-10,0.033
2020-07-17,0.033
2020-07-24,0.033
2020-07-31,0.032
2020-08-07,0.033
2020-08-14,0.033
2020-08-21,0.034
2020-08-28,0.033
2020-09-04,0.033
2020-09-11,0.037
2020-09-18,0.041
2020-09-25,0.033
2020-09-30,0.035
2020-10-09,0.038
2020-10-16,0.037
2020-10-23,0.038
2020-10-30,0.038
2020-11-06,0.039
2020-11-13,0.037
2020-11-20,0.036
2020-11-27,0.035
2020-12-04,0.033
2020-12-11,0.034
2020-12-18,0.035
2020-12-24,0.034
2020-12-31,0.034
2021-01-08,0.033
2021-01-15,0.033
2021-01-22,0.038
2021-01-29,0.038
2021-02-05,0.052
2021-02-11,0.08
2021-02-19,0.1
2021-02-26,0.095
2021-03-05,0.076
2021-03-12,0.074
2021-03-19,0.088
2021-03-26,0.082
2021-04-01,0.078
2021-04-09,0.077
2021-04-16,0.078
2021-04-23,0.075
2021-04-30,0.072
2021-05-07,0.066
2021-05-14,0.062
2021-05-21,0.067
2021-05-28,0.065
2021-06-04,0.061
2021-06-11,0.057
2021-06-18,0.054
2021-06-25,0.055
2021-07-02,0.055
2021-07-09,0.051
2021-07-16,0.045
2021-07-23,0.04
2021-07-30,0.039
2021-08-06,0.043
2021-08-13,0.046
2021-08-20,0.041
2021-08-27,0.04
2021-09-03,0.04
2021-09-10,0.038
2021-09-17,0.032
2021-09-24,0.028
2021-09-30,0.032
2021-10-08,0.034
2021-10-15,0.034
2021-10-22,0.036
2021-10-29,0.034
2021-11-05,0.03
2021-11-12,0.029
2021-11-19,0.032
2021-11-26,0.039
2021-12-03,0.037
2021-12-10,0.036
2021-12-17,0.034
2021-12-24,0.032
2021-12-31,0.036
2022-01-07,0.035
2022-01-14,0.031
2022-01-21,0.032
2022-01-28,0.033
2022-02-04,0.033
2022-02-11,0.032
2022-02-18,0.031
2022-02-25,0.032
2022-03-04,0.031
2022-03-11,0.031
2022-03-18,0.031
2022-03-25,0.03
2022-04-01,0.031
2022-04-08,0.03
2022-04-14,0.031
2022-04-22,0.03
2022-04-29,0.03
2022-05-06,0.03
2022-05-13,0.031
2022-05-20,0.031
2022-05-27,0.031
2022-06-02,0.031
2022-06-10,0.034
2022-06-17,0.035
2022-06-24,0.036
2022-06-30,0.035
2022-07-08,0.034
2022-07-15,0.033
2022-07-22,0.033
2022-07-29,0.032
2022-08-05,0.031
2022-08-12,0.031
2022-08-19,0.031
2022-08-26,0.03
2022-09-02,0.029
2022-09-09,0.03
2022-09-16,0.03
2022-09-23,0.029
2022-09-30,0.028
2022-10-07,0.029
2022-10-14,0.027
2022-10-21,0.027
2022-10-28,0.026
2022-11-04,0.027
2022-11-11,0.028
2022-11-18,0.028
2022-11-25,0.028
2022-12-02,0.028
2022-12-09,0.03
2022-12-16,0.029
2022-12-23,0.029
2022-12-30,0.03
2023-01-06,0.03
2023-01-13,0.03
2023-01-20,0.032
2023-01-27,0.032
2023-02-03,0.03
2023-02-10,0.03
2023-02-17,0.029
2023-02-24,0.03
2023-03-03,0.031
2023-03-10,0.03
2023-03-17,0.03
2023-03-24,0.031
2023-03-31,0.03
2023-04-06,0.03
2023-04-14,0.03
2023-04-21,0.029
2023-04-28,0.03
2023-05-05,0.03
2023-05-12,0.029
2023-05-19,0.028
2023-05-25,0.028
2023-06-02,0.029
2023-06-09,0.029
2023-06-16,0.029
2023-06-23,0.029
2023-06-30,0.029
2023-07-07,0.03
2023-07-14,0.032
2023-07-20,0.034
2023-07-28,0.034
2023-08-04,0.031
2023-08-11,0.029
2023-08-18,0.029
2023-08-25,0.03
2023-09-01,0.031
2023-09-08,0.031
2023-09-15,0.031
2023-09-22,0.031
2023-09-29,0.03
2023-10-06,0.03
2023-10-13,0.03
2023-10-20,0.03
2023-10-27,0.029
2023-11-03,0.029
2023-11-10,0.029
2023-11-17,0.029
2023-11-24,0.03
2023-12-01,0.029
2023-12-08,0.029
2023-12-15,0.03
2023-12-22,0.028
2023-12-29,0.029
2024-01-05,0.028
2024-01-12,0.028
2024-01-19,0.028
2024-01-26,0.027
2024-02-02,0.028
2024-02-09,0.028
2024-02-16,0.029
2024-02-23,0.028
2024-03-01,0.028
2024-03-08,0.027
2024-03-15,0.028
2024-03-22,0.031
2024-03-28,0.03
2024-04-05,0.03
2024-04-12,0.029
2024-04-19,0.028
2024-04-26,0.029
2024-05-03,0.03
2024-05-10,0.03
2024-05-17,0.031
2024-05-24,0.031
2024-05-31,0.031
2024-06-07,0.03
2024-06-14,0.031
2024-06-21,0.03
2024-06-28,0.031
2024-07-05,0.031
2024-07-12,0.031
2024-07-19,0.031
2024-07-26,0.031
2024-08-02,0.031
2024-08-09,0.031
2024-08-16,0.032
2024-08-23,0.033
2024-08-30,0.032
2024-09-05,0.031
2024-09-13,0.03
2024-09-20,0.031
2024-09-27,0.031
2024-10-04,0.032
2024-10-10,0.03
2024-10-18,0.03
2024-10-25,0.03
2024-11-01,0.03
2024-11-08,0.03
2024-11-15,0.03
2024-11-22,0.031
2024-11-29,0.03
2024-12-06,0.031
2024-12-13,0.033
2024-12-20,0.033
2024-12-27,0.033
2025-01-03,0.033
2025-01-10,0.032
2025-01-17,0.032
2025-01-24,0.033
2025-01-28,0.033
2025-02-07,0.033
2025-02-14,0.033
2025-02-21,0.032
2025-02-28,0.032
2025-03-07,0.033
2025-03-14,0.033
2025-03-21,0.033
2025-03-28,0.033
2025-04-03,0.032
2025-04-11,0.032
2025-04-17,0.03
2025-04-25,0.03
2025-05-02,0.03
2025-05-09,0.03
2025-05-16,0.031
2025-05-23,0.03
2025-05-30,0.03
2025-06-06,0.031
2025-06-13,0.03
2025-06-20,0.032
2025-06-27,0.033
2025-07-04,0.034
2025-07-11,0.037
2025-07-18,0.038
2025-07-25,0.038
2025-08-01,0.037
2025-08-08,0.036
2025-08-15,0.035
2025-08-22,0.036
2025-08-29,0.035
2025-09-05,0.035
2025-09-12,0.035
2025-09-19,0.035
2025-09-26,0.036
2025-10-03,0.036
2025-10-10,0.035
2025-10-17,0.034
2025-10-24,0.034
2025-10-31,0.035
2025-11-07,0.033
2025-11-14,0.033
2025-11-21,0.032
2025-11-28,0.033
2025-12-05,0.033
2025-12-12,0.032
2025-12-19,0.032
2025-12-24,0.032
2026-01-02,0.032
2026-01-09,0.032
2026-01-16,0.033
2026-01-23,0.032
2026-01-30,0.031
2026-02-06,0.031
2026-02-13,0.032
2026-02-20,0.031
2026-02-27,0.03
2026-03-06,0.029
2026-03-13,0.029
2026-03-20,0.028
2026-03-27,0.028
2026-04-02,0.027
2026-04-10,0.028
2026-04-17,0.028
2026-04-24,0.027
2026-04-30,0.027
2026-05-08,0.027
2026-05-15,0.027
2026-05-22,0.027
2026-05-29,0.026
2026-06-05,0.027
2026-06-12,0.027
2026-06-18,0.027
2026-06-26,0.026
2026-07-03,0.027
2026-07-10,0.028
2026-07-17,0.027
2026-07-24,0.027
2026-07-31,0.027
2026-08-07,0.027
2026-08-14,0.027
2026-08-21,0.027
2026-08-28,0.027
2026-09-04,0.026
2026-09-09,0.027
